3282300
3936520
4000980
4212480
4366330
4384550
4449460
4481850
4757580
4801440
4836540
2191280
2241940
2250500
2803490
2810210
2936290
2978410
3330210
3549020
3723050
3964430
4054480
4157430
4173970
4192200
4203270
4313410
4434250
4645200
4692030
4699920
4773930
4877890
2510020
2783370
3347200
3428570
3440070
3759670
3825860
3833430
3914860
4009450
4018550
4051900
4163030
4223010
4252290
4284560
4397180
4481560
4559110
352200
353140
353620
355340
355640
360080
360350
643670
702950
1913120
2019620
2320880
2473350
3683770
3702160
3753880
3880410
3888230
4282500
4651220
4888720
1845250
2524850
2699230
2724040
2806050
3124230
3366360
3436350
3548690
3602110
3602410
3765160
3765170
3765180
3765190
3765200
3775510
3863760
3902770
3986850
4019090
4069940
4429510
4429520
4494840
4517460
4742640
4771890
2527160
2593340
2697940
3075410
3219180
3432110
3452670
3561220
3590290
3712080
3722330
3934110
4221310
4280780
4570720
4612020
4804480
254780
663670
1605850
3574240
3620000
3780390
3951810
4113050
4144880
4573080
2962400
3041280
3766190
3808690
4134600
4140170
4210580
4350140
4500370
4518440
4549560
4643090
4651570
4748040
4757300
4826160
4834070
4878230
2712460
2981340
3012580
3150970
3219010
3265290
3319120
3371260
3372060
3486960
3548060
3565290
3601600
3618030
3641000
4095490
4169820
4348660
4430780
4660630
4787730
1281220
2097150
2646720
3453910
3709790
3826970
3999940
4331100
4411600
4449410
4478640
4500780
4549610
4554740
2569760
2722730
2963800
2990190
3237520
3427940
3515530
3767850
3891970
3971670
4039900
4044510
4144580
4308110
4563790
4656700
4698120
4705620
4764990
1466520
1864690
2952180
3067920
3140180
3357470
3400030
3523750
3600810
3607440
3757030
3825790
3831400
3834650
3920190
3923590
3929330
4049910
4169770
4211800
4371680
4424950
4532590
4575860
4617670
4625760
4800590
4851630
4911900
2377930
2939490
3044160
3046740
3126340
3284290
3554150
3711170
3850630
3942580
4018020
4090360
4175330
4293310
4380490
4517120
4535450
4564820
31300
36130
36150
38920
109700
203060
206170
213390
244750
257690
261900
270230
273590
280360
291050
294330
294340
303360
304480
305960
306260
307150
310870
311330
312360
312440
313800
318860
321980
322630
328830
329550
331210
333680
333700
334090
335310
345300
345310
348750
349050
349280
359160
360340
361790
363900
364000
364180
364380
367110
367380
371350
372350
372710
374380
375440
376450
377420
378420
379730
380660
381340
382170
385190
387260
388910
395530
395690
397380
404870
414150
414210
414310
415910
417020
419020
425600
425650
434310
435370
436660
436940
437560
437620
437930
438110
443850
445340
445710
446000
451800
453310
455670
456170
457340
458820
459020
459670
461020
461540
464730
467260
467500
467890
467910
468900
476010
480590
485680
488320
489500
490040
491640
491740
492960
492970
493640
501260
503010
506780
509900
511930
513770
516100
516320
521700
521790
524420
527000
528270
528630
528790
533050
537670
538610
539010
541810
541940
543070
543290
546110
546120
546590
548410
548470
549990
551300
553720
553950
556530
556850
558000
558720
559250
562280
562530
565070
565320
565830
565910
567080
567970
569050
569870
571160
575060
576400
577540
581080
581150
582370
584690
588350
590210
590230
590350
590860
591030
594080
598090
603660
604480
607100
610330
611810
614610
617650
618010
618990
622080
623690
630040
630690
631860
632520
635780
637750
637770
637780
637790
638720
640010
640390
644680
644820
644890
645220
647810
650390
653760
656480
656590
657190
659040
662910
664060
666090
667170
668020
668520
670730
671100
671290
671470
672030
675480
676680
677610
677910
678880
680160
680210
680560
686240
688200
688960
691910
696340
697450
699200
700270
700290
702410
703250
705510
706140
707770
709400
710360
711140
711490
711720
712350
715410
716220
717830
720330
720930
721310
722890
723290
724030
728050
730710
736330
736420
737860
738050
738830
739460
740700
741090
743520
743850
744310
745440
747820
748280
748930
749060
749280
749620
749820
750280
750300
750740
751030
752080
753240
753780
753850
754070
754670
755430
756300
756690
757100
757410
757690
757800
757960
759140
760130
760970
761180
761210
763720
765340
765370
766770
767410
768600
768850
769910
770030
770160
770600
772100
773280
773910
776420
776660
777470
777540
778630
779010
781340
781730
781850
782120
783750
785080
785810
792720
793030
795990
798800
798960
799160
804630
810320
811290
813560
814550
815480
815660
815730
816620
817100
817240
817410
818010
818580
819780
820830
821280
823000
829430
830010
831950
834210
834430
834510
835480
835620
839360
840880
840890
841010
843020
845660
849350
851840
852130
852620
853610
854130
860670
861160
861320
862520
864220
864790
865170
865410
866180
867630
868060
869230
871340
873180
875400
876190
877110
877120
877130
877590
883390
888780
889090
891790
894070
894080
895850
895880
897870
899790
912900
914930
915170
915990
917590
918780
919230
922750
925360
927180
932310
932480
934430
934920
935340
937530
938530
938710
940370
941910
942300
946570
949830
953330
953650
959770
964060
965980
967060
973180
974850
974880
978150
978610
979340
980080
981290
982990
983480
983490
991530
994660
997250
1001100
1001920
1004480
1005080
1007650
1011620
1011810
1017060
1017340
1019000
1019380
1019500
1020030
1023130
1024850
1031260
1034950
1035600
1037450
1049850
1052040
1053180
1053870
1054350
1055240
1055870
1056240
1058440
1063280
1064550
1066680
1066830
1070350
1071050
1071280
1075390
1076020
1078190
1080470
1087850
1088080
1093190
1094020
1094300
1095460
1095800
1101290
1105710
1112690
1113060
1123000
1129650
1131910
1133640
1135890
1136950
1139720
1140190
1140200
1140210
1140230
1140240
1140250
1140710
1141810
1141820
1142110
1142680
1150280
1153620
1153970
1154060
1156630
1161810
1164840
1169670
1169680
1170660
1172460
1173750
1176150
1176180
1180250
1183110
1187750
1189160
1191970
1192700
1193370
1194220
1198590
1202860
1210630
1211050
1215680
1216900
1217000
1223370
1230690
1234510
1235530
1236880
1239030
1242800
1243160
1251090
1251490
1267800
1269220
1270720
1273890
1275150
1275610
1276320
1282140
1287090
1288010
1289470
1292440
1301430
1304290
1306230
1306830
1309760
1312060
1314130
1315390
1324150
1325430
1327490
1328400
1329030
1331180
1333540
1336870
1338220
1341710
1343350
1345520
1346460
1346480
1347950
1350780
1351480
1353830
1354520
1354790
1357000
1357390
1362600
1363910
1367390
1370970
1374050
1375860
1376060
1381130
1381360
1384420
1390060
1390840
1392570
1398610
1400610
1403400
1404840
1405320
1405730
1409760
1421070
1422160
1423000
1425830
1426100
1427450
1429450
1431080
1432650
1432840
1434340
1438020
1439070
1445090
1445170
1450290
1450750
1453130
1456000
1456660
1457920
1458370
1461140
1461180
1462030
1464150
1464410
1466500
1470750
1473590
1474130
1474390
1479320
1481150
1482790
1482800
1484940
1486000
1486170
1486180
1491150
1495500
1498790
1498900
1501390
1501420
1501790
1503180
1505670
1505820
1507080
1507390
1507450
1508000
1512550
1513780
1514920
1517130
1520880
1521420
1522690
1526930
1531340
1531620
1535240
1538890
1540250
1543220
1546770
1547370
1548130
1548880
1552940
1554110
1554440
1555420
1557510
1559180
1560480
1563950
1563980
1564230
1564280
1565090
1567880
1570200
1570290
1570530
1571360
1573370
1574110
1576750
1576930
1579730
1580330
1581240
1581310
1583190
1583840
1584350
1584920
1587450
1587800
1589300
1589360
1591050
1591590
1594290
1595900
1596810
1597610
1597820
1598090
1598190
1600720
1600770
1603300
1603970
1606320
1606640
1607850
1610650
1611450
1612670
1616520
1617880
1619590
1620600
1621200
1623130
1623870
1624160
1628260
1628510
1630420
1631120
1631280
1632890
1633090
1633160
1637950
1639180
1641660
1645150
1647010
1647790
1648080
1650610
1650890
1653860
1654330
1655800
1658210
1659070
1660150
1661760
1663990
1665170
1666770
1672230
1673020
1673460
1674730
1676500
1678590
1679060
1679680
1679880
1680300
1680530
1680750
1681310
1686070
1686300
1686670
1687150
1691020
1692400
1692580
1693060
1693300
1693970
1694150
1694320
1696710
1696890
1697180
1698280
1698740
1699500
1700330
1701820
1702170
1702910
1703120
1704170
1707670
1707740
1710260
1712370
1713790
1714150
1714210
1714370
1716280
1716830
1721510
1721550
1721690
1721990
1722410
1723190
1724360
1724600
1724630
1725470
1726180
1728080
1729100
1729170
1733050
1734710
1735850
1736620
1736810
1737460
1738140
1740380
1740440
1740530
1741010
1741480
1743280
1745990
1746660
1746920
1747570
1747800
1752220
1752600
1753380
1754300
1756550
1757950
1759340
1760040
1761670
1765810
1768800
1769470
1771540
1775850
1778460
1780290
1780430
1780550
1781440
1782000
1783260
1784160
1785530
1788620
1788650
1789310
1789360
1789440
1791710
1794600
1795760
1796340
1796450
1797560
1798670
1798750
1798760
1798880
1800560
1800580
1801950
1802500
1803230
1805680
1806090
1808270
1808920
1809370
1809750
1810530
1812140
1814400
1814890
1820640
1821070
1821110
1822830
1823430
1826070
1828030
1828750
1829000
1829010
1830190
1830530
1832260
1833130
1833340
1833560
1833620
1834410
1834430
1834640
1834940
1835100
1836520
1837590
1837840
1838600
1839050
1839780
1841200
1846030
1848360
1848580
1849840
1850860
1851720
1852300
1853990
1855160
1856510
1857840
1859070
1859090
1859120
1859150
1860040
1860610
1861040
1861410
1861940
1862630
1862820
1863030
1863170
1864440
1864530
1865120
1865420
1865650
1866570
1866710
1867470
1868310
1868820
1869560
1870670
1870790
1871110
1871450
1871530
1871840
1874460
1874840
1877300
1877410
1877440
1877510
1878110
1880430
1883530
1884690
1885790
1886010
1886600
1887630
1888200
1888270
1889870
1890000
1891920
1892330
1893730
1893960
1893980
1895960
1896420
1896870
1897250
1899990
1901740
1905230
1906600
1906860
1907290
1908220
1909260
1909430
1909740
1910820
1912630
1914330
1914530
1917460
1917950
1918470
1918710
1919530
1920120
1920210
1921880
1922770
1923640
1923900
1924460
1925450
1926180
1927400
1928160
1931470
1935430
1936300
1936860
1937720
1939810
1940350
1941070
1941430
1941660
1941700
1941870
1943020
1943470
1943480
1943870
1943880
1943980
1944440
1944760
1944810
1945640
1946170
1946260
1948220
1950630
1950640
1950670
1950720
1953370
1953840
1954250
1955410
1958530
1958620
1959050
1959970
1960610
1961230
1961250
1962090
1962150
1962220
1962930
1963080
1963730
1963750
1963760
1964670
1966240
1967400
1968500
1968520
1968540
1969230
1969410
1969530
1970010
1970510
1970840
1971190
1971790
1971930
1972880
1973230
1973250
1973260
1973270
1973670
1973680
1975860
1978460
1979340
1979430
1979610
1980470
1982180
1982640
1982650
1983550
1985240
1985950
1986250
1986380
1986440
1987330
1987350
1989140
1989290
1989310
1989780
1991010
1993160
1993440
1993600
1993670
1993940
1995340
1995840
1996780
1997010
1998170
1998320
1998380
2000480
2000490
2000570
2002200
2002520
2002670
2003150
2005260
2005710
2006390
2006700
2006770
2007270
2007520
2007700
2007740
2007880
2009180
2009930
2010200
2011080
2012340
2012570
2012890
2013440
2013720
2013770
2015170
2016840
2017730
2017920
2019050
2020120
2020590
2020950
2021040
2022060
2022650
2023970
2024840
2025000
2025770
2025970
2026020
2027850
2050140
2050600
2053050
2053060
2053340
2053890
2053990
2054230
2054510
2054600
2055470
2055720
2057110
2057220
2058370
2058660
2059630
2060670
2061050
2061140
2061300
2061360
2061720
2062160
2062190
2062750
2063710
2064230
2065180
2065420
2066220
2067150
2067280
2068050
2068820
2068850
2069180
2069350
2069680
2070220
2070500
2071010
2071240
2071420
2071460
2071710
2071770
2072480
2072520
2072830
2073750
2073760
2074190
2074970
2075250
2075760
2075820
2076510
2076920
2077120
2077700
2078480
2078530
2078600
2078710
2079110
2079160
2079530
2080420
2080480
2080510
2081090
2081360
2082040
2082730
2083130
2083330
2083960
2085320
2085450
2085600
2085860
2086130
2086190
2086910
2087850
2087860
2087870
2088120
2088420
2088430
2088440
2088450
2088460
2089620
2090050
2090460
2090700
2095010
2095150
2095170
2095600
2095800
2096820
2096960
2097090
2097200
2097790
2097830
2097900
2098080
2098390
2098600
2098930
2099190
2099350
2099510
2101070
2101690
2103950
2104430
2104910
2105610
2105670
2106080
2106590
2107640
2107740
2107920
2108430
2109650
2110440
2110520
2111770
2112550
2112990
2113030
2113180
2113210
2113230
2113250
2113300
2114170
2114430
2114830
2114860
2115490
2115860
2117520
2118550
2118690
2119570
2119630
2120240
2120820
2121630
2121910
2122700
2122980
2123110
2123420
2123630
2124210
2124760
2124900
2125140
2125270
2125920
2126830
2127550
2128400
2128610
2128630
2128760
2129780
2130440
2130510
2131520
2135510
2135740
2135780
2135890
2135920
2136310
2136320
2136470
2136860
2136890
2136970
2137000
2137150
2137570
2138380
2138400
2139500
2140080
2140110
2142030
2143280
2143590
2144120
2144990
2145030
2145230
2146100
2146270
2146760
2147420
2147550
2148080
2150100
2150180
2150700
2150740
2150760
2150800
2151360
2151530
2151740
2152030
2152410
2153810
2153850
2153880
2153900
2153950
2153970
2154000
2154030
2154040
2154130
2154430
2154950
2155680
2155760
2156540
2156590
2156630
2157290
2157540
2157670
2158190
2158880
2160250
2160710
2160800
2161330
2161660
2161730
2162210
2162220
2162770
2163790
2164580
2164740
2164880
2165300
2165560
2165600
2165650
2166220
2167380
2167660
2168000
2168770
2168830
2169160
2169230
2170170
2170320
2170350
2170490
2170580
2170860
2172620
2173200
2175110
2175790
2176000
2176020
2177630
2177940
2178820
2180310
2180570
2180580
2181600
2181710
2181750
2181840
2181880
2182200
2182870
2183370
2183920
2184970
2186900
2187060
2188220
2188260
2189110
2189540
2189930
2190070
2190180
2190410
2190500
2191180
2191230
2191370
2191530
2192120
2192460
2192530
2192640
2192660
2193030
2193370
2193670
2193990
2194740
2194910
2195050
2196050
2196320
2197830
2198280
2199820
2200760
2201420
2201830
2204360
2204450
2204820
2204840
2204950
2205130
2205470
2206180
2206230
2206310
2206480
2207840
2208220
2208960
2209880
2210410
2210630
2212250
2212280
2212490
2212600
2213450
2213460
2213610
2213640
2213880
2213910
2214860
2215280
2215340
2216600
2217060
2218340
2218830
2218950
2219020
2219150
2219370
2219830
2221230
2221280
2221740
2222420
2222710
2222770
2222860
2223010
2223320
2223380
2223580
2223920
2224200
2224330
2224510
2224760
2224900
2225890
2226090
2226350
2226500
2226940
2226960
2227410
2227440
2227500
2228320
2229050
2229320
2229380
2230250
2230330
2230790
2231130
2231630
2232240
2232260
2232660
2234440
2234570
2234640
2234920
2238210
2238660
2239850
2239860
2240370
2240410
2240440
2240450
2240470
2241250
2241990
2242090
2242360
2242610
2242660
2243700
2244030
2244100
2244830
2245210
2245300
2245630
2246820
2247340
2247610
2247850
2249960
2251570
2251680
2252560
2256160
2256650
2260310
2260350
2262180
2262340
2264200
2265530
2270720
2271160
2272220
2274820
2276110
2276270
2277490
2277500
2280810
2281130
2282990
2283390
2283490
2285340
2287600
2289080
2289120
2289550
2292810
2293300
2293320
2293880
2295020
2296120
2297160
2298880
2300110
2300380
2301330
2301750
2303500
2306050
2307780
2308750
2310030
2310190
2310660
2312190
2312340
2313210
2313570
2315830
2318760
2320460
2322110
2322120
2322130
2325660
2326640
2326650
2327080
2327140
2327580
2328260
2329120
2330320
2330990
2331810
2339260
2339380
2341860
2341870
2342230
2343250
2345050
2345380
2346390
2347090
2351160
2352050
2352260
2353220
2354040
2354970
2355070
2355330
2361360
2361530
2362560
2363440
2364290
2364540
2367730
2367740
2367750
2367770
2367790
2370950
2372080
2372250
2373180
2374820
2375610
2379350
2381940
2382000
2382110
2382120
2382130
2382140
2382150
2382160
2382170
2382200
2383620
2385510
2389530
2391090
2395300
2397700
2399070
2402770
2403450
2404330
2404490
2405050
2405900
2410820
2412090
2412190
2415770
2416720
2418740
2420230
2420820
2421560
2421690
2421880
2422590
2423080
2424630
2426330
2427790
2429710
2430860
2431030
2438190
2442560
2443140
2444140
2450780
2451140
2453600
2453700
2454020
2456130
2459170
2461190
2461760
2462890
2463080
2463570
2463720
2463730
2464900
2467310
2468440
2469030
2471550
2472200
2472870
2479150
2480780
2480850
2481050
2483930
2486620
2488650
2490080
2490310
2490750
2490900
2492300
2494860
2495290
2495570
2495660
2495670
2499130
2499940
2500780
2502420
2504610
2505820
2507540
2508150
2508230
2511230
2511760
2512750
2513470
2517340
2518010
2520920
2521100
2521460
2524340
2526060
2526370
2528610
2534480
2541520
2548050
2555970
2557860
2559070
2560020
2563920
2567920
2568930
2571170
2577150
2577930
2579000
2583530
2586310
2588180
2590790
2594480
2601820
2602000
2609070
2621120
2622850
2631090
2632620
2633840
2635290
2640240
2641910
2643620
2645600
2646740
2647500
2648680
2648690
2651910
2653250
2653720
2653830
2661120
2662740
2664270
2664280
2666220
2667080
2670470
2670940
2677960
2678710
2681240
2685630
2686680
2693070
2694970
2695130
2696420
2697430
2701310
2703060
2703400
2703770
2704290
2706250
2706560
2709370
2713520
2721690
2722120
2724440
2726980
2728330
2730820
2745260
2749380
2751850
2752340
2756580
2761990
2763200
2767010
2767220
2770190
2774650
2782060
2784380
2784770
2785350
2788430
2798420
2800640
2802100
2803110
2813290
2814260
2815470
2819100
2819870
2820580
2820840
2823690
2826860
2828420
2831070
2831320
2832300
2832510
2834430
2835240
2836630
2837980
2843030
2843520
2848190
2850890
2852260
2854250
2857900
2862210
2863350
2868490
2869030
2870600
2870660
2874590
2874970
2875490
2875500
2875780
2876200
2877000
2880240
2883250
2883690
2888690
2889510
2890230
2891160
2894100
2904930
2906300
2908470
2908840
2910140
2912900
2914170
2916470
2917760
2919870
2920010
2923920
2924760
2925580
2925990
2926880
2928750
2929310
2929530
2929820
2930270
2931270
2931850
2932590
2935750
2936130
2940070
2940410
2941360
2944670
2945730
2947140
2947350
2948510
2949090
2953860
2954380
2955650
2956600
2957860
2962210
2962250
2963560
2965180
2967180
2968680
2971300
2974740
2975190
2975480
2975660
2977130
2977290
2977510
2979710
2980410
2987730
2990460
2991540
2992490
2996190
2996390
2998590
3000850
3001370
3001900
3002140
3003720
3003820
3004530
3005540
3006020
3007380
3007570
3010910
3012660
3012800
3012830
3013430
3013500
3017090
3017400
3017410
3019930
3020570
3020870
3021370
3021440
3021650
3024660
3025150
3025330
3026480
3026620
3028060
3028900
3031110
3032950
3033710
3034590
3038010
3038190
3038820
3042560
3044180
3044970
3045240
3046760
3049000
3058200
3059640
3060470
3062650
3064950
3065160
3069900
3070490
3071210
3071770
3072690
3073740
3074230
3075720
3077650
3082870
3083360
3084740
3088050
3088900
3089340
3091150
3094050
3103000
3105430
3110430
3110690
3110840
3115370
3118330
3119250
3120160
3124030
3124740
3125820
3134010
3134590
3135160
3135270
3138640
3139690
3141840
3143920
3144440
3146270
3146690
3147380
3147480
3148360
3148940
3153360
3153910
3155010
3159320
3163110
3163120
3163770
3165320
3170580
3170590
3171380
3175300
3179990
3180470
3182340
3184510
3185510
3189660
3191110
3191970
3195370
3196290
3196510
3196620
3196840
3197210
3201610
3202490
3204310
3206260
3210670
3211540
3214570
3215270
3215820
3217320
3221190
3222680
3225480
3226580
3227140
3227260
3229860
3232190
3237320
3243720
3248920
3252590
3252730
3256970
3260110
3261200
3262190
3265310
3266470
3272360
3272860
3275610
3277200
3280100
3280810
3281400
3282440
3285780
3286190
3292520
3292550
3293800
3294360
3297650
3298880
3299710
3300300
3303370
3303680
3305970
3309730
3310220
3311550
3314240
3314450
3316650
3319370
3319710
3322930
3327150
3328820
3332690
3337160
3337920
3340160
3340940
3341110
3343570
3344280
3344400
3348270
3348510
3351110
3354250
3356090
3359250
3359360
3362040
3363980
3366130
3370940
3371140
3371220
3377170
3377720
3381970
3383850
3384020
3390780
3391140
3391210
3391930
3393340
3394040
3395720
3396140
3398560
3399480
3401750
3404050
3407700
3408830
3409560
3410980
3411540
3416380
3419440
3419770
3419870
3420180
3421100
3421560
3423440
3423500
3427870
3429770
3430140
3430330
3431030
3431050
3431820
3433440
3434150
3435650
3435950
3439210
3442380
3442740
3442920
3443650
3445720
3445970
3452390
3453290
3453610
3454930
3456340
3458750
3458860
3466280
3469010
3472860
3473580
3474140
3475080
3477170
3477970
3478690
3480980
3482350
3484210
3485730
3486250
3487020
3487830
3489630
3500080
3500450
3502670
3504770
3505450
3505640
3507220
3513990
3515540
3518390
3518850
3521330
3524000
3532650
3532720
3541450
3545210
3555840
3561070
3561260
3563480
3565010
3569240
3571640
3574770
3583680
3585430
3593500
3593580
3595430
3597000
3597990
3600050
3600310
3600800
3603070
3603890
3604020
3605340
3609910
3610810
3612800
3615020
3619600
3621560
3625390
3626730
3628560
3634700
3636730
3636900
3637080
3637340
3638350
3641180
3651160
3651980
3652570
3652630
3654580
3655710
3659560
3667060
3668430
3673750
3675690
3675700
3677580
3679740
3685030
3685920
3689150
3692530
3694580
3699600
3702810
3705980
3710460
3712860
3714740
3715720
3717150
3717700
3724750
3725090
3725620
3726380
3726420
3731850
3736680
3737600
3738960
3740360
3741570
3741730
3749790
3750980
3752770
3754180
3756210
3756570
3758560
3760600
3760620
3766620
3768110
3771070
3771260
3777400
3778260
3779430
3780420
3783850
3785300
3787620
3788080
3789090
3790650
3795670
3799260
3799510
3804520
3806080
3810870
3811040
3811520
3811890
3812620
3813240
3814850
3817170
3818780
3823660
3824170
3824270
3824820
3826240
3826350
3828430
3829920
3831060
3832250
3833180
3836580
3838760
3841480
3842430
3843920
3844910
3845300
3846730
3847950
3848580
3848660
3851320
3851870
3854270
3854340
3856100
3857180
3859030
3859340
3859690
3861140
3866220
3866300
3867650
3870040
3872620
3873150
3875850
3876030
3877100
3877750
3880290
3885520
3886690
3887220
3891580
3896280
3897530
3898070
3904960
3907500
3907530
3910560
3911690
3913180
3914200
3914250
3916370
3917180
3917590
3919380
3919940
3924270
3924580
3926250
3927680
3929930
3929940
3930070
3931010
3932010
3937130
3938150
3938760
3938820
3940800
3940900
3942130
3942610
3943210
3943850
3948650
3950030
3950890
3951260
3953060
3953330
3953350
3954540
3955460
3957560
3959570
3960410
3964280
3966010
3972580
3973060
3974050
3974390
3975380
3978460
3979300
3980300
3982540
3983390
3983690
3983820
3983830
3983850
3988830
3989410
3990040
3990520
3992100
3992660
3999060
3999430
4001910
4003280
4005830
4007150
4008500
4011240
4011720
4013260
4015110
4015120
4020280
4021020
4022650
4022710
4023550
4024600
4024870
4025600
4031880
4032790
4034230
4035060
4040530
4042460
4042490
4042520
4048060
4048730
4050610
4054290
4055440
4056710
4061070
4064920
4065400
4066290
4068650
4070200
4072280
4072600
4075600
4078150
4079150
4079900
4080410
4081260
4085830
4086070
4086320
4086740
4087390
4089820
4090640
4090730
4094260
4096100
4097090
4097130
4097540
4098570
4098650
4100340
4102210
4108710
4110480
4110740
4113410
4113990
4116770
4116930
4117320
4117500
4119130
4119480
4120600
4120610
4121420
4121820
4122140
4122770
4125120
4125130
4125140
4128200
4132740
4132800
4134130
4136740
4147810
4148390
4152730
4153370
4154540
4155860
4155910
4156820
4157240
4160020
4160290
4161380
4162630
4163330
4165040
4170050
4176340
4179270
4180610
4182200
4182560
4182690
4183970
4185250
4186830
4188100
4188460
4190260
4193800
4194020
4197100
4201020
4201810
4203010
4204040
4204360
4210410
4212530
4212800
4219490
4219730
4220670
4220820
4223690
4223870
4223880
4228250
4230960
4233180
4233650
4235110
4236710
4238600
4241560
4247380
4247690
4248860
4250230
4257320
4257960
4259560
4262910
4267330
4267970
4269130
4270980
4277940
4277950
4283810
4286180
4286400
4289690
4296130
4301270
4302680
4311180
4311240
4312440
4325740
4325780
4347060
4349730
4372900
4375960
4487330
4521370
4530880
4628740
2186460
2244210
3561030
3771660
4583320
3751950
4011180
4119420
4159250
4293850
4508340
4532140
4578490
1454370
2225060
2334330
2432240
3077660
3564340
3574020
3970920
3977220
4080030
4249120
4361210
4598520
4698860
4745390
4797840
4815720
4849330
4855960
2749950
2826070
2954030
3272820
2679100
3026730
3748020
3906920
4156370
4184080
4348800
4417720
4490130
4490200
4562150
4566250
4574320
4755260
2912550
3103960
3116500
3413000
3851110
3926180
3941450
3941610
3941620
3941630
3941640
4018670
4018680
4018690
4018700
4018720
4145000
4145010
4145020
4145030
4145040
4145050
4145060
4145070
4145080
4173760
4249110
4270570
4474310
4474320
4558470
4558490
4640380
4640430
1011870
1097410
2496590
2742710
3432650
3557230
3691920
3736420
3764180
4019830
4161550
4218020
4354300
4632570
4745480
2417470
2830090
2943180
3113730
3396290
3576350
3633750
3672920
4009000
4144680
4174600
4175440
4254300
4257900
4400130
4421510
4485290
4511370
4528830
4560490
4583050
4644260
4683470
4687240
4718750
4785790
1281640
2327720
2352670
2535950
3349980
3697230
3759060
3834820
3872750
3879390
3879410
3879430
3879440
4463660
4496710
4612910
4719730
4773840
10
20
30
40
50
60
70
80
130
220
240
300
320
360
400
440
500
550
570
620
630
660
730
1200
1250
1300
1500
1510
1520
1530
1600
1610
1630
1640
1670
1690
1700
1840
1900
1930
2100
2200
2210
2270
2280
2310
2320
2400
2450
2500
2520
2540
2590
2600
2610
2620
2630
2640
2700
2710
2720
2800
2810
2820
2840
2850
2870
2900
2910
2920
2990
3010
3020
3050
3130
3170
3230
3260
3270
3300
3310
3320
3330
3340
3350
3360
3380
3390
3400
3410
3420
3430
3450
3460
3480
3490
3500
3510
3520
3530
3540
3560
3570
3580
3590
3600
3610
3620
3700
3710
3720
3730
3800
3810
3820
3830
3900
3910
3920
3960
3980
3990
4000
4100
4230
4290
4300
4420
4460
4470
4520
4530
4560
4570
4700
4770
4780
4800
4850
4870
4880
4890
4900
4920
6000
6010
6020
6030
6040
6060
6080
6100
6120
6200
6210
6220
6250
6270
6300
6310
6370
6400
6420
6510
6600
6800
6810
6830
6840
6850
6860
6870
6880
6900
6910
6920
6980
7000
7010
7020
7110
7200
7210
7220
7260
7340
7510
7520
7530
7600
7610
7620
7650
7660
7670
7730
7760
7770
7800
7830
7840
7860
7940
8000
8040
8060
8080
8100
8140
8170
8190
8330
8400
8500
8600
8660
8690
8790
8800
8850
8870
8880
8890
8930
8970
9010
9060
9180
9200
9340
9350
9420
9460
9480
9500
9710
9730
9760
9800
9850
9880
9900
9940
9960
9970
9980
10090
10100
10110
10120
10130
10140
10150
10180
10220
10230
10240
10250
10260
10270
10460
10500
10520
10680
11020
11040
11050
11130
11140
11150
11180
11190
11200
11230
11240
11250
11260
11280
11340
11370
11390
11450
11480
11550
11610
12130
12140
12150
12200
12210
12220
12310
12320
12330
12360
12390
12420
12430
12440
12450
12460
12470
12480
12500
12510
12520
12530
12540
12560
12570
12580
12590
12600
12640
12650
12660
12670
12690
12710
12810
12900
13000
13500
13520
13530
13540
13560
13570
13580
13600
13620
13630
15000
15080
15100
15120
15160
15170
15190
15200
15210
15240
15300
15320
15350
15370
15380
15390
15400
15500
15520
15560
15620
15700
15710
15740
15750
15800
15900
15910
15920
15930
15960
15970
16000
16020
16030
16040
16060
16100
16110
16120
16130
16180
16200
16300
16450
16500
16600
16620
16710
16720
16730
16810
16860
16870
16900
17100
17120
17140
17180
17330
17390
17410
17440
17460
17470
17480
17500
17570
17580
17710
17740
18000
18020
18040
18050
18070
18080
18120
18300
18400
18420
18430
18470
18480
18500
18520
18600
18700
19000
19020
19030
19080
19200
19320
19500
19680
19800
19810
19830
19900
19980
20200
20500
20530
20540
20550
20700
20710
20820
20900
20920
21000
21010
21030
21090
21100
21130
21300
21500
21660
21670
21680
21690
21780
21800
21970
21980
22000
22100
22120
22130
22140
22180
22200
22230
22300
22310
22320
22330
22340
22350
22370
22380
22400
22410
22420
22430
22440
22450
22470
22490
22500
22520
22600
22610
22630
22650
22670
23150
23300
23380
23400
23420
23450
23460
23490
23500
23530
23600
23700
24010
24070
24200
24240
24400
24410
24420
24440
24460
24480
24720
24780
24790
24800
24810
24880
25000
25010
25500
25600
25620
25700
25800
25810
25830
25850
25890
25900
25910
25930
25940
25960
25980
25990
26000
26300
26500
26800
26900
27000
27020
27050
27200
27400
27800
27810
27900
27920
27940
28000
28010
29120
29130
29160
29180
29800
29900
31100
31170
31270
31700
31800
31810
31820
31830
31840
31850
31860
31870
31880
31890
31900
31910
31920
31930
32000
32110
32120
32140
32150
32160
32200
32310
32330
32340
32350
32360
32370
32380
32390
32430
32440
32450
32460
32470
32500
32510
32610
32620
32630
32640
32650
32660
32680
32710
32720
32730
32740
32750
32760
32770
32900
33100
33110
33120
33130
33180
33220
33230
33320
33390
33460
33520
33540
33550
33570
33580
33600
33610
33620
33650
33660
33670
33680
33700
33710
33720
33730
33750
33760
33770
33780
33790
33900
33930
33950
33980
33990
34010
34030
34190
34410
34420
34500
34600
34630
34640
34800
34810
34820
34830
34870
34900
34920
35000
35030
35070
35080
35090
35130
35140
35300
35310
35320
35450
35460
35480
35600
35700
35720
35800
36000
36900
36910
37000
37210
37220
37230
37240
37260
37280
37290
37300
37310
37320
37330
37340
37360
37370
37380
37390
37400
37500
37600
37800
38000
38070
38080
38090
38100
38110
38120
38130
38140
38150
38160
38170
38180
38190
38210
38230
38400
38410
38420
38430
38440
38450
38460
38480
38490
38600
38700
38720
38740
39000
39110
39120
39150
39160
39190
39200
39210
39270
39500
39510
39520
39530
39540
39550
39560
39630
39640
39650
39660
39670
39680
39690
39800
39900
40100
40200
40210
40300
40320
40330
40340
40350
40380
40390
40400
40420
40500
40700
40720
40800
40930
40950
40960
40970
40980
40990
41000
41050
41060
41070
41100
41300
41400
41500
41660
41680
41730
41740
41800
41900
42000
42120
42140
42170
42200
42210
42220
42230
42500
42670
42680
42700
42800
42810
42820
42850
42890
42900
42910
42920
42930
42940
42950
42960
42980
42990
43000
43100
43190
43500
43600
44100
44600
44620
44650
44660
44670
44680
44690
45100
45200
45300
45400
45410
45420
45450
45720
45740
45750
45760
45770
46000
46200
46250
46260
46270
46280
46290
46340
46350
46360
46370
46380
46400
46410
46440
46450
46460
46480
46490
46500
46510
46520
46540
46550
46560
46570
46600
46700
46710
46720
46730
46740
46750
46760
46770
46790
46830
46840
46850
47110
47120
47130
47400
47410
47700
47780
47790
47810
47890
47920
47930
48000
48110
48150
48190
48220
48240
48700
48720
48800
48900
48950
49000
49300
49310
49320
49330
49520
49540
49600
49800
49810
49900
50000
50130
50510
50620
50910
50920
50930
50940
50960
50970
50980
50990
51000
51010
51020
51030
51060
55000
55020
55040
55100
55110
55140
55150
55230
57000
57200
57300
57600
57620
57650
57680
57690
57700
57730
57740
57800
57900
58200
58230
58400
58550
58560
58570
58610
60340
60350
60600
60700
60800
61100
61310
61500
61510
61520
61600
61730
62000
62100
63000
63110
63200
63380
63500
63610
63620
63630
63640
63650
63660
63700
63710
63800
63900
63910
63940
63950
63960
64000
65070
65080
65200
65250
65300
65400
65500
65530
65540
65560
65600
65610
65700
65720
65730
65740
65780
65790
65800
65930
65980
66000
67000
67370
70000
70100
70110
70120
70300
70400
70420
70500
70600
70620
70640
70650
70660
70900
71000
71250
71340
72000
72400
72730
72740
72750
72760
72770
72840
72900
73010
73020
73170
73190
73210
78000
80000
80010
80200
80300
80310
80330
80340
80350
80360
90200
90210
90400
91100
91200
91330
91600
91700
91800
91810
91900
92000
92100
92300
92400
92600
92620
92700
92800
92900
93200
94000
94200
94300
94400
94590
94600
94610
94620
95300
95400
95700
95900
96000
96100
96200
96800
96900
97000
97110
97120
97130
98100
98200
98210
98300
98400
98500
98600
98800
98820
98900
99100
99120
99300
99400
99410
99610
99700
99900
99910
100400
102200
102400
102500
102600
102810
102840
102850
104000
104020
104100
104200
104600
104900
105000
105100
105300
105420
105600
105700
105800
106000
107100
107200
107300
107310
107410
107600
108110
108500
108600
108700
108710
108800
109200
109500
109600
110400
110500
110600
110610
110630
110800
111000
111010
111100
111300
111400
111600
111800
112100
113020
113200
113400
113420
115100
115110
115120
115200
115210
115220
115320
115800
116100
116120
200010
200020
200080
200130
200150
200170
200190
200210
200230
200260
200370
200390
200410
200440
200490
200510
200550
200610
200620
200670
200710
200860
200890
200900
200910
200960
200980
200990
201000
201010
201070
201210
201230
201270
201290
201310
201330
201420
201480
201490
201510
201570
201790
201810
201870
202130
202170
202200
202310
202370
202410
202450
202520
202530
202570
202650
202670
202690
202710
202730
202750
202860
202970
203140
203160
203210
203290
203340
203350
203560
203630
203650
203750
203770
203830
203990
204030
204060
204100
204120
204180
204220
204240
204290
204300
204340
204360
204380
204390
204440
204450
204530
204560
204580
204630
204860
204880
204900
204940
205020
205060
205070
205080
205100
205230
205530
205550
205610
205630
205650
205690
205710
205730
205810
205830
205840
205870
205910
205990
206020
206040
206060
206190
206230
206250
206370
206410
206420
206440
206480
206500
206610
206690
206710
206720
206760
207000
207020
207040
207080
207090
207140
207170
207190
207230
207250
207320
207350
207420
207430
207490
207530
207570
207610
207620
207650
207660
207670
207690
207710
207730
207750
207790
207930
208110
208140
208200
208280
208300
208350
208370
208400
208460
208470
208520
208570
208580
208600
208620
208630
208640
208650
208670
208710
208730
208740
208750
209000
209060
209080
209120
209160
209190
209230
209330
209360
209370
209460
209540
209610
209630
209650
209670
209690
209730
209750
209790
209830
209850
209950
210170
210230
210770
210900
210950
210970
211010
211050
211070
211160
211180
211260
211280
211340
211360
211400
211440
211500
211580
211600
211740
211780
211800
211820
211900
211970
211990
212010
212030
212050
212070
212110
212160
212200
212410
212480
212500
212630
212680
212700
212710
212780
212800
212890
213030
213330
213350
213610
213650
213670
213930
214100
214150
214170
214340
214360
214420
214490
214510
214530
214550
214560
214570
214590
214700
214730
214770
214790
214830
214870
214910
214930
214950
214970
214980
214990
215000
215080
215100
215160
215200
215240
215280
215310
215370
215450
215470
215510
215530
215550
215630
215670
215690
215710
215770
215790
215870
215930
216090
216130
216150
216210
216260
216290
216330
216670
216890
216910
216930
217100
217120
217140
217200
217270
217290
217300
217690
217750
217790
217920
217980
218020
218040
218060
218090
218100
218230
218410
218510
218620
218640
218660
218680
218700
218740
218760
218780
218820
219070
219130
219150
219190
219200
219380
219440
219640
219680
219700
219740
219760
219780
219830
219890
219910
219990
220090
220160
220200
220240
220260
220420
220440
220460
220660
220700
220740
220780
220820
220860
220900
221020
221040
221100
221180
221220
221260
221380
221540
221640
221680
221810
221830
221910
222140
222160
222180
222240
222380
222420
222440
222480
222500
222520
222550
222570
222580
222590
222610
222630
222640
222660
222730
222750
222880
222980
223000
223100
223180
223220
223330
223410
223430
223450
223470
223490
223510
223630
223710
223730
223750
223770
223790
223810
223830
223850
224000
224040
224180
224260
224280
224300
224460
224480
224500
224760
224820
224860
224900
224940
224960
224980
225000
225020
225080
225160
225200
225260
225280
225300
225320
225340
225360
225420
225430
225540
225600
225640
225700
225840
226100
226120
226280
226350
226370
226390
226560
226620
226660
226670
226700
226720
226740
226780
226820
226840
226860
226960
227000
227020
227060
227080
227090
227100
227160
227180
227200
227220
227260
227300
227310
227380
227560
227580
227600
227760
227780
227860
228180
228200
228260
228280
228300
228320
228360
228380
228440
228760
228960
229080
229480
229520
229560
229580
229600
229630
229750
229810
229870
229890
229950
229970
230050
230070
230150
230190
230210
230230
230270
230290
230330
230350
230410
230650
230690
230700
230760
230820
230840
230860
230880
230980
231020
231040
231060
231140
231160
231200
231310
231330
231390
231430
231720
231740
232010
232050
232090
232430
232530
232550
232570
232590
232750
232770
232790
232890
232910
232950
232970
232990
233110
233130
233150
233190
233210
233230
233270
233290
233310
233350
233370
233410
233450
233470
233510
233530
233550
233590
233610
233680
233700
233720
233740
233800
233840
233860
233920
233940
233960
233980
234080
234140
234160
234180
234190
234210
234230
234250
234270
234290
234330
234350
234370
234390
234490
234510
234570
234650
234670
234820
234860
234880
234900
234920
234940
235070
235210
235230
235250
235320
235360
235460
235520
235540
235580
235600
235620
235660
235700
235720
235800
235820
235900
235920
235940
235960
235980
236010
236080
236090
236110
236130
236150
236290
236370
236390
236430
236450
236490
236510
236570
236690
236730
236790
236850
236930
236970
237030
237050
237070
237090
237310
237350
237430
237470
237550
237570
237620
237630
237740
237760
237800
237810
237850
237870
237890
237930
237950
237970
237990
238010
238050
238070
238090
238240
238260
238280
238320
238370
238430
238450
238460
238530
238630
238750
238870
238890
238900
238910
238930
238950
238960
239030
239070
239090
239120
239140
239160
239200
239250
239350
239430
239550
239700
239800
239820
239840
240300
240320
240340
240360
240440
240500
240600
240620
240660
240720
240760
240820
240970
241240
241260
241280
241300
241320
241370
241410
241540
241600
241620
241660
241680
241720
241760
241910
241930
241950
242050
242110
242120
242130
242300
242310
242530
242550
242570
242630
242640
242680
242700
242720
242760
242780
242820
242840
242860
242880
242920
242940
242960
242980
243000
243020
243040
243060
243160
243200
243220
243280
243360
243450
243470
243780
243800
243930
243950
243970
244030
244050
244070
244090
244160
244210
244410
244430
244450
244590
244610
244690
244710
244730
244770
244810
244850
244870
244890
244910
244950
245010
245050
245150
245170
245220
245280
245300
245370
245390
245410
245430
245450
245470
245490
245550
245570
245580
245620
245660
245730
246010
246030
246050
246070
246090
246110
246300
246360
246420
246580
246620
246680
246720
246740
246760
246800
246820
246840
246880
246900
246920
246940
246960
246980
247000
247020
247080
247140
247240
247310
247350
247370
247430
247660
247870
247910
247930
247950
248160
248170
248190
248290
248310
248330
248350
248370
248390
248450
248470
248490
248510
248530
248550
248570
248610
248650
248710
248730
248800
248820
248860
248970
249050
249090
249110
249130
249170
249180
249190
249230
249250
249270
249290
249310
249330
249360
249550
249570
249590
249610
249630
249650
249680
249870
249920
249930
249950
249990
250030
250050
250070
250110
250180
250260
250300
250310
250320
250340
250380
250400
250420
250460
250500
250520
250560
250580
250600
250620
250680
250700
250720
250760
250810
250820
250900
250930
250990
251020
251060
251110
251130
251150
251210
251230
251270
251290
251310
251370
251410
251430
251450
251470
251490
251510
251530
251570
251590
251630
251650
251670
251690
251710
251730
251810
251830
251850
251870
251910
251950
251990
252010
252030
252050
252070
252090
252110
252130
252170
252190
252230
252250
252270
252310
252330
252350
252370
252390
252410
252430
252450
252470
252490
252530
252550
252570
252610
252630
252670
252710
252730
252750
252830
252870
252890
252910
252970
253030
253110
253150
253230
253250
253290
253310
253330
253350
253370
253390
253410
253430
253510
253570
253610
253630
253650
253690
253710
253750
253770
253790
253840
253860
253880
253900
253920
253940
253960
253980
254060
254080
254100
254200
254260
254290
254320
254370
254440
254460
254480
254590
254700
254820
254840
254860
254880
254900
254920
254940
254960
255070
255140
255160
255240
255260
255280
255300
255320
255340
255370
255390
255520
255710
255870
255940
255960
256010
256030
256070
256190
256240
256290
256330
256370
256390
256460
256520
256570
257030
257050
257070
257120
257170
257220
257260
257320
257350
257370
257400
257420
257510
257670
257710
257730
257750
257770
257790
257830
257850
257870
257970
257990
258010
258050
258070
258090
258180
258220
258270
258420
258460
258520
258640
258650
258760
258880
258890
258930
258950
258970
259040
259060
259080
259110
259130
259170
259190
259210
259220
259230
259240
259250
259260
259320
259340
259390
259410
259450
259470
259510
259530
259550
259600
259620
259640
259660
259680
259700
259720
259760
259780
259800
259810
259830
259870
259890
259900
259940
259960
259980
260000
260020
260040
260060
260080
260130
260160
260190
260210
260230
260250
260290
260330
260380
260410
260430
260510
260530
260550
260570
260650
260690
260710
260730
260750
260790
260850
260860
260880
260930
260960
261030
261050
261070
261110
261160
261180
261340
261420
261430
261470
261510
261530
261550
261570
261640
261680
261700
261720
261740
261760
261920
261940
261960
262000
262060
262080
262100
262120
262150
262190
262210
262230
262240
262260
262280
262300
262370
262390
262410
262450
262470
262490
262510
262550
262590
262630
262650
262690
262750
262770
262790
262810
262830
262850
262870
262900
262920
262940
262960
262980
263020
263040
263060
263100
263120
263140
263180
263200
263300
263320
263340
263360
263380
263400
263420
263460
263480
263520
263540
263560
263620
263640
263680
263700
263720
263740
263760
263800
263820
263860
263880
263920
263940
263960
263980
264000
264060
264080
264140
264160
264200
264220
264280
264300
264320
264340
264380
264400
264440
264460
264520
264540
264560
264580
264690
264710
264730
264830
264840
265000
265120
265170
265190
265210
265240
265300
265330
265380
265460
265470
265550
265590
265610
265630
265690
265730
265750
265790
265810
265830
265870
265890
265930
265950
265970
265990
266010
266030
266050
266090
266110
266130
266170
266190
266210
266230
266250
266270
266290
266310
266330
266370
266390
266410
266430
266490
266510
266590
266740
266840
266930
266980
267060
267130
267340
267360
267380
267490
267530
267610
267650
267670
267730
267810
267880
267900
267920
267940
267960
267980
268050
268130
268200
268220
268240
268320
268340
268400
268500
268520
268540
268560
268610
268650
268670
268750
268770
268850
268870
268890
268910
268970
268990
269010
269030
269050
269110
269150
269170
269190
269210
269230
269250
269270
269310
269330
269350
269370
269430
269470
269490
269550
269570
269590
269610
269630
269650
269670
269690
269710
269770
269790
269850
269890
269950
269990
270010
270050
270090
270110
270130
270150
270170
270190
270210
270270
270310
270330
270450
270490
270510
270550
270570
270590
270610
270630
270650
270700
270750
270760
270770
270790
270810
270830
270850
270880
270910
270940
271100
271240
271260
271360
271370
271390
271400
271500
271550
271570
271640
271670
271760
271820
271860
271900
271920
271960
271970
271990
272010
272040
272060
272080
272230
272270
272330
272470
272510
272600
272620
272690
272890
272920
272990
273030
273070
273110
273150
273300
273380
273500
273570
273580
273600
273620
273670
273680
273700
273730
273740
273750
273760
273770
273790
273800
273820
273830
273840
273850
273860
273890
273940
273960
274010
274050
274170
274190
274230
274250
274270
274290
274310
274350
274480
274500
274520
274560
274700
274880
274900
274940
274980
275030
275050
275060
275080
275100
275180
275200
275240
275270
275290
275310
275330
275350
275390
275470
275490
275510
275530
275560
275570
275670
275800
275810
275830
275850
276220
276240
276300
276340
276360
276380
276430
276440
276460
276730
276750
276810
276870
276890
277110
277270
277390
277430
277450
277460
277470
277490
277500
277510
277520
277540
277560
277590
277630
277650
277680
277700
277720
277730
277740
277760
277770
277820
277830
277840
277850
277870
277890
277910
278030
278080
278100
278360
278420
278440
278460
278480
278490
278510
278530
278570
278590
278620
278640
278710
278720
278810
278850
278890
278930
278970
279070
279090
279110
279140
279160
279260
279420
279440
279460
279480
279500
279520
279540
279560
279580
279600
279620
279640
279720
279740
279800
279820
279830
279900
279920
279940
279990
280010
280040
280140
280160
280180
280220
280320
280380
280500
280520
280540
280560
280600
280620
280640
280680
280720
280790
280830
280850
280890
280930
281050
281060
281080
281100
281200
281220
281240
281260
281280
281350
281370
281390
281410
281430
281450
281520
281560
281580
281610
281640
281750
281770
281820
281840
281860
281920
281940
281990
282010
282030
282050
282070
282100
282140
282210
282280
282400
282440
282470
282510
282520
282530
282550
282560
282590
282620
282640
282680
282760
282780
282800
282860
282880
282900
283000
283020
283040
283060
283080
283160
283180
283230
283270
283290
283310
283330
283350
283370
283390
283410
283430
283470
283490
283540
283550
283560
283580
283600
283640
283660
283680
283720
283740
283750
283820
283840
283880
283920
283940
283960
283980
284000
284020
284050
284100
284140
284160
284180
284200
284220
284240
284260
284390
284410
284440
284460
284710
284730
284750
284770
284830
284850
284870
284890
284910
284930
284950
284970
284990
285010
285070
285090
285110
285130
285160
285190
285310
285330
285350
285380
285420
285460
285480
285500
285520
285670
285740
285800
285820
285840
285900
285920
285980
286000
286040
286100
286120
286140
286160
286200
286220
286240
286260
286280
286300
286320
286360
286380
286460
286480
286520
286540
286630
286660
286690
286730
286750
286770
286790
286810
286830
286920
286930
286960
286970
287020
287070
287100
287120
287200
287220
287290
287310
287370
287390
287450
287550
287580
287630
287700
287720
287740
287780
287840
287900
287920
287960
287980
288000
288020
288040
288060
288080
288100
288120
288140
288160
288220
288240
288260
288310
288370
288390
288470
288500
288570
288610
288630
288650
288670
288690
288710
288730
288750
288790
288830
288840
288850
288860
288880
288930
288940
288970
289050
289060
289070
289090
289130
289180
289200
289220
289240
289260
289280
289300
289320
289340
289360
289380
289400
289420
289440
289460
289480
289500
289520
289580
289600
289620
289650
289690
289730
289760
289780
289800
289820
289840
289890
289930
289950
290000
290020
290040
290060
290080
290100
290260
290280
290300
290320
290340
290380
290400
290440
290460
290470
290490
290510
290530
290650
290690
290730
290770
290790
290810
290850
290870
290890
290970
290990
291010
291030
291070
291130
291170
291190
291250
291270
291290
291330
291370
291390
291430
291470
291550
291610
291630
291640
291650
291690
291710
291770
291790
291840
291860
291900
291910
291930
291960
292000
292030
292060
292090
292120
292140
292160
292180
292200
292220
292230
292240
292260
292280
292300
292320
292330
292370
292380
292390
292400
292410
292420
292480
292500
292570
292600
292620
292630
292660
292670
292710
292730
292760
292780
292800
292820
292840
292860
292880
292900
292910
292930
292980
292990
293160
293180
293200
293240
293260
293320
293340
293420
293440
293460
293480
293600
293660
293680
293720
293740
293760
293780
293840
293860
293880
293900
293920
293940
293960
293980
294000
294020
294040
294060
294100
294140
294160
294190
294230
294280
294370
294390
294440
294460
294530
294540
294550
294560
294570
294580
294590
294650
294660
294670
294680
294690
294700
294710
294720
294730
294750
294770
294790
294810
294830
294860
294990
295190
295200
295220
295250
295490
295530
295560
295590
295610
295630
295650
295670
295690
295710
295730
295750
295770
295790
295870
295910
295930
295990
296010
296030
296050
296070
296150
296180
296210
296220
296240
296280
296450
296470
296490
296510
296530
296550
296570
296590
296630
296650
296710
296730
296770
296790
296830
296850
296870
296890
296910
296930
296970
297000
297020
297050
297060
297070
297080
297110
297120
297130
297140
297190
297210
297290
297310
297330
297350
297370
297410
297450
297470
297490
297570
297590
297620
297640
297720
297740
297750
297760
297790
297840
297860
297880
297890
297900
297920
297960
297970
297980
297990
298020
298030
298050
298110
298140
298160
298180
298240
298260
298280
298340
298360
298380
298400
298420
298480
298520
298560
298600
298610
298620
298630
298680
298690
298770
298790
298820
298830
298840
298850
298930
298950
298990
299020
299050
299070
299080
299090
299100
299110
299150
299160
299170
299180
299230
299250
299260
299340
299350
299380
299400
299420
299440
299460
299480
299540
299600
299660
299680
299720
299740
299780
299800
299820
299840
299910
299950
299970
300060
300120
300160
300220
300260
300300
300320
300340
300360
300380
300400
300510
300540
300550
300570
300580
300610
300620
300630
300820
300840
300860
300900
300910
300970
301050
301060
301120
301140
301150
301180
301190
301200
301210
301220
301250
301260
301280
301300
301320
301360
301380
301420
301460
301500
301540
301560
301610
301640
301650
301660
301670
301690
301700
301720
301730
301750
301760
301840
301860
301900
301910
301920
301930
301970
301990
302010
302020
302030
302060
302080
302110
302130
302160
302170
302180
302190
302210
302260
302290
302310
302320
302330
302340
302350
302360
302370
302380
302390
302440
302460
302470
302490
302510
302570
302590
302610
302650
302670
302690
302710
302730
302750
302790
302810
302830
302870
302910
302950
302970
303210
303260
303290
303310
303340
303390
303430
303470
303510
303550
303590
303680
303690
303720
303730
303790
303800
303830
303840
303860
303870
303880
303910
303940
304010
304020
304050
304140
304150
304170
304190
304210
304240
304290
304350
304390
304410
304430
304460
304500
304530
304540
304580
304590
304650
304670
304690
304730
304750
304850
304910
304930
304950
305010
305070
305150
305170
305180
305260
305360
305380
305390
305400
305480
305490
305500
305620
305640
305660
305700
305740
305760
305780
305800
305820
305860
305880
305900
305920
305940
305980
306000
306020
306040
306100
306130
306150
306160
306180
306200
306240
306290
306350
306370
306390
306410
306440
306480
306490
306510
306540
306550
306620
306630
306640
306660
306670
306680
306700
306760
306850
306910
306950
307010
307050
307070
307090
307110
307130
307170
307190
307210
307230
307270
307330
307340
307350
307410
307500
307550
307560
307570
307580
307590
307600
307610
307620
307640
307650
307670
307690
307750
307760
307770
307780
307880
307900
307920
307930
307940
307950
307960
307980
307990
308000
308040
308060
308080
308170
308180
308270
308300
308330
308360
308380
308400
308420
308440
308460
308540
308560
308580
308600
309920
309940
310030
310040
310050
310060
310070
310080
310110
310360
310370
310390
310410
310420
310430
310440
310460
310470
310490
310510
310640
310700
310740
310790
310830
310850
310880
310890
310950
310970
310990
311010
311040
311060
311080
311100
311120
311140
311170
311190
311210
311240
311250
311260
311290
311310
311340
311400
311440
311460
311480
311490
311500
311560
311590
311670
311680
311690
311720
311730
311770
311800
311820
311840
311850
311860
311870
311910
311930
311940
311980
312010
312020
312050
312090
312150
312200
312210
312220
312230
312240
312300
312310
312350
312370
312380
312400
312410
312420
312450
312520
312530
312540
312560
312600
312610
312630
312640
312650
312660
312670
312680
312690
312720
312740
312750
312780
312790
312840
312860
312900
312960
312970
312980
312990
313010
313020
313040
313080
313100
313120
313130
313140
313160
313190
313200
313210
313280
313320
313330
313340
313360
313370
313380
313390
313400
313470
313480
313500
313560
313590
313620
313630
313650
313660
313690
313700
313730
313740
313760
313780
313810
313830
313870
313960
313980
314000
314010
314020
314030
314050
314070
314120
314150
314160
314180
314200
314210
314220
314230
314240
314250
314280
314290
314300
314320
314330
314360
314370
314380
314410
314430
314450
314460
314470
314500
314510
314520
314540
314560
314570
314590
314610
314630
314650
314660
314710
314720
314730
314760
314770
314790
314810
314830
314950
314970
314980
315070
315080
315110
315130
315190
315210
315260
315320
315330
315340
315430
315450
315460
315480
315540
315550
315610
315650
315680
315810
315830
315840
315850
315860
315890
315920
315930
315940
315990
316020
316080
316140
316160
316180
316240
316320
316370
316410
316430
316440
316480
316560
316600
316610
316640
316660
316670
316700
316740
316790
316810
316820
316830
316840
316860
316890
316910
316930
316960
316970
317020
317030
317040
317070
317080
317100
317150
317250
317280
317290
317300
317320
317360
317370
317380
317410
317440
317470
317510
317530
317540
317550
317590
317610
317620
317660
317710
317720
317820
317840
317850
317880
317920
317940
317950
317970
318020
318090
318100
318130
318220
318230
318260
318290
318310
318330
318390
318410
318420
318430
318440
318480
318490
318500
318510
318520
318530
318560
318570
318600
318640
318650
318660
318680
318690
318870
318970
319000
319010
319050
319120
319140
319180
319210
319230
319250
319270
319280
319290
319300
319320
319430
319450
319470
319480
319510
319540
319560
319570
319630
319740
319760
319780
319810
319830
319850
319870
319910
319970
320040
320090
320110
320120
320140
320150
320210
320240
320300
320310
320320
320330
320340
320350
320360
320370
320380
320400
320410
320430
320440
320520
320540
320610
320630
320650
320670
320690
320720
320730
320750
320760
320790
320820
320830
320970
321030
321080
321100
321140
321150
321160
321180
321190
321270
321290
321300
321330
321350
321360
321370
321390
321400
321420
321450
321460
321470
321480
321510
321560
321600
321610
321640
321700
321710
321800
321830
321840
321870
321880
321890
321920
321940
321950
321960
321990
322000
322030
322060
322080
322110
322130
322170
322190
322210
322290
322330
322410
322430
322440
322450
322480
322500
322520
322540
322550
322580
322680
322750
322770
322850
322900
322950
322970
322980
322990
323000
323020
323040
323060
323150
323160
323190
323220
323230
323240
323250
323260
323270
323280
323290
323320
323380
323390
323450
323470
323490
323560
323580
323630
323650
323670
323680
323700
323720
323730
323780
323850
324070
324080
324090
324110
324120
324140
324160
324170
324190
324240
324260
324270
324310
324340
324390
324400
324420
324470
324510
324520
324570
324610
324650
324680
324710
324720
324730
324740
324750
324760
324770
324800
324810
325060
325090
325110
325120
325150
325160
325210
325260
325300
325320
325370
325420
325470
325500
325520
325570
325580
325610
325670
325730
325790
325860
325870
325880
325930
325950
325960
325970
325990
326010
326020
326040
326060
326070
326110
326120
326130
326150
326160
326180
326190
326240
326250
326270
326300
326310
326340
326350
326360
326380
326390
326410
326420
326430
326460
326470
326480
326510
326520
326530
326650
326670
326730
326740
326760
326840
326950
326960
326990
327000
327010
327030
327040
327060
327070
327090
327130
327140
327150
327170
327210
327220
327260
327270
327280
327310
327370
327380
327390
327400
327410
327440
327450
327470
327510
327560
327640
327670
327740
327760
327830
327840
327860
327880
327890
327910
327920
327930
327940
327950
327960
327980
328000
328070
328080
328100
328200
328220
328230
328270
328310
328430
328440
328450
328460
328470
328500
328510
328550
328590
328640
328650
328670
328680
328710
328730
328740
328760
328780
328790
328820
328880
328890
328900
328920
328930
328940
328990
329000
329010
329050
329070
329110
329130
329150
329180
329190
329200
329240
329280
329310
329320
329340
329380
329430
329440
329460
329480
329490
329530
329620
329630
329640
329650
329660
329670
329680
329690
329770
329820
329830
329860
329880
329910
329920
329930
329970
329980
330020
330100
330180
330260
330270
330350
330370
330390
330420
330450
330460
330470
330500
330520
330580
330590
330620
330630
330650
330660
330670
330680
330690
330720
330730
330770
330820
330830
330860
330880
330950
330990
331120
331160
331190
331200
331220
331250
331260
331290
331300
331340
331390
331400
331440
331460
331470
331480
331490
331500
331510
331560
331570
331580
331600
331610
331650
331670
331690
331720
331750
331760
331790
331870
331880
331920
331930
331980
332030
332150
332200
332240
332250
332260
332270
332290
332310
332330
332360
332370
332380
332390
332400
332410
332480
332490
332500
332530
332540
332570
332580
332610
332620
332630
332700
332710
332730
332760
332790
332800
332810
332830
332880
332950
333040
333090
333120
333130
333210
333250
333260
333290
333300
333320
333330
333340
333390
333400
333410
333420
333430
333460
333490
333510
333540
333580
333600
333640
333650
333660
333690
333720
333730
333760
333770
333790
333800
333870
333880
333930
333950
333970
333980
334030
334040
334070
334100
334120
334140
334180
334190
334210
334230
334270
334280
334300
334310
334330
334390
334410
334420
334470
334480
334490
334540
334560
334620
334690
334710
334810
334830
334840
334850
334920
334940
334960
334970
334980
334990
335000
335010
335030
335050
335070
335090
335100
335110
335120
335190
335200
335210
335220
335240
335290
335300
335320
335420
335430
335440
335450
335460
335520
335560
335570
335620
335640
335660
335670
335690
335700
335770
335790
335800
335810
335820
335830
335840
335900
335920
336020
336030
336060
336080
336090
336110
336130
336140
336150
336160
336200
336210
336220
336230
336240
336300
336320
336370
336380
336420
336440
336460
336610
336630
336670
336680
336700
336710
336730
336760
336770
336780
336840
336850
336930
336940
337000
337040
337070
337150
337210
337220
337270
337280
337290
337320
337340
337350
337360
337410
337450
337460
337480
337490
337630
337650
337670
337700
337720
337730
337760
337820
337840
337850
337880
337890
337900
337930
337940
337960
337970
337980
338000
338030
338040
338050
338060
338070
338110
338120
338130
338140
338160
338170
338190
338250
338260
338290
338310
338320
338330
338350
338370
338390
338420
338480
338530
338550
338590
338630
338710
338760
338800
338810
338820
338830
338840
338890
338920
338960
338980
339000
339070
339080
339090
339120
339130
339160
339190
339200
339210
339230
339240
339250
339290
339320
339340
339350
339400
339430
339440
339460
339470
339500
339510
339550
339560
339570
339580
339590
339610
339690
339700
339710
339720
339760
339790
339800
339820
339830
339840
339850
339870
339910
340000
340030
340050
340070
340150
340170
340190
340200
340220
340250
340270
340280
340290
340320
340330
340340
340350
340360
340380
340400
340410
340440
340450
340460
340470
340480
340490
340500
340520
340550
340560
340570
340580
340600
340610
340620
340630
340640
340670
340680
340700
340720
340730
340750
340800
340810
340830
340860
340880
340920
340950
341000
341020
341030
341040
341060
341070
341080
341090
341120
341150
341160
341170
341190
341220
341260
341270
341290
341310
341320
341360
341380
341390
341440
341460
341470
341500
341510
341530
341540
341550
341570
341610
341640
341660
341680
341690
341700
341710
341720
341730
341750
341760
341770
341790
341800
341810
341820
341870
341890
341910
341930
341940
341950
341990
342010
342020
342050
342080
342090
342100
342180
342190
342200
342230
342240
342250
342260
342270
342300
342310
342350
342360
342380
342450
342480
342490
342500
342510
342520
342530
342540
342550
342560
342580
342590
342610
342620
342630
342640
342650
342660
342860
342870
342890
342910
342920
342940
342970
342980
342990
343000
343020
343070
343090
343100
343120
343170
343180
343250
343270
343280
343290
343320
343340
343360
343370
343390
343410
343430
343440
343460
343510
343560
343570
343630
343690
343710
343730
343740
343770
343780
343800
343810
343820
343830
343840
343860
343930
343950
344030
344050
344100
344120
344130
344160
344190
344200
344210
344220
344230
344240
344270
344290
344300
344340
344410
344440
344450
344480
344490
344500
344510
344530
344550
344630
344730
344740
344760
344770
344800
344810
344820
344840
344850
344860
344890
344900
344910
344960
344970
345010
345020
345030
345060
345080
345090
345120
345130
345140
345180
345200
345220
345230
345240
345260
345280
345290
345330
345340
345350
345370
345390
345430
345440
345460
345470
345480
345540
345580
345610
345620
345630
345640
345650
345660
345680
345690
345700
345710
345740
345750
345820
345860
345870
345900
345990
346010
346040
346080
346090
346110
346120
346130
346140
346160
346180
346200
346210
346230
346240
346250
346260
346280
346330
346340
346360
346420
346430
346440
346450
346460
346470
346490
346500
346550
346560
346630
346650
346670
346730
346750
346780
346810
346820
346830
346850
346900
346920
346940
346950
346970
346990
347000
347040
347060
347090
347110
347150
347160
347170
347190
347210
347230
347240
347250
347260
347270
347280
347290
347330
347400
347430
347440
347450
347470
347480
347520
347560
347580
347590
347600
347610
347620
347660
347670
347690
347710
347720
347730
347790
347800
347820
347830
347890
347930
347940
347950
347990
348000
348070
348160
348180
348190
348240
348250
348270
348280
348290
348300
348310
348330
348340
348360
348380
348400
348430
348440
348450
348460
348470
348510
348540
348550
348570
348620
348650
348680
348690
348700
348730
348740
348790
348800
348810
348840
348860
348870
348880
348910
348940
348950
348960
348970
348980
348990
349000
349020
349040
349060
349100
349130
349140
349150
349190
349220
349230
349240
349250
349260
349270
349300
349310
349320
349350
349370
349440
349450
349460
349500
349510
349520
349530
349540
349550
349650
349670
349680
349690
349710
349730
349760
349780
349790
349810
349840
349930
349940
349950
349980
350000
350010
350070
350080
350090
350110
350140
350210
350260
350310
350330
350380
350480
350490
350500
350530
350550
350600
350610
350620
350630
350640
350700
350740
350750
350770
350780
350800
350810
350880
350910
350970
350990
351030
351050
351060
351070
351080
351090
351100
351140
351150
351160
351220
351230
351240
351250
351290
351300
351320
351330
351340
351390
351400
351410
351420
351450
351470
351480
351490
351510
351550
351630
351640
351680
351690
351700
351710
351720
351730
351740
351790
351800
351810
351820
351860
351870
351910
351920
351940
351970
352000
352010
352030
352050
352070
352120
352130
352140
352150
352160
352170
352190
352210
352220
352240
352360
352370
352400
352430
352440
352520
352530
352550
352580
352590
352610
352620
352640
352700
352710
352720
352740
352750
352760
352780
352790
352810
352840
352850
352890
352900
352950
352960
353050
353060
353070
353080
353090
353110
353190
353260
353270
353280
353300
353330
353340
353360
353540
353550
353560
353580
353590
353600
353610
353630
353640
353700
353790
353830
353940
353970
353980
353990
354030
354040
354050
354130
354140
354160
354180
354190
354200
354230
354240
354270
354280
354290
354300
354310
354330
354380
354400
354430
354560
354620
354680
354690
354720
354730
354740
354770
354810
354820
354830
354860
354920
354930
354950
354960
354970
355010
355020
355050
355060
355070
355080
355090
355100
355130
355140
355150
355170
355180
355190
355230
355240
355250
355270
355280
355290
355350
355370
355380
355400
355410
355430
355460
355500
355510
355520
355530
355560
355570
355630
355650
355670
355680
355690
355740
355760
355790
355800
355810
355820
355830
355860
355890
355910
355920
355950
355960
355970
355980
356000
356030
356040
356070
356090
356100
356110
356160
356170
356180
356190
356210
356240
356250
356260
356270
356280
356290
356310
356380
356390
356400
356420
356430
356450
356460
356470
356500
356510
356520
356530
356540
356550
356560
356570
356580
356650
356670
356710
356730
356770
356790
356800
356820
356870
356880
356890
356910
356960
356970
356980
357030
357070
357080
357090
357100
357110
357120
357170
357180
357190
357200
357260
357280
357290
357300
357310
357320
357330
357340
357370
357440
357450
357490
357500
357600
357650
357670
357690
357720
357750
357760
357780
357830
357840
357890
357900
357910
357920
357930
357940
358000
358020
358030
358070
358080
358090
358130
358140
358190
358200
358210
358220
358230
358250
358260
358270
358290
358300
358310
358320
358340
358350
358360
358380
358390
358400
358410
358460
358470
358650
358700
358750
358760
358770
358810
358830
358840
358880
358920
358930
358960
358970
359040
359050
359060
359070
359090
359100
359140
359180
359190
359220
359230
359250
359260
359280
359300
359310
359320
359340
359350
359370
359390
359400
359420
359440
359490
359500
359510
359540
359550
359560
359570
359580
359600
359610
359620
359630
359650
359670
359800
359810
359840
359870
359900
359920
359930
359940
359960
359970
360010
360030
360040
360140
360150
360170
360270
360280
360360
360380
360390
360400
360430
360450
360510
360520
360530
360550
360580
360600
360620
360640
360650
360680
360720
360730
360740
360820
360830
360840
360870
360880
360890
360940
360960
360970
360990
361020
361040
361110
361130
361160
361190
361200
361230
361250
361280
361290
361300
361320
361330
361350
361380
361420
361430
361500
361520
361550
361560
361600
361620
361630
361670
361680
361690
361830
361850
361880
361890
361930
361950
361970
361990
362030
362090
362100
362110
362130
362140
362150
362160
362290
362310
362360
362370
362380
362400
362410
362440
362460
362490
362610
362620
362660
362670
362680
362700
362740
362760
362780
362790
362810
362830
362850
362860
362870
362890
362920
362930
362940
362950
362960
362970
362980
363040
363050
363060
363070
363090
363110
363130
363150
363180
363200
363220
363230
363240
363270
363320
363330
363350
363360
363410
363420
363430
363440
363460
363490
363500
363510
363520
363580
363600
363610
363620
363630
363650
363660
363670
363680
363800
363840
363860
363890
363920
363930
363940
363950
363960
363970
363980
364020
364050
364060
364100
364130
364170
364200
364210
364220
364230
364250
364300
364350
364360
364370
364390
364410
364420
364450
364510
364630
364640
364660
364690
364700
364710
364720
364740
364750
364770
364790
364800
364810
364820
364830
364850
364880
364890
364900
364910
364930
364940
364970
364980
365010
365020
365050
365060
365070
365080
365090
365110
365120
365140
365150
365160
365210
365240
365260
365270
365280
365290
365300
365320
365330
365340
365350
365360
365400
365420
365450
365460
365480
365500
365510
365520
365530
365540
365560
365580
365590
365620
365660
365670
365680
365730
365760
365770
365800
365810
365850
365860
365870
365880
365890
365900
365960
365970
366000
366010
366050
366060
366090
366100
366130
366140
366180
366190
366210
366220
366230
366240
366250
366260
366270
366280
366290
366320
366350
366380
366410
366420
366450
366510
366530
366550
366570
366590
366610
366620
366640
366670
366690
366700
366710
366730
366740
366750
366760
366780
366800
366870
366910
366920
366960
366970
366990
367000
367010
367030
367040
367050
367060
367080
367120
367140
367210
367220
367240
367250
367260
367270
367280
367300
367310
367340
367350
367410
367430
367450
367480
367500
367520
367570
367580
367660
367670
367680
367700
367710
367780
367800
367810
367820
367870
367990
368000
368050
368060
368070
368080
368140
368150
368160
368180
368220
368230
368250
368260
368290
368340
368350
368360
368370
368390
368410
368430
368450
368470
368500
368510
368570
368590
368600
368610
368620
368640
368680
368690
368700
368710
368730
368740
368760
368770
368780
368830
368860
368870
368880
368890
368910
368950
368970
368990
369000
369030
369040
369050
369060
369070
369080
369100
369110
369120
369180
369210
369270
369280
369290
369310
369360
369370
369380
369420
369440
369450
369460
369470
369530
369550
369560
369570
369610
369640
369740
369770
369830
369860
369890
369910
369920
369930
369940
369950
369960
369970
369980
369990
370000
370020
370040
370050
370060
370070
370080
370090
370110
370120
370130
370140
370150
370170
370190
370200
370220
370230
370270
370280
370300
370310
370350
370360
370400
370430
370440
370450
370460
370480
370490
370510
370540
370550
370560
370570
370590
370600
370620
370640
370660
370670
370690
370700
370710
370730
370750
370770
370780
370810
370870
370880
370910
370920
370940
370970
371000
371010
371060
371100
371110
371140
371180
371190
371200
371220
371280
371300
371320
371330
371360
371370
371380
371390
371400
371410
371430
371450
371460
371510
371520
371530
371550
371570
371620
371650
371660
371670
371700
371710
371790
371850
371880
371890
371900
371930
371970
372000
372030
372080
372100
372150
372160
372170
372190
372200
372210
372250
372270
372280
372320
372330
372360
372380
372390
372430
372480
372490
372520
372540
372550
372560
372570
372670
372690
372720
372740
372750
372770
372780
372800
372810
372820
372830
372890
372930
372940
372950
372960
372970
373090
373120
373140
373150
373160
373180
373190
373200
373240
373290
373330
373360
373370
373380
373390
373400
373420
373440
373450
373460
373480
373490
373540
373560
373600
373610
373620
373630
373640
373650
373670
373690
373720
373730
373750
373770
373780
373800
373810
373820
373860
373870
373880
373930
373940
373950
373970
373980
373990
374010
374030
374040
374060
374080
374100
374120
374150
374160
374180
374190
374240
374280
374320
374400
374410
374420
374450
374460
374510
374520
374530
374620
374630
374640
374750
374770
374780
374800
374820
374830
374840
374850
374880
374900
374940
374950
374960
374990
375000
375010
375020
375030
375040
375120
375130
375170
375180
375190
375200
375220
375250
375290
375310
375320
375330
375430
375450
375460
375470
375480
375500
375510
375520
375530
375550
375570
375580
375600
375620
375630
375680
375710
375750
375770
375790
375820
375840
375850
375860
375870
375900
375910
375930
375950
376120
376130
376140
376150
376160
376210
376250
376300
376320
376350
376390
376410
376440
376480
376490
376520
376530
376560
376620
376680
376700
376730
376750
376760
376770
376780
376790
376800
376860
376880
376920
376930
376950
376960
376970
376980
377060
377070
377080
377100
377120
377140
377160
377190
377260
377290
377300
377310
377330
377360
377430
377450
377460
377470
377480
377500
377520
377530
377540
377550
377570
377600
377660
377670
377680
377690
377710
377720
377760
377840
377860
377870
377880
377900
377940
377950
377980
378030
378070
378080
378090
378100
378110
378240
378260
378270
378300
378350
378360
378370
378400
378410
378450
378470
378480
378490
378510
378530
378540
378570
378580
378590
378610
378620
378630
378640
378660
378690
378700
378720
378730
378750
378760
378770
378790
378800
378810
378830
378850
378890
379190
379210
379260
379290
379310
379320
379390
379400
379420
379430
379520
379530
379550
379560
379570
379590
379600
379610
379640
379650
379720
379760
379870
379960
379980
379990
380000
380020
380100
380120
380140
380150
380170
380210
380220
380360
380540
380550
380560
380570
380580
380600
380670
380750
380760
380810
380840
380860
380900
380910
380950
380990
381000
381010
381020
381050
381100
381120
381130
381140
381170
381210
381220
381240
381250
381260
381310
381320
381550
381560
381590
381610
381630
381640
381710
381750
381780
381800
381850
381870
381880
381890
381900
381910
381940
381990
382050
382070
382080
382090
382110
382120
382130
382140
382160
382180
382250
382260
382270
382300
382310
382320
382330
382350
382380
382420
382490
382560
382880
382920
382950
382990
383010
383020
383080
383100
383120
383130
383150
383180
383230
383240
383270
383320
383330
383380
383450
383460
383530
383540
383560
383580
383590
383600
383610
383620
383630
383670
383690
383700
383710
383720
383730
383740
383750
383780
383790
383800
383810
383840
383850
383860
383870
383930
383950
383960
383980
383990
384000
384010
384030
384040
384060
384080
384090
384100
384110
384120
384150
384180
384190
384200
384220
384250
384280
384300
384310
384360
384480
384490
384500
384550
384560
384570
384590
384630
384660
384680
384690
384700
384710
384740
384750
384890
384900
384910
384940
384960
384980
384990
385030
385060
385070
385080
385100
385130
385150
385160
385220
385230
385240
385250
385260
385270
385310
385330
385350
385360
385370
385380
385390
385400
385410
385420
385440
385530
385560
385580
385590
385600
385690
385700
385710
385770
385800
385810
385830
385840
385850
385860
385900
385930
385940
385950
385960
385970
385980
386050
386070
386080
386090
386100
386110
386130
386140
386160
386180
386200
386260
386280
386290
386310
386330
386340
386360
386420
386460
386480
386490
386500
386510
386520
386540
386560
386580
386590
386600
386620
386630
386640
386650
386690
386700
386710
386740
386750
386770
386820
386840
386870
386880
386890
386900
386930
386940
386960
386970
386990
387010
387060
387080
387100
387110
387120
387130
387240
387280
387290
387340
387370
387400
387450
387840
387850
387860
387870
387880
387890
387910
387920
387930
387970
387980
387990
388000
388010
388050
388060
388080
388090
388160
388210
388260
388270
388290
388300
388320
388340
388360
388370
388390
388410
388420
388430
388440
388450
388470
388490
388500
388540
388550
388620
388660
388670
388680
388720
388730
388750
388780
388800
388830
388840
388880
388900
388960
388970
388980
389010
389050
389150
389160
389170
389190
389220
389230
389250
389260
389270
389310
389330
389400
389430
389460
389470
389510
389570
389610
389620
389630
389650
389670
389680
389690
389700
389730
389740
389810
389850
389870
389900
389930
389940
389970
389980
389990
390030
390040
390060
390100
390120
390200
390210
390220
390290
390310
390330
390340
390460
390470
390480
390490
390500
390510
390520
390560
390570
390610
390620
390660
390680
390710
390720
390730
390760
390870
390880
390890
390920
390930
390940
391000
391030
391050
391070
391080
391100
391120
391140
391150
391160
391170
391180
391190
391210
391220
391250
391260
391270
391280
391290
391310
391340
391380
391390
391400
391410
391420
391440
391460
391470
391490
391510
391520
391540
391550
391570
391580
391590
391600
391640
391650
391660
391720
391730
391740
391780
391820
391860
391880
391910
391960
392000
392020
392030
392070
392080
392100
392110
392120
392150
392160
392190
392230
392260
392280
392290
392330
392370
392400
392410
392420
392430
392440
392450
392470
392580
392600
392610
392660
392670
392690
392720
392780
392820
392840
392880
392890
392900
392920
392930
392940
392950
392970
393010
393080
393150
393170
393190
393200
393220
393240
393340
393350
393380
393390
393420
393430
393460
393480
393520
393530
393550
393600
393610
393650
393660
393750
393770
393790
393800
393820
393860
393920
393930
393950
393980
393990
394010
394030
394040
394050
394080
394090
394120
394140
394160
394220
394260
394270
394280
394290
394310
394320
394360
394390
394400
394430
394480
394490
394510
394540
394550
394600
394650
394680
394690
394700
394720
394750
394760
394770
394840
394850
394870
394950
394970
394990
395050
395060
395100
395140
395160
395170
395180
395200
395250
395260
395270
395290
395300
395350
395380
395400
395420
395450
395470
395480
395500
395520
395550
395560
395570
395580
395600
395620
395700
395760
395850
395860
395880
395900
395910
395920
395930
395940
395990
396010
396030
396060
396090
396160
396230
396260
396280
396310
396320
396350
396360
396420
396430
396470
396480
396530
396590
396610
396620
396640
396680
396710
396730
396750
396760
396780
396790
396800
396810
396820
396850
396860
396890
396900
396920
396930
396940
396960
396990
397000
397010
397020
397030
397040
397060
397090
397100
397160
397190
397200
397210
397230
397240
397270
397310
397320
397330
397340
397350
397370
397390
397400
397430
397440
397460
397500
397540
397570
397580
397600
397640
397670
397690
397720
397730
397740
397750
397770
397780
397800
397810
397830
397840
397850
397860
397870
397900
397910
397920
397930
397940
397950
397960
397970
397990
398000
398030
398100
398110
398120
398140
398150
398170
398180
398210
398250
398260
398450
398460
398470
398480
398530
398620
398670
398680
398710
398810
398840
398850
398890
398900
398920
398930
398940
398960
398980
399040
399070
399090
399120
399130
399140
399230
399240
399260
399420
399430
399460
399520
399530
399600
399620
399640
399670
399720
399780
399790
399810
399820
399840
399860
399880
399890
399900
399910
399920
400030
400040
400080
400110
400120
400130
400160
400170
400180
400200
400220
400230
400240
400250
400280
400350
400360
400370
400380
400410
400420
400430
400450
400470
400490
400500
400510
400560
400570
400580
400600
400630
400660
400710
400720
400740
400750
400770
400780
400790
400800
400810
400880
400910
400940
401120
401170
401190
401200
401210
401280
401290
401320
401330
401340
401360
401380
401390
401420
401490
401550
401580
401620
401630
401640
401660
401680
401690
401710
401760
401800
401810
401820
401840
401860
401890
401910
401970
402020
402030
402040
402060
402080
402120
402130
402150
402160
402170
402180
402190
402210
402220
402260
402290
402300
402310
402330
402340
402350
402390
402530
402560
402620
402670
402680
402750
402840
402850
402880
402890
402910
402940
402970
402980
402990
403040
403050
403060
403070
403090
403100
403120
403140
403180
403190
403200
403230
403270
403280
403290
403300
403320
403350
403390
403400
403410
403430
403440
403460
403510
403520
403540
403550
403560
403590
403640
403660
403670
403680
403690
403700
403740
403780
403830
403850
403860
403870
403900
403910
403940
403950
403970
403980
404010
404030
404040
404070
404080
404090
404100
404170
404180
404200
404250
404270
404390
404400
404410
404420
404430
404450
404460
404480
404510
404530
404540
404570
404580
404590
404630
404640
404660
404680
404690
404700
404750
404790
404800
404820
404850
404860
404930
404960
405010
405030
405050
405070
405080
405180
405190
405240
405290
405310
405360
405430
405440
405460
405480
405500
405530
405540
405550
405580
405590
405610
405640
405650
405670
405680
405710
405720
405760
405780
405810
405820
405830
405860
405900
405920
405950
405960
405970
406080
406090
406110
406120
406130
406140
406150
406160
406170
406220
406290
406300
406310
406350
406400
406410
406440
406460
406500
406520
406550
406600
406650
406690
406710
406720
406730
406760
406780
406850
406860
406870
406920
406930
406940
406950
406960
406970
407000
407020
407050
407080
407100
407110
407130
407150
407190
407230
407290
407300
407310
407320
407330
407340
407380
407420
407470
407530
407560
407600
407630
407680
407710
407720
407780
407810
407830
407840
407880
407900
407940
407980
408000
408030
408060
408110
408120
408160
408170
408240
408250
408280
408340
408400
408410
408430
408440
408450
408510
408520
408640
408650
408680
408690
408730
408740
408750
408760
408770
408900
408920
408930
408940
408960
408990
409000
409020
409040
409070
409090
409100
409160
409170
409180
409240
409250
409280
409290
409320
409330
409340
409360
409380
409390
409420
409430
409450
409460
409490
409510
409520
409560
409580
409590
409600
409610
409630
409660
409670
409690
409710
409720
409730
409850
409870
409890
409920
410000
410040
410050
410110
410120
410130
410140
410150
410210
410260
410300
410310
410320
410330
410340
410370
410390
410430
410440
410470
410480
410490
410540
410550
410670
410710
410740
410760
410770
410780
410790
410820
410830
410840
410850
410890
410900
410910
410970
410980
410990
411000
411030
411050
411060
411070
411080
411120
411130
411150
411300
411310
411320
411330
411370
411380
411390
411420
411470
411480
411520
411530
411550
411570
411590
411600
411610
411620
411630
411650
411680
411690
411740
411750
411760
411820
411830
411850
411860
411870
411880
411890
411900
411910
411920
411930
411940
411950
411960
411970
411980
412010
412020
412050
412080
412170
412210
412220
412230
412250
412270
412290
412350
412360
412370
412380
412410
412430
412440
412460
412470
412480
412490
412520
412530
412540
412560
412600
412620
412660
412670
412730
412740
412760
412770
412830
412870
412880
412900
412930
412970
412990
413030
413040
413150
413160
413330
413350
413360
413370
413380
413390
413410
413420
413470
413480
413500
413580
413590
413620
413680
413700
413710
413740
413760
413790
413830
413870
414010
414030
414060
414080
414090
414120
414140
414160
414190
414240
414260
414330
414340
414370
414470
414490
414500
414510
414550
414580
414610
414660
414670
414700
414720
414730
414740
414760
414770
414810
414920
414950
415000
415030
415080
415090
415150
415170
415180
415200
415220
415240
415270
415300
415330
415350
415390
415400
415420
415480
415530
415590
415600
415610
415670
415680
415730
415740
415780
415800
415830
415840
415850
415880
415920
415950
415960
415980
415990
416000
416030
416040
416060
416080
416110
416120
416180
416190
416200
416210
416220
416240
416250
416290
416310
416320
416330
416340
416370
416380
416390
416420
416430
416450
416530
416550
416590
416600
416610
416630
416640
416680
416690
416700
416720
416750
416760
416770
416790
416800
416830
416840
416850
416870
416900
417060
417080
417110
417150
417200
417230
417260
417290
417350
417360
417400
417410
417430
417480
417750
417840
417850
417860
417880
417890
417900
417910
417920
417980
418000
418030
418040
418060
418070
418090
418120
418150
418160
418170
418180
418190
418220
418240
418250
418260
418270
418300
418320
418340
418360
418370
418430
418440
418460
418520
418530
418580
418610
418620
418640
418650
418670
418890
418910
418940
418950
418960
419040
419080
419090
419130
419460
419480
419520
419660
419700
419710
419810
419960
419990
420000
420020
420030
420050
420060
420070
420100
420110
420160
420170
420180
420210
420250
420270
420290
420300
420310
420340
420360
420370
420440
420450
420460
420490
420500
420520
420530
420540
420550
420560
420570
420660
420670
420740
420760
420770
420790
420840
420850
420880
420900
420930
420950
420970
420980
421040
421050
421060
421120
421140
421160
421170
421260
421610
421620
421630
421660
421670
421700
421710
421740
421780
421810
421870
421880
421890
421920
422020
422030
422100
422110
422120
422130
422140
422180
422190
422200
422210
422250
422280
422300
422480
422500
422510
422610
422630
422640
422650
422690
422760
422860
422900
422910
422920
422970
422980
423000
423120
423180
423220
423230
423240
423270
423320
423440
423490
423550
423580
423590
423600
423610
423620
423630
423650
423700
423710
423720
423730
423740
423750
423760
423770
423780
423800
423810
423850
423870
423880
423890
423900
423910
423950
424000
424010
424030
424040
424060
424100
424170
424200
424210
424240
424250
424260
424280
424320
424370
424590
424610
424640
424750
424760
424780
424800
424830
424840
424850
424870
425010
425070
425100
425130
425140
425150
425160
425210
425220
425230
425240
425260
425300
425340
425370
425380
425400
425410
425450
425460
425500
425570
425580
425670
425710
425750
425760
425770
425820
425840
425860
425870
425900
425910
425920
425930
425940
425990
426000
426010
426040
426050
426080
426100
426120
426170
426190
426200
426210
426220
426290
426310
426330
426560
426590
426690
426700
426710
426720
426730
426740
426790
426930
427020
427030
427050
427100
427190
427240
427250
427290
427410
427470
427490
427510
427520
427550
427570
427640
427650
427660
427670
427680
427700
427730
427750
427760
427770
427780
427790
427810
427820
427860
427880
427890
427910
427930
427940
427950
427970
427980
428020
428040
428060
428080
428100
428110
428140
428170
428180
428190
428200
428210
428220
428230
428240
428250
428260
428270
428280
428320
428340
428350
428370
428410
428430
428460
428490
428500
428510
428530
428540
428550
428560
428590
428610
428630
428660
428690
428710
428740
428750
428810
428830
428860
428870
428880
428900
428910
428920
428930
428940
428950
428980
429040
429050
429060
429110
429120
429160
429200
429220
429250
429260
429270
429280
429300
429330
429350
429380
429390
429430
429470
429480
429490
429520
429530
429540
429570
429580
429590
429600
429610
429620
429660
429680
429690
429700
429720
429760
429780
429790
429830
429940
429950
430000
430020
430050
430070
430080
430100
430170
430190
430200
430210
430230
430240
430280
430290
430300
430320
430330
430340
430350
430370
430410
430890
430940
430960
431180
431200
431230
431240
431250
431260
431280
431290
431300
431330
431350
431370
431390
431410
431450
431460
431470
431490
431500
431510
431540
431590
431600
431610
431630
431640
431650
431680
431710
431730
431740
431750
431770
431810
431820
431830
431840
431850
431910
431930
431940
431950
431960
431980
432010
432100
432110
432130
432170
432190
432210
432240
432250
432270
432310
432330
432350
432370
432380
432390
432410
432440
432470
432480
432490
432500
432540
432600
432620
432640
432670
432710
432720
432770
432780
432870
432890
432940
432950
432980
432990
433080
433090
433100
433110
433120
433170
433180
433190
433200
433210
433280
433290
433340
433350
433360
433380
433400
433420
433450
433480
433490
433530
433550
433570
433580
433600
433630
433650
433660
433670
433700
433740
433750
433790
433830
433840
433850
433890
433900
433910
433920
433950
434000
434020
434030
434050
434060
434070
434090
434130
434140
434150
434160
434170
434180
434190
434210
434220
434230
434240
434250
434260
434270
434290
434300
434340
434360
434370
434390
434400
434420
434430
434460
434480
434490
434500
434510
434520
434530
434540
434570
434580
434600
434610
434620
434630
434650
434660
434680
434700
434730
434750
434790
434800
434820
434830
434860
434870
434880
434890
434920
434950
434960
434970
434980
435000
435010
435030
435040
435050
435060
435070
435080
435100
435120
435140
435150
435170
435230
435250
435260
435300
435340
435400
435410
435420
435440
435480
435490
435510
435530
435570
435730
435780
435790
435800
435840
435870
435880
435960
435970
436000
436110
436120
436140
436150
436160
436180
436230
436240
436260
436270
436280
436290
436320
436340
436360
436390
436400
436470
436480
436490
436500
436510
436520
436530
436550
436640
436650
436670
436690
436740
436780
436850
436860
436870
436890
436950
436990
437000
437020
437030
437060
437090
437100
437110
437160
437180
437250
437340
437350
437360
437380
437390
437420
437520
437530
437550
437570
437580
437610
437630
437690
437710
437720
437730
437740
437870
437880
437900
437920
438000
438010
438020
438030
438040
438080
438090
438100
438130
438140
438180
438220
438240
438260
438270
438300
438310
438320
438340
438350
438360
438420
438430
438440
438450
438460
438480
438490
438560
438640
438650
438660
438680
438710
438720
438730
438780
438790
438820
438830
438850
438860
438870
438900
438910
438920
438940
439190
439250
439260
439310
439340
439420
439440
439460
439490
439500
439530
439540
439550
439660
439680
439690
439700
439710
439720
439730
439740
439750
439770
439800
439830
439880
439900
439910
439930
439940
439960
440310
440340
440380
440410
440420
440450
440470
440520
440530
440540
440550
440630
440640
440650
440660
440690
440720
440730
440740
440750
440760
440770
440790
440800
440810
440860
440880
440900
440910
440920
440950
441010
441040
441050
441060
441230
441250
441270
441280
441350
441380
441440
441510
441640
441670
441680
441700
441710
441770
441790
441830
441870
441940
442000
442020
442050
442070
442120
442140
442190
442210
442220
442260
442290
442500
442510
442760
442770
442780
442810
442860
442890
443000
443070
443110
443250
443260
443330
443360
443370
443380
443420
443450
443460
443470
443530
443550
443570
443580
443650
443700
443710
443720
443730
443750
443780
443800
443810
443830
443860
443880
443970
443980
444000
444020
444040
444090
444130
444140
444160
444170
444180
444190
444200
444210
444220
444250
444260
444270
444280
444330
444350
444410
444420
444430
444440
444470
444480
444490
444520
444530
444540
444580
444590
444620
444640
444670
444690
444710
444720
444740
444770
444800
444820
444830
444870
444880
444890
444930
444940
444970
444990
445000
445020
445040
445050
445070
445110
445130
445140
445170
445190
445210
445220
445230
445260
445350
445420
445430
445450
445550
445600
445670
445700
445720
445750
445770
445800
445870
445950
445980
446020
446040
446050
446070
446080
446100
446110
446120
446240
446250
446310
446330
446350
446380
446390
446430
446440
446450
446460
446470
446480
446490
446510
446520
446530
446540
446550
446570
446590
446600
446610
446620
446640
446760
446770
446780
446790
446800
446810
446830
446840
446850
446860
446870
446890
446900
446910
446990
447000
447010
447020
447040
447100
447120
447150
447170
447180
447190
447200
447210
447240
447250
447270
447290
447300
447310
447440
447530
447540
447570
447690
447700
447780
447800
447820
447850
447860
447870
447890
447920
447930
447940
447950
447960
447980
447990
448000
448010
448020
448050
448060
448070
448080
448090
448110
448150
448160
448170
448180
448200
448230
448240
448280
448290
448300
448310
448320
448370
448380
448390
448400
448440
448470
448480
448500
448510
448530
448540
448550
448560
448570
448580
448610
448620
448630
448650
448670
448690
448710
448720
448730
448750
448760
448780
448790
448800
448810
448820
448830
448850
448860
448880
448910
448930
448960
448980
448990
449000
449010
449020
449040
449050
449060
449070
449080
449090
449120
449130
449140
449150
449160
449170
449180
449200
449210
449220
449240
449250
449300
449310
449320
449330
449340
449350
449390
449400
449420
449450
449460
449500
449510
449520
449530
449540
449550
449560
449570
449610
449640
449680
449690
449710
449720
449730
449760
449770
449780
449800
449820
449940
449960
449980
450020
450040
450050
450060
450070
450100
450110
450120
450130
450140
450150
450170
450190
450220
450250
450290
450390
450440
450470
450480
450500
450540
450550
450570
450590
450600
450630
450650
450700
450730
450740
450760
450780
450850
450860
450950
450960
451000
451010
451020
451030
451060
451080
451100
451130
451140
451160
451200
451210
451310
451330
451340
451350
451360
451370
451400
451540
451560
451570
451590
451600
451630
451650
451660
451670
451700
451710
451730
451760
451780
451840
451870
451880
451900
451920
451930
451940
451960
451980
451990
452000
452060
452120
452180
452230
452240
452320
452340
452410
452420
452440
452450
452490
452510
452530
452570
452650
452710
452860
452890
452900
452920
452930
452970
453030
453090
453100
453130
453220
453250
453270
453290
453300
453320
453330
453340
453350
453390
453470
453480
453510
453650
453660
453670
453690
453700
453710
453720
453730
453740
453750
453770
453780
453790
453810
453820
453830
453850
453870
453880
453890
453910
453950
453960
453980
453990
454010
454030
454060
454070
454100
454110
454120
454130
454140
454160
454170
454180
454190
454200
454220
454230
454250
454260
454320
454330
454350
454380
454390
454410
454420
454450
454480
454530
454540
454550
454570
454580
454610
454630
454640
454650
454670
454690
454700
454720
454730
454750
454770
454780
454830
454870
454890
454900
454950
454970
455020
455030
455040
455080
455100
455110
455120
455160
455170
455190
455200
455220
455230
455250
455300
455310
455320
455400
455440
455460
455470
455490
455520
455590
455640
455690
455710
455740
455750
455770
455820
455830
455910
455940
455960
455970
455980
455990
456090
456120
456130
456160
456180
456220
456390
456410
456420
456430
456440
456470
456480
456510
456540
456560
456660
456670
456690
456750
456760
456780
456810
456830
456880
456910
456920
457010
457120
457130
457140
457210
457260
457320
457360
457370
457380
457420
457450
457480
457490
457520
457530
457550
457560
457570
457580
457600
457650
457660
457670
457680
457690
457710
457730
457760
457770
457810
457820
457860
457870
457890
457960
457980
458000
458030
458060
458110
458170
458180
458230
458290
458330
458360
458370
458380
458400
458420
458430
458450
458470
458480
458490
458500
458510
458520
458540
458560
458580
458590
458600
458630
458640
458660
458670
458700
458710
458730
458750
458760
458770
458830
458920
458970
458990
459010
459040
459050
459070
459080
459090
459120
459130
459150
459160
459170
459220
459240
459260
459310
459350
459370
459410
459520
459540
459580
459610
459630
459640
459680
459730
459750
459770
459780
459820
459830
459840
459850
459870
459890
459940
460030
460060
460120
460140
460150
460160
460190
460210
460220
460250
460260
460340
460430
460470
460510
460540
460560
460580
460630
460640
460650
460700
460750
460780
460790
460810
460850
460880
460890
460910
460920
460930
460940
460950
460960
460970
460990
461010
461030
461060
461130
461170
461180
461220
461230
461240
461250
461280
461320
461340
461350
461360
461370
461380
461390
461400
461410
461430
461480
461500
461510
461520
461560
461580
461590
461600
461620
461640
461650
461700
461710
461730
461750
461760
461780
461800
461810
461820
461830
461840
461850
461860
461870
461880
461890
461900
461940
461950
461970
462000
462070
462100
462110
462130
462220
462240
462250
462270
462280
462290
462390
462400
462480
462530
462570
462580
462590
462610
462620
462630
462640
462670
462680
462700
462730
462770
462780
462830
462860
462910
462930
462940
462960
462990
463010
463020
463030
463060
463090
463100
463110
463120
463130
463150
463160
463170
463180
463200
463210
463220
463250
463270
463290
463320
463350
463390
463410
463430
463440
463450
463460
463480
463510
463530
463540
463600
463610
463630
463670
463710
463720
463740
463760
463800
463830
463850
463860
463870
463880
463920
463930
463950
463980
464040
464050
464060
464070
464080
464100
464110
464130
464150
464160
464170
464180
464200
464220
464230
464240
464260
464270
464290
464300
464310
464320
464340
464350
464360
464380
464400
464440
464450
464490
464500
464510
464520
464530
464540
464580
464610
464620
464630
464640
464650
464670
464680
464690
464700
464720
464740
464800
464810
464840
464850
464860
464880
464900
464940
464950
464960
464970
465000
465010
465020
465050
465060
465070
465090
465100
465130
465150
465170
465180
465190
465200
465210
465240
465250
465280
465310
465320
465360
465440
465450
465490
465510
465520
465540
465610
465670
465720
465730
465750
465760
465780
465840
465860
465870
465890
465900
465920
465930
465960
465970
465990
466000
466010
466020
466030
466040
466050
466060
466070
466080
466100
466110
466130
466160
466170
466210
466270
466280
466290
466300
466350
466360
466380
466420
466430
466490
466500
466520
466540
466550
466560
466580
466630
466660
466720
466730
466740
466770
466780
466800
466810
466820
466840
466860
466870
466890
466900
466910
466920
466940
466960
466980
467000
467030
467040
467050
467090
467170
467210
467220
467270
467290
467310
467320
467330
467350
467360
467370
467380
467390
467400
467470
467480
467490
467510
467520
467650
467660
467680
467710
467720
467750
467760
467770
467780
467790
467810
467820
467850
467900
467930
467940
467950
467960
467980
468010
468040
468050
468070
468080
468100
468110
468130
468150
468160
468170
468190
468240
468270
468310
468320
468330
468350
468490
468530
468550
468560
468570
468650
468670
468700
468740
468780
468800
468820
468920
468930
469050
469540
469550
469600
469610
469710
469720
469730
469740
469790
469800
469820
469890
469900
469920
469980
469990
470020
470040
470060
470080
470090
470130
470140
470170
470190
470210
470220
470230
470260
470270
470280
470300
470310
470440
470450
470470
470480
470490
470540
470590
470670
470740
470760
470780
470890
471010
471160
471170
471200
471220
471330
471380
471400
471410
471450
471550
471570
471630
471660
471700
471720
471730
471770
471810
471890
471920
472060
472070
472420
472680
472720
472740
472750
472770
472830
472870
473140
473410
473420
473440
473450
473460
473470
473480
473510
473520
473530
473540
473550
473560
473590
473610
473660
473670
473690
473720
473770
473810
473840
473850
473910
473920
473950
473960
473970
474010
474020
474030
474040
474050
474210
474220
474620
474720
474740
474750
474760
474810
474830
474880
474890
474910
474960
474980
475010
475050
475070
475080
475090
475150
475190
475210
475230
475240
475420
475490
475520
475530
475550
475620
475630
475960
476000
476020
476030
476040
476050
476240
476370
476410
476420
476430
476450
476460
476480
476490
476510
476530
476540
476560
476570
476600
476650
476670
476700
476710
476920
477010
477130
477160
477170
477180
477190
477200
477290
477310
477730
477740
477750
477770
477800
477830
477840
477870
477880
477890
477910
477950
478000
478010
478210
478950
478960
478980
478990
479000
479010
479040
479100
479110
479140
479150
479170
479180
479200
479270
479310
479330
479990
480410
480430
480450
480480
480490
480500
480560
480580
480600
480630
480640
480650
480690
480770
480900
481110
481180
481190
481420
481510
481600
481870
481950
482210
482220
482300
482330
482390
482400
482410
482450
482460
482890
482920
483300
483330
483420
483450
483490
483680
483770
483820
483840
483850
483950
483960
483970
483980
484340
484350
484390
484830
484860
484870
484890
484900
484930
484950
485000
485010
485020
485030
485040
485080
485090
485110
485160
485230
485240
485260
485290
485310
485330
485340
485350
485360
485370
485380
485390
485400
485430
485440
485450
485460
485490
485500
485510
485560
485570
485600
485610
485620
485630
485640
485650
485660
485670
485690
485730
485750
485760
485770
485790
485800
485820
485830
485860
485870
485880
485890
485900
485920
485950
485960
485970
485980
486000
486010
486020
486110
486120
486130
486140
486150
486170
486180
486210
486230
486290
486300
486310
486320
486350
486360
486370
486380
486410
486430
486440
486460
486470
486480
486490
486500
486510
486520
486550
486570
486630
486640
486650
486660
486690
486720
486760
486770
486780
486810
486850
486860
486890
486940
486960
486970
486990
487000
487010
487020
487030
487040
487120
487150
487170
487180
487220
487250
487300
487320
487330
487350
487370
487380
487430
487530
487580
487590
487600
487630
487700
487720
487740
487770
488020
488040
488080
488100
488130
488140
488150
488160
488190
488210
488220
488280
488310
488330
488340
488360
488430
488440
488480
488500
488550
488580
488590
488630
488660
488690
488700
488730
488750
488770
488790
488860
488890
488910
488920
488950
488960
488990
489000
489020
489050
489070
489080
489100
489110
489120
489140
489160
489170
489220
489240
489260
489330
489360
489370
489380
489440
489470
489490
489520
489560
489570
489580
489600
489610
489630
489660
489720
489730
489740
489760
489780
489810
489830
489900
489930
489940
489950
490080
490100
490110
490170
490220
490230
490250
490270
490280
490300
490320
490370
490390
490430
490450
490510
490650
490690
490820
490840
490860
490870
490880
490890
490910
490920
490930
490950
490980
490990
491000
491010
491020
491040
491060
491070
491090
491100
491110
491130
491160
491180
491210
491220
491240
491260
491280
491330
491340
491350
491380
491390
491400
491420
491440
491470
491490
491510
491520
491530
491540
491560
491580
491620
491650
491660
491710
491720
491790
491800
491830
491950
492080
492090
492100
492150
492160
492170
492180
492200
492220
492230
492270
492280
492290
492320
492370
492400
492410
492430
492490
492500
492530
492560
492600
492610
492620
492630
492710
492720
492840
492850
492860
492870
492940
492950
492980
493000
493040
493060
493080
493100
493110
493130
493160
493180
493190
493200
493220
493230
493240
493290
493310
493320
493340
493380
493400
493410
493430
493450
493460
493480
493490
493520
493540
493580
493620
493630
493650
493670
493700
493710
493720
493780
493790
493810
493820
493840
493880
493900
493920
493950
493980
494000
494020
494040
494050
494090
494100
494110
494120
494150
494170
494220
494230
494270
494290
494300
494310
494350
494360
494380
494420
494430
494440
494450
494460
494470
494490
494520
494530
494580
494600
494670
494700
494720
494730
494740
494780
494790
494810
494820
494830
494840
494850
494960
494970
494980
494990
495010
495030
495050
495090
495110
495140
495160
495200
495230
495280
495290
495300
495320
495350
495370
495390
495420
495450
495480
495520
495540
495550
495560
495580
495600
495700
495720
495730
495750
495760
495780
495820
495830
495890
495900
495910
495950
495960
495980
495990
496000
496030
496040
496070
496080
496100
496120
496160
496180
496190
496230
496240
496250
496260
496290
496300
496310
496320
496340
496350
496360
496380
496390
496400
496450
496460
496490
496520
496530
496540
496550
496580
496590
496610
496620
496630
496640
496650
496660
496670
496680
496690
496730
496740
496750
496760
496790
496810
496820
496850
496890
496930
496940
496950
496960
496980
496990
497000
497010
497020
497040
497050
497060
497080
497090
497100
497120
497150
497180
497190
497260
497280
497300
497360
497380
497400
497420
497430
497450
497460
497470
497480
497490
497510
497540
497580
497590
497640
497670
497680
497700
497710
497720
497730
497780
497790
497800
497820
497850
497860
497870
497880
497930
497940
497970
498000
498030
498040
498050
498190
498200
498240
498280
498310
498320
498330
498340
498360
498370
498400
498450
498460
498470
498500
498510
498520
498540
498570
498580
498590
498600
498620
498630
498660
498680
498700
498720
498740
498760
498770
498830
498850
498870
498940
498980
498990
499100
499110
499120
499140
499180
499210
499230
499330
499340
499360
499370
499400
499410
499420
499440
499460
499520
499540
499560
499580
499610
499620
499660
499760
499890
499900
499910
499940
499950
500090
500110
500120
500140
500150
500160
500170
500180
500190
500210
500220
500240
500260
500270
500320
500340
500350
500360
500380
500420
500440
500460
500480
500500
500550
500570
500580
500590
500620
500660
500670
500680
500690
500710
500750
500760
500770
500790
500800
500810
500850
500860
500870
500880
500890
500920
500940
500980
501020
501030
501050
501060
501080
501090
501110
501120
501170
501180
501190
501220
501250
501270
501280
501300
501310
501320
501350
501380
501410
501420
501440
501450
501460
501470
501480
501500
501510
501530
501560
501590
501670
501750
501760
501790
501840
501850
501890
501930
501940
501950
501970
501990
502010
502050
502070
502090
502100
502120
502130
502140
502150
502200
502210
502230
502240
502280
502300
502320
502350
502370
502380
502400
502410
502420
502430
502440
502450
502460
502470
502480
502490
502500
502520
502530
502540
502550
502560
502570
502650
502700
502710
502720
502730
502740
502750
502770
502800
502810
502820
502840
502880
502910
502920
502940
502970
502990
503050
503060
503070
503080
503090
503100
503130
503140
503150
503160
503180
503210
503240
503270
503290
503340
503350
503370
503390
503400
503450
503460
503470
503480
503550
503560
503580
503620
503630
503650
503680
503690
503710
503750
503770
503780
503820
503830
503860
503890
503900
503940
503950
503960
503990
504000
504010
504070
504090
504100
504110
504120
504130
504210
504230
504260
504280
504300
504310
504370
504380
504390
504400
504410
504420
504430
504450
504460
504470
504490
504500
504560
504610
504620
504630
504640
504660
504690
504700
504750
504770
504790
504800
504840
504850
504880
504920
504970
504980
504990
505060
505070
505080
505090
505100
505110
505170
505210
505230
505270
505290
505330
505400
505450
505460
505550
505630
505640
505650
505660
505680
505730
505740
505750
506090
506100
506120
506150
506190
506260
506280
506460
506470
506480
506500
506510
506550
506590
506600
506610
506620
506700
506710
506730
506760
506800
506830
506840
506850
506870
506900
506920
506930
506960
506970
506980
507010
507030
507050
507080
507120
507140
507210
507270
507340
507380
507390
507400
507440
507490
507520
508170
508180
508200
508230
508250
508260
508290
508300
508330
508340
508390
508410
508440
508520
508530
508540
508550
508580
508600
508610
508630
508650
508660
508680
508690
508710
508720
508730
508740
508760
508790
508810
508820
508830
508840
508890
508900
508910
508930
508950
508980
508990
509020
509030
509070
509110
509130
509160
509170
509190
509200
509210
509220
509230
509250
509260
509290
509300
509310
509340
509350
509390
509400
509440
509450
509500
509520
509530
509540
509560
509570
509580
509600
509610
509630
509640
509650
509660
509670
509680
509690
509700
509710
509720
509730
509740
509770
509780
509800
509820
509830
509850
509860
509880
509910
509920
509930
509960
509980
510000
510050
510060
510070
510080
510110
510120
510130
510180
510200
510240
510250
510280
510290
510310
510360
510370
510380
510390
510410
510420
510430
510490
510500
510520
510540
510550
510570
510590
510600
510620
510650
510660
510680
510700
510710
510730
510740
510750
510770
510780
510790
510840
510850
510910
510930
510960
510990
511010
511070
511090
511110
511120
511130
511140
511160
511190
511230
511240
511250
511270
511280
511300
511330
511350
511360
511380
511390
511420
511430
511460
511470
511490
511500
511540
511560
511570
511600
511610
511630
511660
511680
511690
511740
511780
511790
511800
511810
511820
511830
511920
511960
512020
512060
512070
512080
512090
512110
512150
512160
512170
512180
512220
512230
512240
512250
512260
512270
512290
512300
512310
512370
512410
512420
512430
512460
512470
512490
512540
512550
512560
512620
512630
512640
512670
512680
512700
512740
512750
512770
512790
512830
512890
512900
512920
512970
513000
513030
513060
513090
513100
513110
513150
513200
513210
513230
513240
513250
513260
513270
513290
513310
513320
513330
513340
513360
513370
513420
513450
513460
513480
513490
513500
513510
513520
513550
513560
513570
513580
513590
513600
513610
513620
513690
513710
513720
513730
513740
513760
513780
513790
513810
513820
513840
513860
513880
513890
513910
513920
513930
513960
513980
513990
514000
514010
514050
514080
514090
514130
514140
514150
514160
514170
514180
514200
514220
514240
514290
514310
514320
514340
514350
514360
514370
514390
514400
514410
514460
514470
514480
514490
514510
514520
514530
514570
514580
514590
514600
514620
514650
514660
514670
514700
514720
514730
514740
514750
514760
514770
514780
514810
514820
514830
514890
514900
514920
514990
515000
515010
515020
515040
515090
515100
515110
515120
515130
515140
515150
515160
515170
515180
515200
515230
515260
515270
515470
515570
515650
515690
515700
515890
515900
515910
515950
515960
516000
516010
516040
516090
516110
516120
516130
516250
516330
516440
516460
516470
516480
516500
516520
516550
516560
516570
516600
516610
516640
516650
516680
516740
516750
516770
516790
516810
516820
516840
516870
516890
516900
516910
516920
516940
516960
517000
517010
517060
517130
517160
517190
517210
517220
517230
517240
517280
517290
517300
517320
517330
517340
517350
517360
517370
517400
517450
517460
517470
517480
517510
517550
517560
517620
517630
517640
517660
517680
517710
517720
517770
517780
517790
517810
517910
517930
517960
517970
517990
518000
518030
518040
518060
518080
518110
518120
518130
518140
518150
518190
518280
518370
518580
518610
518620
518630
518650
518660
518670
518680
518710
518730
518740
518790
518800
518910
518920
519020
519030
519080
519110
519140
519160
519170
519180
519190
519200
519490
519540
519550
519860
519870
519890
519940
519980
519990
520010
520080
520120
520150
520230
520250
520270
520290
520300
520370
520380
520440
520470
520500
520510
520520
520540
520550
520590
520600
520610
520620
520640
520660
520670
520680
520720
520750
520810
520830
520850
520860
520910
520930
520940
520950
520970
520990
521000
521010
521090
521100
521110
521120
521130
521140
521150
521200
521210
521230
521280
521300
521320
521330
521340
521350
521430
521470
521500
521510
521540
521560
521570
521580
521590
521620
521630
521650
521660
521670
521680
521690
521710
521720
521730
521740
521750
521760
521800
521850
521860
521880
521890
521920
521950
521970
521980
521990
522000
522010
522020
522040
522080
522090
522130
522200
522210
522220
522230
522240
522250
522300
522340
522470
522490
522530
522570
522590
522610
522650
522660
522690
522710
522730
522740
522830
522880
522890
522940
522950
522960
522990
523000
523030
523040
523060
523070
523080
523090
523150
523160
523170
523180
523440
523570
523590
523600
523610
523640
523650
523660
523670
523680
523710
523720
523730
523740
523750
523760
523770
523780
523840
523870
523880
523890
523900
523910
523940
523960
524010
524030
524050
524060
524120
524220
524240
524250
524350
524360
524380
524390
524430
524520
524540
524560
524580
524590
524600
524610
524630
524640
524650
524660
524690
524850
524910
524940
525000
525010
525030
525040
525050
525070
525080
525100
525150
525170
525180
525190
525210
525240
525280
525300
525330
525350
525360
525370
525380
525390
525430
525440
525450
525460
525470
525480
525500
525510
525540
525590
525600
525620
525640
525680
525690
525700
525740
525760
525780
525870
525910
525920
525950
525960
526020
526060
526090
526130
526140
526160
526180
526240
526290
526400
526430
526450
526470
526490
526510
526520
526530
526540
526550
526590
526670
526730
526740
526750
526780
526790
526800
526850
526870
526880
526890
526910
526950
526960
526980
527040
527070
527110
527150
527160
527190
527210
527230
527240
527260
527280
527290
527310
527320
527330
527340
527350
527360
527380
527420
527430
527450
527470
527510
527520
527580
527700
527710
527720
527740
527750
527760
527770
527790
527800
527810
527820
527880
527890
527900
527910
527920
527930
527940
527960
527990
528010
528020
528060
528070
528110
528120
528160
528180
528190
528230
528250
528260
528290
528300
528420
528430
528450
528460
528510
528550
528580
528610
528640
528660
528670
528720
528730
528740
528770
528820
528860
528900
528930
528940
528950
528970
528980
528990
529010
529020
529040
529050
529060
529090
529100
529110
529130
529140
529150
529160
529170
529180
529240
529260
529280
529340
529360
529390
529400
529410
529420
529440
529450
529490
529500
529520
529540
529580
529590
529610
529620
529630
529640
529660
529670
529690
529700
529750
529760
529770
529780
529790
529820
529830
529870
529890
529900
529910
529920
529930
529940
529950
529970
530010
530020
530040
530060
530070
530080
530110
530120
530130
530140
530160
530240
530290
530300
530320
530330
530360
530370
530390
530500
530510
530520
530530
530540
530580
530610
530630
530650
530660
530670
530720
530730
530780
530820
530830
530860
530890
530920
530930
530940
530950
530960
531050
531070
531080
531110
531120
531130
531140
531150
531160
531170
531180
531190
531200
531240
531270
531480
531510
531520
531540
531600
531630
531640
531660
531680
531730
531740
531780
531860
531890
531910
531920
531930
531960
531990
532030
532070
532080
532110
532120
532170
532190
532210
532260
532270
532290
532310
532320
532470
532600
532610
532660
532670
532690
532700
532720
532740
532750
532770
532790
532800
532840
532890
532920
532980
533010
533030
533040
533060
533070
533080
533090
533110
533170
533180
533230
533260
533280
533300
533310
533330
533340
533360
533470
533480
533540
533550
533560
533570
533580
533590
533630
533660
533740
533770
533780
533810
533820
533850
533860
533870
533890
533920
533950
533960
533970
534000
534010
534190
534200
534210
534220
534240
534250
534270
534290
534320
534330
534350
534370
534380
534440
534460
534480
534550
534560
534570
534590
534660
534680
534720
534780
534830
534840
534870
534880
534910
534920
534950
534980
535000
535150
535170
535190
535240
535260
535270
535280
535330
535350
535380
535410
535440
535460
535480
535490
535520
535630
535650
535690
535700
535720
535750
535760
535780
535840
535890
535910
535930
535950
535970
535980
536040
536050
536210
536220
536230
536270
536280
536320
536410
536420
536430
536450
536470
536490
536510
536530
536540
536560
536570
536630
536640
536680
536690
536750
536760
536770
536780
536790
536890
536920
536950
536990
537000
537020
537050
537060
537110
537130
537140
537170
537180
537190
537200
537230
537340
537380
537390
537410
537430
537450
537520
537540
537590
537630
537660
537700
537750
537760
537800
537920
537990
538000
538020
538030
538040
538050
538060
538070
538080
538100
538110
538170
538220
538330
538350
538360
538390
538410
538470
538490
538550
538560
538590
538640
538680
538690
538700
538710
538720
538750
538780
538790
538810
538840
538880
538900
538920
538930
538950
538990
539050
539090
539260
539270
539280
539290
539300
539310
539320
539330
539340
539370
539400
539440
539450
539460
539470
539550
539560
539660
539670
539690
539720
539750
539980
540000
540010
540020
540060
540100
540150
540180
540190
540230
540250
540320
540330
540360
540380
540410
540500
540510
540520
540550
540590
540610
540640
540650
540660
540690
540710
540720
540730
540740
540770
540780
540810
540820
540840
540860
540870
540880
540900
541150
541160
541170
541190
541200
541210
541220
541230
541240
541300
541310
541350
541370
541380
541410
541420
541450
541560
541570
541630
541640
541660
541670
541720
541760
541770
541830
541910
541920
541930
541970
542030
542040
542050
542100
542110
542120
542130
542170
542190
542200
542210
542220
542240
542260
542270
542280
542290
542300
542310
542330
542340
542350
542400
542480
542490
542500
542520
542550
542570
542590
542620
542640
542650
542660
542670
542680
542690
542710
542720
542730
542740
542750
542780
542790
542820
542850
542870
542880
542910
542930
542940
542960
543010
543030
543040
543050
543100
543110
543120
543140
543150
543160
543170
543180
543200
543240
543260
543270
543300
543340
543350
543380
543390
543410
543430
543440
543460
543470
543520
543580
543600
543610
543710
543720
543740
543810
543870
543900
543910
543920
543930
543940
543950
543980
544000
544130
544140
544180
544220
544230
544240
544250
544310
544330
544370
544380
544390
544400
544410
544420
544440
544480
544520
544530
544540
544550
544570
544580
544590
544600
544620
544630
544650
544680
544710
544730
544750
544790
544800
544810
544820
544840
544870
544920
544970
544990
545000
545010
545020
545030
545040
545050
545060
545070
545110
545120
545130
545150
545170
545180
545200
545210
545330
545340
545400
545410
545430
545470
545490
545540
545570
545580
545590
545600
545640
545660
545670
545690
545700
545720
545750
545800
545820
545830
545840
545850
545860
545880
545890
545910
545920
545930
545940
545960
545980
546030
546040
546050
546070
546080
546090
546100
546140
546160
546170
546180
546200
546210
546220
546230
546240
546260
546330
546340
546350
546390
546400
546410
546430
546440
546460
546490
546550
546560
546600
546610
546650
546660
546700
546780
546790
546800
546820
546870
546900
546930
546960
546980
546990
547000
547040
547050
547070
547090
547130
547140
547150
547200
547210
547230
547260
547280
547310
547340
547360
547390
547440
547480
547520
547540
547560
547590
547620
547630
547660
547670
547680
547710
547730
547740
547750
547820
547840
547850
547870
547880
547910
547920
547930
547960
547970
547980
547990
548020
548050
548070
548080
548090
548110
548130
548170
548220
548230
548240
548260
548280
548320
548330
548340
548360
548370
548390
548430
548480
548500
548560
548570
548650
548680
548700
548710
548720
548740
548790
548810
548820
548830
548840
548860
548890
548900
549000
549030
549040
549080
549090
549100
549110
549160
549170
549180
549190
549220
549240
549260
549280
549390
549400
549630
549640
549650
549660
549670
549700
549740
549750
549760
549770
549780
549790
549840
549850
549860
549880
549900
549910
549920
549950
550010
550070
550080
550160
550170
550180
550200
550210
550220
550240
550310
550320
550340
550360
550370
550390
550400
550420
550440
550450
550470
550520
550560
550580
550590
550600
550650
550670
550740
550810
550820
550840
550870
550930
550990
551050
551060
551080
551100
551110
551130
551150
551160
551170
551190
551250
551320
551330
551360
551370
551380
551450
551500
551520
551550
551570
551580
551590
551610
551620
551630
551700
551730
551750
551770
551820
551840
551860
551910
551930
551960
552000
552020
552030
552060
552080
552100
552110
552120
552130
552140
552150
552160
552200
552210
552220
552230
552240
552270
552280
552310
552330
552340
552350
552380
552390
552400
552410
552440
552450
552460
552480
552500
552520
552540
552550
552570
552580
552590
552610
552620
552640
552650
552670
552690
552700
552720
552770
552780
552800
552820
552850
552870
552880
552900
552910
552940
552960
552970
552990
553000
553020
553050
553070
553100
553110
553130
553150
553160
553170
553190
553260
553270
553290
553310
553330
553340
553350
553410
553420
553430
553440
553450
553470
553480
553490
553520
553530
553540
553570
553590
553610
553630
553640
553680
553690
553700
553760
553780
553790
553800
553820
553830
553850
553910
553960
554000
554140
554150
554200
554220
554280
554290
554310
554330
554340
554360
554370
554470
554530
554560
554570
554590
554600
554620
554640
554660
554680
554690
554700
554710
554750
554770
554800
554810
554820
554870
554920
554980
555000
555040
555050
555060
555080
555120
555130
555150
555160
555170
555180
555210
555220
555230
555260
555280
555290
555300
555310
555320
555370
555400
555410
555420
555450
555510
555520
555530
555570
555580
555600
555610
555630
555640
555650
555660
555670
555710
555720
555730
555750
555820
555830
555850
555880
555890
555920
555930
555950
556000
556030
556050
556060
556090
556100
556130
556140
556150
556160
556180
556190
556210
556220
556230
556240
556250
556260
556280
556300
556310
556340
556520
556540
556640
556710
556720
556740
556750
556760
556770
556780
556800
556810
556830
556860
556870
556890
556960
556990
557030
557040
557180
557190
557260
557280
557330
557340
557400
557410
557420
557450
557460
557520
557570
557580
557600
557630
557670
557680
557700
557720
557730
557750
557760
557770
557790
557810
557830
557850
557860
557880
557890
557900
557940
557960
557970
558050
558060
558100
558110
558120
558230
558240
558260
558290
558310
558340
558410
558420
558440
558450
558490
558650
558660
558670
558680
558740
558760
558780
558790
558850
558870
558990
559010
559030
559070
559100
559130
559140
559150
559170
559210
559260
559280
559300
559310
559330
559350
559360
559450
559610
559640
559650
559670
559680
559870
559890
559900
559910
559920
559930
559960
560000
560050
560080
560130
560170
560180
560200
560220
560230
560240
560250
560260
560340
560350
560370
560400
560430
560550
560570
560590
560600
560640
560720
560730
560740
560750
560760
560770
560790
560820
560870
560930
560960
560970
561000
561080
561130
561140
561150
561190
561230
561260
561340
561350
561360
561390
561420
561440
561450
561470
561480
561510
561590
561600
561610
561620
561630
561650
561660
561680
561720
561740
561770
561800
561890
561950
561970
562010
562050
562060
562090
562160
562210
562220
562230
562240
562250
562260
562270
562290
562310
562320
562330
562340
562350
562360
562370
562380
562390
562410
562420
562430
562450
562460
562470
562480
562490
562500
562510
562520
562540
562570
562600
562620
562640
562660
562680
562700
562730
562740
562860
563120
563130
563150
563170
563180
563190
563200
563250
563260
563270
563320
563330
563340
563360
563370
563380
563400
563410
563420
563430
563470
563490
563500
563520
563550
563560
563590
563680
563710
563720
563740
563750
563760
563790
563810
563830
563840
563880
563910
564010
564030
564040
564050
564080
564090
564100
564140
564150
564160
564170
564190
564200
564210
564230
564280
564300
564310
564330
564340
564420
564450
564470
564480
564530
564680
564700
564710
564720
564810
564890
564900
564920
564940
564960
564980
565020
565030
565080
565110
565120
565140
565170
565180
565190
565200
565330
565380
565390
565490
565540
565550
565600
565640
565650
565660
565670
565690
565720
565730
565820
565860
565980
566050
566140
566150
566160
566170
566180
566190
566200
566250
566270
566320
566340
566350
566380
566390
566410
566420
566430
566440
566490
566530
566540
566550
566560
566570
566580
566640
566670
566700
566720
566730
566750
566760
566790
566800
566810
566860
566870
566880
566890
566900
566910
566930
566940
566970
567010
567020
567030
567040
567060
567130
567140
567150
567160
567180
567200
567210
567240
567280
567290
567320
567340
567370
567380
567430
567480
567580
567590
567620
567630
567640
567660
567670
567680
567700
567750
567780
567800
567840
567850
567860
567890
567900
567980
567990
568020
568030
568040
568060
568070
568090
568130
568160
568200
568220
568240
568300
568320
568330
568370
568400
568420
568460
568470
568480
568490
568500
568570
568590
568610
568640
568670
568690
568700
568710
568720
568750
568770
568780
568800
568830
568840
568860
568910
568920
568930
569130
569140
569150
569200
569210
569220
569270
569290
569340
569350
569360
569370
569380
569390
569400
569410
569420
569430
569480
569500
569520
569530
569570
569610
569630
569640
569680
569690
569700
569710
569720
569770
569800
569810
569860
569900
569940
569970
570000
570050
570060
570110
570220
570230
570310
570340
570420
570470
570480
570490
570500
570540
570580
570590
570600
570660
570680
570690
570710
570770
570780
570790
570810
570820
570840
570850
570860
570890
570900
570920
570940
570950
570970
570980
571020
571050
571060
571080
571100
571180
571230
571250
571260
571310
571330
571350
571410
571430
571440
571500
571520
571530
571550
571580
571630
571660
571670
571680
571720
571730
571740
571750
571820
571850
571860
571870
571880
571890
572000
572010
572020
572030
572040
572050
572130
572160
572170
572180
572210
572220
572240
572290
572330
572340
572410
572430
572480
572510
572520
572530
572570
572580
572620
572630
572640
572660
572700
572710
572720
572730
572740
572750
572760
572890
572980
573040
573050
573060
573070
573080
573090
573100
573110
573120
573130
573160
573170
573190
573210
573260
573270
573280
573290
573300
573320
573330
573340
573350
573360
573370
573410
573460
573490
573520
573530
573550
573570
573580
573600
573650
573660
573670
573690
573700
573710
573720
573730
573740
573750
573760
573770
573780
573790
573800
573830
573850
573960
574010
574020
574030
574040
574050
574070
574080
574090
574120
574140
574150
574160
574170
574180
574190
574200
574220
574260
574270
574310
574400
574410
574420
574440
574500
574520
574560
574580
574590
574640
574690
574710
574720
574730
574740
574760
574770
574780
574820
574890
574920
574940
574960
574980
574990
575010
575030
575050
575080
575210
575290
575300
575310
575330
575340
575360
575400
575420
575430
575450
575480
575490
575500
575510
575560
575570
575580
575590
575600
575630
575640
575650
575670
575680
575690
575700
575710
575720
575750
575760
575770
575780
575800
575810
575820
575830
575840
575850
575860
575880
575890
575900
575920
575940
575950
575960
575970
575990
576020
576030
576050
576060
576100
576110
576120
576130
576160
576210
576230
576260
576280
576290
576310
576370
576390
576410
576420
576430
576470
576480
576500
576540
576590
576610
576620
576640
576650
576660
576670
576700
576720
576730
576740
576750
576770
576790
576800
576810
576820
576840
576860
576930
576940
576950
576960
576980
577000
577020
577080
577110
577120
577130
577150
577160
577180
577230
577270
577280
577290
577310
577320
577330
577360
577370
577380
577390
577400
577410
577440
577460
577470
577480
577490
577530
577560
577570
577580
577640
577670
577690
577710
577730
577740
577760
577780
577840
577850
577890
577910
577940
577970
577980
577990
578050
578060
578080
578190
578210
578240
578280
578310
578320
578330
578340
578350
578360
578390
578420
578430
578440
578470
578540
578590
578610
578620
578660
578670
578690
578720
578740
578830
578850
578870
578880
578890
578900
578920
578930
578970
578980
578990
579020
579030
579050
579080
579100
579110
579120
579130
579150
579160
579180
579210
579230
579270
579330
579490
579540
579580
579650
579720
579730
579740
579760
579780
579820
579840
579870
579890
579920
579940
579980
580010
580040
580060
580080
580100
580120
580170
580180
580200
580210
580300
580310
580320
580410
580420
580440
580480
580540
580560
580570
580590
580600
580620
580630
580640
580660
580680
580710
580720
580730
580820
580870
580880
580890
580930
580940
580950
581030
581060
581100
581120
581130
581200
581210
581220
581230
581270
581300
581310
581320
581340
581360
581370
581380
581450
581460
581520
581590
581600
581630
581650
581660
581730
581740
581760
581810
581820
581840
581910
581920
581950
581970
581980
582010
582030
582050
582090
582100
582110
582150
582160
582200
582210
582230
582260
582270
582290
582330
582350
582360
582390
582440
582500
582530
582550
582560
582570
582610
582620
582660
582690
582810
582820
582830
582840
582890
582920
582930
582960
582980
582990
583000
583030
583040
583060
583090
583150
583190
583240
583270
583470
583490
583500
583510
583530
583570
583590
583630
583700
583730
583760
583860
583890
583930
583950
584040
584090
584100
584170
584190
584200
584220
584280
584370
584400
584600
584630
584640
584760
584770
584780
584800
584850
584860
584880
584890
584930
584980
584990
585020
585040
585090
585130
585160
585180
585190
585240
585260
585270
585310
585360
585420
585450
585480
585500
585550
585590
585640
585690
585710
585740
585750
585770
585820
585830
585840
585880
585890
585900
585910
585920
585950
585970
585990
586010
586020
586030
586060
586070
586100
586110
586130
586140
586150
586160
586170
586200
586210
586230
586240
586310
586320
586340
586350
586360
586380
586390
586430
586450
586460
586490
586570
586600
586620
586660
586670
586680
586690
586700
586710
586720
586740
586750
586770
586790
586830
586880
586890
586900
586920
586930
586950
586960
586970
586990
587000
587010
587070
587100
587110
587170
587180
587220
587260
587290
587310
587330
587400
587420
587430
587440
587450
587470
587480
587490
587500
587510
587520
587560
587570
587580
587620
587690
587710
587730
587790
587800
587810
587840
587860
587910
587930
587970
587980
588030
588040
588050
588070
588110
588120
588140
588160
588180
588190
588200
588230
588240
588290
588340
588430
588440
588490
588540
588550
588560
588570
588600
588620
588630
588650
588690
588710
588730
588750
588790
588800
588830
588840
588890
588920
588930
588950
588970
588980
589040
589050
589060
589100
589110
589140
589150
589160
589170
589200
589220
589240
589250
589270
589280
589290
589300
589320
589360
589370
589380
589410
589420
589450
589460
589470
589480
589500
589510
589530
589590
589600
589620
589640
589650
589670
589680
589690
589700
589730
589760
589770
589780
589850
589860
589870
589940
590170
590190
590200
590220
590240
590270
590280
590360
590370
590380
590400
590430
590440
590470
590480
590490
590530
590540
590560
590570
590580
590590
590600
590610
590660
590670
590690
590720
590770
590790
590820
590830
590840
590850
590870
590910
590950
590970
591000
591050
591060
591090
591350
591360
591370
591380
591390
591420
591460
591470
591490
591500
591520
591560
591580
591610
591630
591640
591660
591680
591740
591760
591790
591910
591920
591940
591960
591990
592020
592030
592040
592060
592100
592120
592130
592200
592240
592260
592270
592290
592300
592320
592330
592340
592360
592400
592410
592450
592480
592550
592560
592570
592620
592660
592720
592730
592750
592780
592800
592820
592830
592840
592850
592860
592920
593000
593030
593040
593060
593070
593090
593100
593150
593200
593240
593250
593260
593280
593330
593400
593410
593490
593530
593540
593560
593600
593620
593640
593670
593680
593700
593720
593730
593740
593850
593900
593950
593960
593970
593980
593990
594000
594040
594050
594060
594120
594130
594150
594160
594220
594300
594310
594320
594330
594350
594360
594370
594410
594490
594550
594570
594610
594650
594660
594680
594720
594750
594760
594810
594820
594950
594970
595010
595060
595070
595080
595090
595100
595120
595130
595140
595150
595160
595260
595280
595290
595300
595320
595430
595440
595460
595490
595500
595520
595550
595560
595630
595640
595650
595660
595690
595730
595740
595750
595770
595780
595790
595830
595920
595930
595960
595980
595990
596000
596050
596070
596080
596160
596200
596240
596260
596270
596280
596380
596390
596400
596470
596500
596530
596540
596560
596570
596590
596620
596630
596640
596710
596730
596740
596810
596820
596890
596910
596940
596950
596960
596970
596990
597020
597030
597040
597060
597070
597090
597120
597150
597170
597180
597190
597200
597210
597220
597230
597240
597280
597590
597640
597670
597690
597700
597720
597730
597760
597810
597820
597840
597860
597900
597910
597920
597970
597990
598030
598060
598070
598170
598230
598240
598290
598330
598340
598350
598400
598430
598440
598450
598480
598490
598500
598530
598550
598590
598600
598610
598620
598640
598690
598700
598720
598730
598780
598810
598840
598880
598940
598960
598980
598990
599000
599050
599070
599080
599140
599160
599180
599390
599420
599430
599440
599460
599480
599510
599560
599590
599600
599610
599630
599750
599800
599840
599880
599900
599960
600080
600090
600100
600120
600130
600140
600170
600190
600200
600210
600230
600250
600260
600290
600310
600330
600350
600370
600410
600420
600440
600460
600480
600500
600510
600520
600530
600550
600580
600600
600610
600630
600640
600650
600660
600690
600720
600750
600980
600990
601010
601020
601050
601080
601110
601130
601150
601170
601180
601190
601200
601220
601240
601250
601270
601330
601380
601430
601490
601500
601510
601520
601530
601540
601550
601570
601590
601620
601640
601690
601700
601710
601760
601790
601810
601840
601850
601870
601880
601930
601940
601990
602010
602040
602070
602080
602120
602130
602140
602150
602160
602180
602200
602240
602270
602300
602320
602430
602440
602460
602480
602510
602520
602540
602550
602590
602620
602630
602670
602700
602740
602770
602790
602800
602810
602860
602880
602890
602910
602920
602930
602960
603000
603010
603020
603060
603090
603100
603110
603120
603130
603140
603150
603190
603210
603220
603230
603250
603260
603320
603330
603340
603350
603360
603390
603400
603420
603460
603490
603530
603550
603560
603610
603630
603700
603750
603760
603790
603800
603810
603840
603850
603870
603880
603930
603940
603960
603970
603990
604000
604010
604040
604060
604070
604090
604140
604150
604230
604240
604300
604330
604340
604450
604490
604500
604510
604530
604540
604590
604600
604610
604640
604740
604770
604780
604830
604920
604930
604950
604980
604990
605040
605100
605110
605140
605160
605180
605190
605200
605210
605230
605250
605310
605410
605450
605490
605550
605610
605740
605770
605780
605790
605800
605830
605850
605860
605920
605990
606000
606010
606030
606060
606080
606090
606100
606150
606160
606180
606230
606280
606300
606330
606360
606370
606480
606490
606500
606510
606520
606670
606680
606690
606710
606730
606790
606800
606850
606860
606870
606880
606890
606920
606940
606950
606960
606970
606980
607020
607030
607040
607050
607080
607120
607160
607190
607210
607230
607260
607330
607350
607360
607400
607440
607490
607590
607660
607670
607680
607690
607760
607770
607780
607820
607830
607860
607880
607890
608000
608110
608120
608190
608370
608380
608440
608510
608540
608590
608630
608650
608660
608670
608680
608760
608800
608870
608980
608990
609010
609100
609110
609150
609170
609200
609220
609320
609340
609360
609400
609410
609420
609490
609720
609760
609820
609850
609920
609940
610040
610050
610080
610090
610100
610110
610120
610130
610180
610190
610250
610260
610290
610310
610350
610360
610370
610380
610400
610410
610460
610500
610550
610560
610570
610610
610620
610660
610670
610680
610710
610730
610740
610750
610780
610810
610820
610840
610860
610900
610940
610960
610980
611040
611050
611060
611080
611090
611110
611120
611140
611160
611180
611190
611210
611350
611390
611500
611550
611620
611630
611660
611670
611690
611710
611730
611740
611750
611760
611770
611790
611830
611850
611860
611950
611960
611980
612010
612020
612030
612040
612050
612060
612100
612110
612120
612140
612150
612160
612170
612190
612220
612230
612250
612300
612310
612370
612380
612390
612440
612470
612510
612520
612540
612570
612590
612600
612610
612620
612640
612650
612720
612740
612790
612820
612840
612860
612870
612880
612890
612930
612960
613000
613010
613020
613040
613100
613120
613130
613190
613200
613210
613240
613260
613270
613330
613350
613400
613410
613420
613450
613470
613590
613610
613620
613670
613730
613790
613830
613850
613860
613870
613880
613900
613970
613980
614000
614020
614030
614050
614090
614140
614160
614250
614260
614380
614450
614460
614530
614560
614570
614630
614650
614660
614700
614770
614830
614850
614870
614880
614890
614900
614910
614950
614960
615010
615020
615070
615080
615120
615160
615180
615250
615270
615330
615340
615350
615390
615400
615420
615460
615490
615530
615550
615590
615610
615630
615650
615670
615680
615690
615700
615730
615770
615780
615910
615930
615970
616000
616040
616050
616060
616110
616220
616240
616290
616330
616370
616390
616440
616490
616520
616560
616600
616610
616620
616640
616650
616660
616680
616690
616720
616740
616750
616810
616820
616830
616850
616860
616880
616890
616920
616950
617020
617030
617060
617160
617270
617290
617350
617360
617420
617430
617440
617450
617480
617590
617600
617610
617620
617630
617640
617660
617670
617680
617690
617700
617710
617810
617820
617830
617870
618000
618050
618070
618080
618100
618140
618180
618190
618200
618210
618270
618280
618310
618330
618350
618360
618370
618420
618430
618470
618480
618490
618500
618510
618570
618590
618600
618610
618620
618630
618650
618660
618670
618680
618690
618700
618710
618720
618740
618750
618760
618850
618920
618950
618970
619000
619100
619150
619210
619220
619230
619250
619270
619280
619310
619320
619330
619340
619350
619380
619390
619400
619470
619480
619490
619500
619540
619550
619570
619580
619590
619600
619610
619620
619630
619670
619680
619700
619720
619740
619780
619800
619810
619820
619870
619880
619890
619910
619930
619940
620000
620070
620080
620130
620140
620170
620180
620190
620210
620220
620260
620280
620310
620340
620350
620360
620410
620470
620580
620590
620610
620620
620630
620640
620650
620660
620670
620700
620710
620740
620790
620800
620820
620890
620900
620940
620980
621000
621020
621040
621060
621070
621080
621090
621140
621150
621170
621190
621210
621220
621300
621780
621810
621830
621850
621870
621920
621930
621960
621970
622010
622020
622030
622040
622060
622110
622150
622200
622220
622270
622290
622300
622310
622320
622350
622360
622370
622380
622390
622420
622460
622470
622480
622500
622510
622540
622550
622610
622620
622630
622650
622670
622680
622700
622720
622770
622810
622830
622870
622880
622890
622910
622920
622930
622950
622980
623040
623050
623070
623080
623090
623160
623170
623180
623190
623200
623250
623260
623320
623340
623360
623370
623380
623460
623470
623540
623550
623570
623580
623620
623640
623670
623700
623810
623840
623850
623860
623900
623920
623930
623940
624050
624060
624070
624080
624260
624270
624320
624390
624410
624430
624460
624510
624530
624550
624560
624610
624620
624630
624680
624690
624710
624850
624890
624920
624950
624970
624990
625040
625050
625080
625120
625160
625180
625220
625320
625340
625370
625410
625430
625470
625560
625580
625610
625680
625700
625730
625740
625770
625780
625800
625820
625830
625860
625900
625910
625940
625960
625980
625990
626020
626160
626170
626510
626520
626530
626540
626560
626570
626580
626600
626610
626630
626640
626660
626680
626690
626700
626730
626750
626760
626840
627070
627270
627350
627410
627420
627450
627460
627530
627570
627620
627670
627690
627820
627890
627910
627950
627980
628020
628030
628040
628050
628060
628070
628080
628090
628100
628110
628120
628130
628140
628150
628160
628170
628180
628200
628240
628260
628290
628350
628360
628440
628450
628460
628530
628550
628560
628570
628580
628650
628660
628670
628700
628710
628730
628740
628750
628760
628770
628800
628820
628830
628890
628900
628920
628930
628940
628950
628960
628970
629000
629020
629030
629080
629090
629100
629110
629220
629230
629240
629310
629340
629370
629380
629400
629410
629420
629430
629440
629520
629540
629550
629640
629650
629680
629690
629710
629720
629730
629760
629770
629780
629810
629820
629840
629860
629920
629940
629960
629990
630010
630020
630030
630050
630060
630070
630080
630130
630160
630170
630240
630260
630310
630360
630390
630420
630460
630470
630490
630500
630510
630550
630610
630630
630640
630670
630720
630790
630830
630870
630900
630920
631120
631130
631220
631240
631250
631260
631270
631320
631490
631510
631540
631570
631610
631660
631770
631810
631830
631900
631920
631950
631980
631990
632000
632020
632040
632050
632070
632080
632100
632110
632130
632170
632190
632240
632250
632290
632300
632350
632360
632380
632470
632510
632590
632710
632800
632820
632830
632840
632880
632900
632910
633060
633080
633110
633150
633230
633300
633310
633320
633330
633360
633410
633430
633440
633460
633580
633600
633660
633930
633950
633960
634060
634070
634090
634120
634150
634160
634170
634180
634200
634340
634410
634700
635030
635040
635050
635060
635190
635200
635220
635250
635260
635270
635290
635310
635320
635330
635390
635410
635520
635530
635540
635670
635700
635790
635830
635850
635880
635900
635930
635940
636010
636020
636030
636040
636050
636070
636100
636150
636170
636220
636230
636310
636320
636330
636360
636370
636390
636400
636430
636450
636480
636490
636520
636560
636570
636580
636590
636600
636610
636620
636630
636640
636670
636720
636740
636880
636910
636930
636950
636960
636970
637040
637050
637060
637070
637090
637100
637110
637120
637310
637330
637410
637640
637650
637670
637690
637700
637710
637720
637730
637740
637760
637800
637810
637820
637830
637840
637850
637860
637870
637880
637920
637930
637940
637980
638000
638010
638020
638060
638070
638110
638130
638160
638200
638230
638240
638250
638260
638270
638280
638290
638470
638490
638500
638510
638650
638740
638830
638850
638900
638920
638930
638980
638990
639000
639030
639050
639080
639130
639150
639180
639190
639220
639230
639240
639270
639280
639300
639310
639320
639460
639470
639490
639560
639570
639620
639650
639720
639730
639770
639840
639920
639960
640080
640090
640120
640140
640150
640160
640210
640250
640290
640300
640310
640340
640380
640410
640590
640600
640690
640700
640800
640820
640860
640880
640890
640970
640990
641050
641080
641320
641590
641780
641860
641870
641910
641940
641950
641960
641970
641980
641990
642000
642020
642070
642080
642090
642170
642190
642250
642280
642390
642510
642520
642540
642560
642570
642580
642600
642610
642640
642650
642700
642720
642770
642780
642790
642800
642830
642840
642910
643010
643200
643260
643270
643570
643590
643620
643680
643690
643810
643820
643870
643880
643900
643940
643950
643960
643970
643980
644000
644010
644080
644150
644160
644330
644370
644380
644390
644400
644420
644480
644530
644540
644550
644560
644580
644610
644640
644660
644670
644700
644710
644740
644830
644860
644900
644930
645040
645090
645150
645170
645180
645200
645230
645240
645260
645270
645280
645290
645320
645330
645340
645360
645380
645390
645400
645410
645420
645440
645450
645460
645470
645630
645650
645690
645720
645730
645750
645780
645790
645820
645830
645860
645900
645920
645930
645940
645960
646010
646050
646100
646140
646150
646180
646200
646240
646270
646280
646300
646330
646360
646370
646430
646460
646470
646500
646530
646550
646560
646570
646600
646680
646820
646830
646890
646910
646960
647000
647040
647050
647080
647090
647280
647400
647500
647570
647630
647640
647650
647670
647740
647830
647840
647850
647890
647900
647910
647930
647940
647950
647960
647980
647990
648020
648050
648060
648080
648100
648110
648120
648150
648190
648350
648380
648390
648410
648420
648440
648510
648530
648550
648570
648580
648590
648600
648630
648640
648650
648660
648690
648710
648730
648750
648780
648800
648810
648870
648880
648890
649000
649040
649120
649150
649170
649240
649280
649300
649330
649360
649390
649410
649450
649460
649510
649570
649580
649600
649620
649630
649640
649660
649670
649690
649740
649790
649810
649820
649870
649880
649890
649920
649950
649960
649990
650000
650010
650070
650090
650140
650220
650310
650330
650340
650350
650410
650440
650460
650490
650500
650510
650520
650570
650600
650670
650680
650700
650720
650730
650740
650750
650760
650770
650780
650820
650860
650880
650900
650940
650980
650990
651010
651080
651090
651120
651170
651280
651320
651340
651360
651380
651470
651490
651500
651520
651530
651550
651560
651610
651640
651650
651660
651670
651680
651690
651820
651930
651940
651970
651990
652030
652050
652060
652070
652090
652120
652140
652150
652160
652180
652190
652200
652230
652270
652310
652330
652340
652360
652390
652410
652460
652470
652480
652510
652530
652540
652550
652560
652570
652600
652610
652660
652700
652750
652760
652770
652780
652800
652810
652830
652880
652890
652900
652910
652950
652980
652990
653050
653060
653080
653100
653120
653130
653200
653210
653220
653230
653530
653550
653720
653780
653850
653870
653920
653930
653940
653950
653960
653970
654000
654010
654020
654060
654070
654080
654090
654100
654110
654140
654190
654220
654240
654250
654260
654300
654340
654350
654400
654430
654440
654470
654500
654520
654540
654550
654570
654580
654600
654610
654630
654640
654660
654670
654680
654700
654710
654740
654750
654770
654800
654810
654820
654840
654850
654880
654890
654900
654910
654940
654950
654970
654980
654990
655000
655030
655040
655080
655100
655160
655170
655180
655200
655220
655250
655280
655290
655350
655360
655370
655380
655420
655430
655440
655460
655480
655490
655500
655530
655550
655580
655600
655610
655620
655630
655640
655650
655660
655700
655710
655730
655740
655760
655770
655780
655790
655910
655930
655940
655950
655980
656020
656040
656060
656070
656100
656130
656140
656170
656190
656200
656210
656220
656240
656260
656280
656300
656320
656330
656350
656360
656380
656400
656440
656450
656460
656490
656510
656530
656550
656560
656570
656580
656600
656610
656620
656630
656640
656660
656680
656690
656700
656730
656740
656770
656780
656880
656890
656900
656910
656940
656970
657000
657010
657020
657040
657050
657070
657090
657110
657120
657170
657180
657200
657230
657240
657260
657280
657290
657300
657400
657410
657440
657470
657500
657530
657590
657630
657690
657700
657780
657790
657990
658050
658060
658120
658140
658150
658160
658210
658230
658250
658260
658290
658300
658390
658400
658410
658430
658450
658470
658480
658490
658500
658510
658530
658550
658560
658570
658590
658600
658610
658620
658630
658660
658690
658700
658720
658760
658770
658780
658790
658800
658810
658850
658870
658880
658890
658900
658910
658970
658980
658990
659000
659060
659110
659130
659160
659170
659180
659190
659220
659260
659300
659320
659460
659480
659490
659500
659510
659540
659560
659630
659710
659760
659780
659790
659800
659810
659830
659840
659860
659870
659890
659900
659910
659920
659930
659940
659950
659960
660030
660040
660070
660080
660110
660160
660170
660270
660280
660290
660320
660340
660390
660400
660450
660520
660760
660820
660880
660900
660920
660940
660970
660980
660990
661000
661030
661040
661050
661070
661100
661110
661120
661130
661180
661190
661220
661230
661240
661260
661290
661300
661330
661340
661360
661380
661410
661420
661430
661440
661460
661470
661480
661490
661500
661520
661530
661550
661560
661650
661670
661680
661690
661700
661730
661740
661790
661820
661830
661900
661920
661940
661950
661960
661970
661990
662190
662200
662210
662230
662260
662380
662390
662400
662410
662470
662500
662610
662660
662680
662690
662700
662780
662830
662840
662870
662920
662930
662940
662950
662960
662970
662990
663060
663080
663090
663100
663110
663120
663130
663140
663190
663200
663210
663220
663230
663240
663250
663290
663300
663370
663390
663410
663420
663430
663480
663530
663580
663590
663600
663690
663760
663820
663830
663920
664000
664010
664030
664040
664050
664080
664090
664110
664120
664130
664140
664160
664180
664190
664210
664240
664250
664290
664320
664340
664350
664420
664460
664510
664530
664560
664570
664590
664600
664610
664620
664630
664650
664660
664750
664780
664820
664830
664850
664870
665030
665040
665060
665080
665090
665100
665110
665120
665160
665200
665210
665240
665270
665300
665310
665330
665340
665350
665360
665370
665410
665440
665490
665510
665550
665560
665590
665620
665630
665640
665650
665670
665730
665740
665780
665790
665840
665880
665890
665900
665920
665930
665950
665960
665990
666010
666020
666050
666060
666080
666100
666110
666140
666150
666220
666250
666260
666290
666310
666320
666330
666340
666560
666570
666590
666600
666610
666620
666640
666660
666730
666780
666790
666800
666810
666820
666840
666850
666860
666870
666910
666930
666940
666960
667000
667030
667040
667110
667120
667130
667160
667200
667220
667240
667250
667270
667300
667310
667340
667360
667400
667410
667420
667450
667510
667530
667550
667580
667590
667600
667610
667620
667630
667670
667680
667690
667710
667720
667760
667770
667780
667790
667800
667810
667820
667840
667870
667880
667890
667900
667920
667930
667970
668010
668170
668190
668200
668210
668230
668280
668290
668300
668320
668350
668360
668430
668460
668490
668510
668550
668560
668570
668580
668590
668600
668610
668630
668660
668670
668680
668730
668770
668780
668790
668830
668850
668890
668910
668960
668970
668980
669000
669040
669050
669290
669310
669320
669330
669340
669360
669380
669390
669410
669440
669490
669500
669520
669570
669580
669600
669620
669630
669650
669660
669690
669710
669750
669760
669770
669830
669910
669950
669960
669990
670020
670080
670090
670100
670140
670160
670180
670210
670230
670260
670270
670280
670290
670320
670330
670340
670370
670400
670430
670440
670490
670500
670510
670610
670620
670630
670720
670750
670760
670780
670820
670830
670850
670910
670930
670940
670950
671050
671090
671120
671150
671170
671180
671190
671200
671230
671240
671260
671270
671310
671330
671370
671390
671440
671460
671490
671510
671550
671560
671580
671600
671610
671620
671630
671640
671650
671670
671690
671700
671720
671740
671750
671800
671810
671840
671850
671860
671880
671900
671920
671950
671970
671980
671990
672000
672010
672050
672080
672100
672150
672160
672230
672240
672250
672280
672290
672300
672310
672320
672380
672410
672420
672460
672480
672490
672570
672590
672630
672640
672650
672670
672680
672690
672710
672720
672730
672770
672780
672790
672860
672870
672880
672910
672920
672940
672970
673000
673010
673040
673050
673060
673070
673130
673140
673190
673210
673220
673230
673240
673250
673260
673280
673300
673310
673360
673430
673440
673450
673480
673530
673540
673550
673560
673570
673590
673600
673610
673620
673660
673690
673720
673750
673800
673810
673820
673830
673840
673850
673870
673880
673900
673910
673920
673940
673950
673980
674020
674090
674120
674130
674140
674150
674160
674170
674190
674210
674220
674230
674250
674310
674320
674330
674360
674370
674380
674390
674400
674420
674440
674450
674480
674500
674520
674550
674570
674580
674630
674670
674700
674730
674750
674800
674840
674860
674900
674910
674930
674940
674960
674980
675010
675030
675040
675110
675130
675140
675160
675170
675180
675210
675220
675240
675260
675270
675340
675370
675400
675410
675490
675500
675510
675530
675590
675600
675610
675620
675630
675640
675650
675660
675690
675720
675730
675750
675810
675830
675870
675890
675910
675940
675950
675960
675970
675980
675990
676000
676030
676070
676090
676120
676130
676170
676180
676210
676240
676270
676310
676320
676340
676380
676410
676420
676430
676440
676450
676460
676470
676500
676510
676520
676540
676550
676570
676580
676600
676620
676630
676660
676690
676700
676720
676730
676760
676770
676800
676820
676830
676840
676850
676860
676880
676890
676910
676930
676960
676990
677020
677030
677040
677080
677120
677160
677190
677210
677220
677230
677240
677250
677260
677280
677290
677300
677310
677330
677340
677360
677380
677450
677480
677590
677620
677640
677670
677680
677700
677720
677730
677770
677780
677790
677810
677820
677850
677870
677900
677940
677960
677990
678000
678010
678060
678080
678090
678100
678150
678160
678170
678180
678190
678200
678230
678240
678310
678390
678400
678410
678420
678430
678440
678450
678460
678470
678500
678520
678530
678540
678560
678570
678620
678710
678760
678800
678820
678830
678850
678870
678890
678900
678910
678920
678930
678940
678950
678960
678970
679030
679070
679080
679090
679100
679110
679120
679190
679230
679290
679300
679350
679390
679400
679410
679430
679470
679490
679500
679510
679520
679530
679620
679640
679660
679670
679690
679700
679720
679740
679750
679770
679780
679820
679860
679900
679930
679950
679960
680030
680070
680100
680140
680170
680190
680240
680250
680330
680350
680360
680380
680390
680400
680420
680450
680480
680500
680550
680590
680620
680640
680680
680690
680730
680750
680780
680830
680850
680860
680880
680890
680930
680940
680970
680980
681000
681020
681030
681060
681090
681100
681110
681150
681190
681240
681260
681280
681290
681330
681340
681350
681380
681390
681410
681460
681480
681490
681500
681520
681530
681540
681550
681610
681620
681630
681640
681670
681730
681750
681760
681780
681800
681810
681820
681830
681840
681900
681920
681950
681980
681990
682000
682010
682020
682080
682100
682130
682140
682160
682170
682180
682230
682250
682280
682290
682340
682350
682360
682370
682450
682470
682480
682490
682500
682510
682530
682570
682590
682610
682630
682670
682730
682740
682770
682780
682810
682820
682830
682840
682850
682910
682920
682960
682970
682980
682990
683000
683060
683070
683100
683130
683150
683180
683210
683220
683230
683240
683260
683270
683280
683310
683320
683340
683430
683440
683530
683600
683620
683630
683670
683690
683730
683740
683760
683770
683780
683790
683810
683830
683840
683870
683890
683900
683930
683940
683970
684000
684040
684050
684060
684110
684130
684170
684200
684210
684230
684240
684250
684260
684270
684290
684320
684350
684360
684380
684400
684410
684420
684430
684450
684470
684490
684510
684530
684560
684570
684580
684590
684610
684620
684630
684650
684680
684700
684720
684730
684770
684800
684820
684840
684870
684940
684970
684980
685040
685050
685080
685110
685120
685130
685200
685230
685240
685310
685340
685370
685400
685420
685430
685450
685670
685680
685690
685700
685730
685750
685760
685770
685790
685800
685820
685830
685840
685850
685870
685910
685920
685950
685970
685990
686000
686010
686030
686040
686060
686100
686110
686200
686260
686270
686290
686300
686340
686360
686380
686440
686450
686490
686510
686520
686550
686570
686580
686610
686620
686630
686640
686660
686680
686710
686720
686760
686770
686810
686870
686900
686910
686940
686950
686970
686980
686990
687000
687010
687020
687030
687040
687050
687060
687070
687080
687090
687100
687110
687120
687130
687150
687160
687170
687180
687190
687200
687210
687220
687230
687260
687270
687310
687320
687340
687360
687390
687420
687480
687490
687500
687510
687540
687560
687590
687600
687610
687630
687640
687650
687720
687730
687750
687760
687800
687820
687830
687850
687860
687870
687890
687900
687920
687980
688000
688020
688050
688060
688070
688090
688120
688130
688150
688170
688210
688260
688280
688290
688300
688310
688330
688350
688370
688380
688420
688460
688470
688500
688540
688570
688620
688630
688650
688660
688680
688690
688720
688740
688770
688780
688790
688800
688870
688880
688900
688910
688930
688940
689000
689020
689030
689040
689050
689070
689090
689100
689120
689130
689170
689180
689210
689270
689290
689300
689340
689350
689400
689460
689480
689520
689580
689600
689610
689620
689680
689700
689710
689720
689740
689830
689850
689870
689880
689900
689950
689980
690000
690030
690040
690060
690080
690120
690130
690140
690150
690200
690220
690240
690260
690280
690290
690350
690370
690400
690410
690420
690430
690440
690460
690500
690550
690560
690570
690580
690630
690640
690670
690690
690700
690710
690740
690790
690810
690820
690830
690840
690850
690860
690880
690930
690980
691020
691080
691090
691140
691150
691160
691190
691220
691240
691250
691280
691310
691320
691390
691420
691430
691450
691540
691570
691580
691590
691620
691630
691640
691650
691680
691690
691700
691720
691730
691750
691770
691790
691830
691850
691860
691890
691930
691950
691980
691990
692030
692090
692100
692110
692140
692170
692190
692200
692240
692360
692530
692590
692610
692630
692660
692680
692690
692710
692770
692780
692790
692830
692840
692850
692890
692920
692930
692950
693020
693030
693070
693080
693090
693150
693180
693190
693240
693250
693300
693310
693320
693330
693380
693400
693430
693500
693560
693580
693650
693670
693700
693760
693790
693800
693810
693820
693830
693880
693890
693910
693940
693950
693960
693990
694060
694080
694110
694130
694140
694150
694160
694180
694210
694230
694240
694280
694330
694370
694400
694420
694430
694440
694470
694480
694490
694500
694520
694550
694610
694660
694670
694680
694730
694760
694770
694830
694880
694930
694960
694980
694990
695050
695100
695110
695320
695330
695360
695420
695440
695450
695460
695490
695510
695560
695570
695580
695600
695630
695650
695660
695720
695760
695810
695830
695860
695880
695910
695920
695940
695950
695960
695970
695980
695990
696000
696010
696020
696030
696040
696050
696060
696140
696150
696160
696170
696180
696190
696220
696230
696250
696280
696310
696360
696370
696410
696430
696470
696480
696490
696500
696530
696540
696560
696580
696590
696600
696620
696710
696760
696860
696880
696910
696940
696990
697130
697160
697250
697270
697330
697350
697370
697430
697490
697550
697580
697610
697630
697650
697660
697670
697680
697710
697730
697800
697850
697860
697870
697890
697900
697910
697930
697950
697960
697970
698030
698040
698050
698080
698100
698160
698230
698240
698260
698280
698320
698340
698360
698370
698390
698410
698450
698480
698500
698520
698540
698570
698590
698610
698620
698640
698650
698660
698670
698700
698770
698780
698790
698830
698870
698880
698910
698950
698960
698980
698990
699010
699040
699080
699100
699130
699150
699160
699170
699180
699230
699240
699250
699330
699370
699390
699410
699470
699480
699510
699570
699590
699600
699670
699680
699700
699720
699740
699770
699780
699790
699820
699850
699860
699920
699930
699940
699970
699990
700030
700050
700060
700100
700140
700160
700170
700200
700230
700310
700320
700330
700340
700360
700440
700460
700480
700490
700510
700520
700540
700560
700570
700590
700600
700610
700620
700650
700730
700740
700750
700770
700820
700830
700860
700870
700880
700910
700920
700940
700990
701010
701040
701080
701100
701160
701270
701280
701290
701370
701380
701420
701440
701460
701470
701540
701580
701610
701680
701720
701730
701740
701760
701800
701810
701820
701860
701870
701880
701890
701900
701910
701930
701940
701960
701970
701990
702030
702050
702080
702110
702120
702150
702160
702180
702200
702210
702220
702300
702310
702320
702340
702360
702430
702540
702550
702670
702680
702700
702790
702810
702820
702890
702900
702930
702940
702960
703000
703030
703050
703060
703080
703090
703120
703140
703160
703180
703200
703270
703280
703300
703310
703320
703360
703400
703430
703480
703490
703500
703510
703530
703540
703600
703620
703630
703680
703690
703700
703720
703730
703800
703820
703880
703910
703920
703940
703970
703980
704000
704010
704020
704030
704040
704070
704110
704140
704190
704200
704230
704250
704260
704270
704300
704310
704320
704340
704350
704360
704370
704430
704450
704470
704480
704510
704600
704640
704660
704670
704680
704690
704700
704730
704740
704760
704840
704850
704860
704880
704910
704920
704950
704970
704990
705020
705040
705050
705060
705070
705090
705100
705120
705130
705150
705160
705210
705230
705240
705250
705260
705280
705290
705300
705340
705370
705380
705390
705410
705440
705450
705500
705530
705550
705610
705620
705640
705670
705700
705710
705740
705750
705780
705800
705810
705830
705860
705870
705920
705930
706010
706020
706030
706130
706180
706200
706210
706240
706270
706280
706310
706320
706330
706370
706380
706390
706440
706480
706490
706510
706560
706570
706580
706690
706710
706850
706880
706910
706920
706950
706980
706990
707000
707010
707030
707040
707080
707110
707220
707230
707300
707320
707340
707350
707360
707400
707470
707490
707560
707580
707590
707610
707710
707720
707740
707750
707850
707870
707920
707960
708100
708150
708170
708190
708260
708280
708310
708340
708370
708430
708450
708510
708550
708580
708590
708620
708630
708640
708680
708710
708720
708760
708770
708780
708820
708830
708850
708870
708890
708900
708910
708920
708930
708950
708970
708990
709020
709060
709080
709140
709190
709240
709290
709300
709340
709350
709370
709380
709410
709450
709470
709490
709510
709520
709560
709610
709620
709670
709700
709710
709720
709780
709790
709800
709820
709830
709840
709850
709870
709890
709920
709940
710030
710070
710090
710110
710120
710130
710160
710170
710190
710220
710230
710280
710310
710350
710410
710460
710470
710480
710520
710550
710600
710610
710630
710640
710650
710670
710700
710740
710760
710780
710820
710880
710920
710940
710950
710960
710990
711000
711050
711070
711130
711150
711210
711230
711240
711260
711300
711320
711330
711350
711380
711390
711430
711440
711450
711460
711480
711500
711540
711550
711570
711600
711630
711660
711680
711690
711700
711710
711750
711770
711810
711820
711870
711890
711920
711930
711950
711970
711980
712000
712010
712060
712070
712080
712090
712100
712130
712150
712160
712180
712190
712230
712240
712260
712390
712530
712610
712620
712630
712650
712660
712700
712730
712760
712770
712810
712870
712880
712910
712980
713010
713030
713060
713070
713080
713090
713100
713160
713170
713180
713220
713230
713240
713260
713280
713310
713320
713340
713380
713420
713430
713450
713460
713500
713530
713540
713550
713560
713570
713580
713590
713600
713650
713680
713740
713800
713830
713840
713860
713930
713980
714010
714020
714030
714050
714060
714080
714100
714120
714130
714210
714240
714250
714270
714280
714290
714300
714360
714370
714520
714530
714570
714580
714590
714610
714620
714640
714660
714730
714740
714780
714800
714820
714880
714910
714970
714980
715010
715020
715050
715060
715070
715090
715100
715150
715210
715240
715270
715280
715290
715310
715320
715350
715370
715380
715390
715400
715430
715440
715460
715470
715490
715510
715520
715540
715560
715580
715650
715660
715670
715680
715690
715740
715760
715770
715810
715840
715850
715860
715870
715890
715900
715910
715920
715940
715950
715980
715990
716000
716010
716030
716040
716050
716070
716080
716090
716100
716130
716150
716190
716230
716250
716260
716330
716340
716350
716360
716370
716380
716400
716480
716490
716500
716510
716560
716600
716630
716640
716650
716670
716680
716690
716710
716750
716770
716850
716870
716900
716910
716920
716940
716950
717000
717020
717040
717050
717060
717070
717120
717170
717190
717240
717250
717300
717310
717320
717330
717380
717400
717440
717540
717560
717610
717640
717670
717680
717720
717760
717790
717820
717840
717850
717870
717910
717940
717950
717960
717980
717990
718010
718020
718030
718040
718070
718080
718120
718140
718180
718190
718200
718210
718240
718250
718270
718320
718350
718370
718380
718410
718470
718490
718500
718530
718560
718590
718650
718660
718670
718680
718690
718720
718730
718740
718750
718830
718840
718850
718910
718920
718940
718970
718980
718990
719040
719070
719080
719100
719110
719120
719130
719140
719180
719200
719210
719220
719240
719250
719270
719280
719290
719300
719310
719320
719340
719350
719370
719410
719470
719520
719530
719550
719590
719600
719630
719640
719660
719730
719740
719750
719800
719830
719840
719890
719930
719950
720000
720020
720030
720040
720060
720150
720160
720240
720250
720270
720280
720290
720300
720310
720350
720380
720400
720470
720480
720510
720540
720560
720600
720620
720640
720660
720670
720680
720690
720700
720710
720730
720740
720750
720760
720770
720780
720790
720800
720940
720950
721030
721050
721060
721080
721090
721180
721300
721340
721350
721380
721390
721400
721420
721480
721510
721540
721670
721700
721740
721760
721850
721880
721890
721940
721950
721960
721990
722010
722020
722040
722050
722060
722080
722090
722120
722180
722230
722270
722290
722310
722330
722340
722350
722370
722380
722400
722540
722560
722570
722580
722590
722600
722620
722660
722670
722680
722720
722730
722750
722760
722770
722810
722820
722870
722910
722920
722960
722990
723020
723070
723090
723100
723110
723130
723180
723190
723210
723270
723330
723350
723380
723390
723400
723410
723420
723440
723450
723510
723530
723540
723600
723610
723760
723790
723800
723810
723820
723830
723880
723890
723910
723920
723930
723940
723950
723960
724000
724010
724060
724070
724090
724110
724120
724130
724170
724180
724250
724260
724300
724310
724330
724350
724370
724390
724430
724450
724470
724490
724510
724520
724600
724630
724640
724680
724690
724710
724740
724750
724760
724870
724900
724910
724920
724940
724950
724970
724980
725020
725030
725040
725050
725080
725090
725100
725110
725120
725140
725170
725260
725270
725280
725330
725340
725380
725410
725420
725480
725510
725540
725620
725640
725660
725680
725780
725850
725880
725890
725910
725920
725950
725960
725970
725980
726000
726020
726030
726060
726070
726100
726110
726160
726200
726230
726250
726260
726300
726320
726330
726340
726360
726370
726390
726430
726450
726460
726480
726500
726510
726520
726570
726580
726600
726620
726660
726690
726710
726720
726760
726800
726810
726820
726830
726840
726870
726880
726910
726950
726980
727020
727030
727050
727060
727070
727110
727130
727150
727170
727180
727190
727200
727220
727280
727290
727310
727320
727330
727340
727420
727440
727450
727460
727480
727490
727510
727530
727540
727550
727570
727610
727630
727640
727670
727720
727730
727740
727760
727790
727800
727830
727840
727850
727860
727900
727910
727970
728020
728090
728110
728140
728150
728220
728240
728300
728420
728530
728610
728620
728670
728700
728710
728730
728740
728780
728810
728830
728870
728880
728930
728950
728990
729000
729030
729040
729050
729060
729090
729130
729180
729190
729230
729270
729290
729300
729310
729320
729340
729370
729390
729410
729460
729530
729570
729580
729640
729650
729660
729670
729680
729690
729720
729780
729820
729930
729940
729970
729980
729990
730010
730030
730050
730090
730120
730160
730180
730190
730220
730240
730260
730270
730280
730290
730300
730310
730390
730410
730420
730430
730450
730460
730550
730580
730620
730670
730690
730700
730720
730750
730760
730820
730830
730840
730860
730870
730890
730920
731000
731040
731120
731180
731190
731230
731240
731250
731310
731320
731410
731420
731430
731450
731490
731500
731510
731520
731540
731560
731590
731600
731650
731670
731680
731690
731700
731720
731760
731770
731790
731860
731880
731920
731930
731940
731950
732010
732030
732040
732050
732060
732070
732090
732120
732160
732190
732230
732240
732290
732360
732370
732400
732430
732440
732460
732470
732480
732500
732510
732670
732690
732730
732770
732800
732810
732820
732840
732850
732860
732890
732930
732950
732980
733020
733040
733050
733060
733070
733090
733100
733110
733180
733210
733230
733250
733300
733340
733360
733420
733430
733460
733480
733510
733520
733530
733540
733550
733560
733570
733670
733690
733710
733740
733750
733760
733770
733790
733800
733810
733820
733840
733870
733880
733910
733990
734020
734080
734120
734330
734350
734400
734430
734440
734450
734490
734510
734550
734570
734580
734590
734700
734730
734750
734820
734830
734840
734860
734870
734890
734900
734910
734920
734980
735010
735060
735070
735080
735100
735110
735120
735130
735140
735150
735160
735180
735190
735200
735210
735220
735230
735250
735260
735270
735280
735290
735320
735350
735410
735420
735460
735470
735480
735490
735520
735530
735540
735550
735570
735580
735600
735620
735650
735680
735730
735810
736110
736180
736190
736200
736220
736230
736250
736260
736340
736390
736430
736470
736480
736530
736570
736580
736590
736610
736710
736720
736750
736800
736810
736820
736840
736850
736860
736920
736930
736990
737000
737040
737050
737070
737250
737260
737280
737330
737380
737390
737470
737490
737510
737520
737530
737600
737640
737670
737690
737710
737730
737790
737820
737830
737840
737870
737880
737890
737930
737980
738000
738020
738030
738060
738080
738100
738130
738190
738210
738230
738260
738270
738290
738310
738350
738440
738450
738470
738480
738510
738520
738530
738540
738550
738560
738580
738590
738600
738610
738620
738650
738700
738720
738730
738760
738810
738840
738850
738860
738880
738900
738920
739010
739030
739050
739080
739100
739130
739170
739180
739190
739220
739240
739250
739260
739270
739290
739360
739410
739540
739630
739650
739660
739690
739700
739710
739730
739800
739820
739830
739850
739880
739890
739940
739950
739980
740000
740040
740060
740070
740080
740090
740130
740150
740170
740200
740220
740230
740240
740260
740270
740280
740290
740300
740310
740320
740330
740340
740350
740390
740410
740450
740470
740500
740520
740550
740570
740600
740640
740690
740730
740780
740810
740950
740960
740990
741010
741020
741100
741120
741140
741150
741250
741260
741320
741350
741360
741370
741380
741390
741400
741430
741450
741490
741500
741510
741520
741590
741650
741660
741670
741770
741780
741820
741930
741990
742010
742020
742150
742170
742220
742230
742250
742280
742300
742320
742340
742350
742360
742380
742410
742420
742460
742470
742480
742490
742500
742510
742520
742530
742630
742660
742670
742680
742690
742790
742900
742970
742990
743000
743030
743070
743100
743110
743130
743190
743330
743340
743350
743360
743380
743390
743420
743450
743460
743480
743550
743580
743640
743660
743670
743770
743810
743830
743890
743900
743910
743920
743940
743960
743990
744010
744040
744050
744060
744070
744170
744190
744200
744220
744240
744260
744270
744280
744400
744420
744430
744440
744450
744520
744550
744590
744600
744630
744640
744650
744660
744680
744710
744720
744740
744750
744760
744800
744810
744880
744890
744900
744940
744980
745000
745010
745030
745060
745090
745120
745130
745180
745250
745270
745280
745330
745340
745370
745380
745400
745420
745450
745500
745510
745520
745530
745560
745620
745630
745650
745660
745680
745710
745720
745730
745740
745750
745760
745790
745810
745820
745830
745850
745870
745880
745890
745920
745930
745940
745950
745960
745970
746000
746010
746020
746030
746040
746110
746140
746210
746220
746240
746260
746270
746340
746350
746360
746400
746410
746420
746450
746500
746510
746520
746540
746560
746570
746580
746620
746660
746680
746710
746750
746760
746770
746840
746850
746860
746880
746900
746910
746920
746940
746960
746980
746990
747050
747060
747090
747130
747160
747180
747190
747200
747210
747230
747240
747260
747280
747290
747310
747320
747330
747340
747350
747360
747470
747520
747540
747590
747610
747620
747640
747650
747660
747690
747700
747730
747750
747770
747790
747810
747900
747910
747920
747930
747970
747980
747990
748010
748020
748040
748050
748060
748080
748110
748130
748140
748260
748270
748290
748300
748310
748330
748360
748370
748420
748430
748470
748480
748490
748520
748580
748600
748610
748650
748660
748670
748720
748730
748790
748800
748820
748830
748850
748880
748890
748940
748970
748990
749000
749010
749040
749050
749080
749140
749180
749230
749250
749290
749320
749340
749410
749430
749470
749480
749520
749540
749550
749560
749580
749590
749610
749650
749660
749670
749710
749730
749790
749800
749810
749830
749840
749850
749860
749870
749880
749890
749900
749920
749960
749980
749990
750000
750010
750020
750080
750130
750170
750200
750210
750240
750270
750290
750330
750350
750360
750420
750430
750440
750450
750460
750470
750490
750500
750520
750620
750640
750670
750710
750770
750780
750790
750800
750820
750850
750870
750900
750920
750960
750990
751060
751110
751200
751220
751250
751260
751280
751300
751320
751330
751340
751350
751380
751430
751440
751450
751470
751480
751500
751530
751540
751550
751590
751630
751640
751670
751680
751690
751720
751730
751740
751780
751820
751870
751940
751950
751970
751980
752000
752020
752030
752050
752060
752170
752180
752200
752330
752380
752470
752480
752500
752520
752540
752550
752570
752580
752590
752600
752640
752700
752710
752770
752780
752800
752810
752830
752850
752880
752900
752910
753090
753170
753220
753230
753280
753290
753360
753370
753380
753390
753400
753420
753440
753490
753560
753570
753590
753610
753630
753640
753650
753660
753670
753740
753750
753760
753770
753790
753800
753810
753820
753830
753860
753870
753880
753890
753900
753920
753930
753960
753970
753980
753990
754000
754010
754040
754050
754110
754120
754150
754160
754230
754270
754300
754310
754320
754340
754350
754400
754410
754460
754480
754500
754510
754520
754530
754540
754620
754650
754680
754760
754770
754800
754810
754830
754840
754850
754890
754930
755080
755130
755140
755150
755220
755230
755240
755250
755260
755340
755350
755410
755450
755470
755490
755500
755520
755530
755540
755550
755560
755570
755580
755590
755600
755610
755630
755670
755700
755760
755800
755820
755830
755850
755860
755920
755950
755980
756020
756040
756060
756070
756080
756090
756100
756150
756170
756190
756200
756210
756220
756230
756260
756320
756340
756350
756360
756380
756420
756490
756500
756530
756560
756590
756600
756630
756650
756660
756680
756700
756740
756790
756800
756810
756840
756860
756880
756890
756980
757030
757040
757050
757060
757080
757170
757180
757190
757200
757210
757230
757240
757290
757300
757310
757320
757330
757380
757420
757440
757450
757480
757490
757510
757580
757590
757600
757630
757670
757700
757730
757780
757810
757820
757850
757860
757870
757910
757940
757990
758010
758020
758050
758070
758080
758090
758100
758120
758140
758150
758170
758190
758210
758220
758250
758280
758290
758320
758330
758370
758400
758410
758470
758480
758500
758530
758560
758570
758580
758590
758600
758610
758620
758630
758640
758650
758690
758720
758730
758790
758870
758880
758920
758930
758980
758990
759000
759030
759040
759080
759160
759180
759230
759260
759440
759540
759570
759610
759640
759650
759680
759740
759750
759760
759830
759840
759850
759860
759870
759920
759940
759950
759980
760000
760010
760030
760050
760060
760070
760120
760220
760320
760330
760350
760360
760390
760410
760460
760490
760510
760530
760550
760560
760580
760630
760640
760650
760660
760680
760800
760810
760840
760860
760890
760900
760920
760930
760960
760990
761000
761010
761030
761040
761070
761100
761110
761130
761140
761150
761170
761190
761220
761280
761290
761300
761320
761350
761440
761450
761460
761480
761570
761600
761620
761630
761640
761660
761670
761700
761730
761760
761790
761820
761830
761880
761890
761900
761910
761920
761930
762030
762080
762090
762100
762110
762120
762130
762190
762220
762270
762290
762300
762310
762320
762330
762340
762350
762360
762380
762480
762490
762500
762520
762560
762590
762600
762610
762630
762650
762670
762680
762830
762840
762850
762860
762900
762930
762940
762950
762980
763010
763030
763050
763070
763090
763100
763180
763200
763210
763220
763230
763250
763290
763300
763320
763340
763400
763410
763430
763490
763520
763550
763590
763610
763630
763650
763680
763710
763730
763740
763750
763780
763790
763810
763820
763860
763870
763890
763910
763930
763950
763990
764010
764030
764050
764090
764110
764180
764230
764240
764280
764300
764320
764340
764370
764390
764410
764430
764470
764490
764500
764510
764540
764550
764560
764570
764580
764590
764600
764630
764670
764720
764740
764780
764790
764830
764870
764880
764890
764920
764950
764990
765010
765030
765040
765060
765090
765100
765140
765160
765170
765180
765210
765230
765240
765260
765320
765350
765360
765380
765400
765410
765450
765470
765480
765490
765520
765530
765570
765590
765610
765620
765630
765640
765650
765690
765710
765730
765770
765810
765870
765880
765930
765940
765950
766000
766010
766040
766070
766090
766100
766110
766150
766210
766250
766280
766300
766420
766430
766450
766460
766500
766550
766560
766570
766600
766630
766650
766680
766700
766730
766740
766780
766850
766910
766940
767010
767030
767050
767100
767110
767130
767170
767200
767240
767260
767300
767310
767320
767330
767390
767400
767420
767460
767490
767500
767510
767550
767560
767590
767650
767680
767690
767800
767840
767860
767870
767910
767930
767970
767980
768010
768020
768060
768090
768100
768110
768130
768170
768180
768200
768240
768270
768290
768300
768310
768450
768460
768480
768500
768520
768540
768550
768570
768580
768590
768640
768730
768750
768770
768800
768820
768840
768880
768970
768990
769020
769030
769060
769080
769090
769110
769150
769160
769170
769200
769220
769320
769340
769360
769370
769410
769520
769540
769550
769560
769590
769600
769610
769630
769640
769670
769680
769690
769730
769840
769920
769930
769940
769950
769970
769980
769990
770010
770020
770050
770070
770090
770100
770110
770170
770200
770350
770360
770370
770390
770400
770410
770460
770490
770500
770520
770590
770630
770660
770790
770810
770820
770830
770850
770870
770880
770890
770900
770920
771010
771060
771070
771100
771120
771130
771200
771240
771250
771290
771310
771320
771340
771350
771370
771380
771400
771410
771420
771430
771450
771470
771500
771530
771540
771560
771570
771670
771680
771690
771700
771710
771770
771810
771820
771860
771920
771950
771970
772060
772070
772080
772090
772110
772160
772180
772200
772210
772220
772240
772270
772290
772300
772320
772340
772360
772400
772420
772430
772440
772450
772460
772470
772480
772500
772570
772590
772600
772610
772650
772670
772680
772700
772730
772750
772990
773010
773090
773120
773130
773150
773190
773230
773320
773330
773360
773370
773390
773420
773430
773440
773460
773490
773500
773510
773520
773530
773540
773570
773580
773590
773610
773630
773640
773650
773660
773670
773690
773710
773740
773790
773810
773830
773840
773850
773870
773930
774760
775200
775270
775300
775310
775430
775460
775490
775500
775520
775530
775570
775580
775590
775620
775630
775690
775720
775730
775760
775790
775820
775850
775860
775900
775910
775940
775960
776000
776020
776040
776100
776120
776140
776160
776190
776270
776280
776290
776320
776340
776360
776390
776440
776450
776480
776490
776510
776530
776540
776550
776570
776580
776600
776670
776720
776740
776780
776790
776800
776820
776830
776880
776890
776920
776930
776960
776970
777000
777020
777040
777050
777120
777130
777140
777150
777160
777180
777200
777220
777240
777250
777270
777290
777300
777310
777340
777350
777360
777380
777390
777410
777430
777450
777460
777550
777560
777580
777590
777610
777620
777650
777670
777700
777730
777760
777770
777790
777820
777850
777860
777880
777890
778000
778010
778030
778050
778060
778080
778110
778120
778140
778150
778160
778210
778230
778240
778250
778260
778270
778330
778340
778360
778390
778400
778410
778460
778530
778540
778550
778570
778580
778590
778600
778610
778620
778640
778650
778700
778770
778780
778800
778810
778840
778850
778860
778870
778890
778930
778980
779050
779060
779070
779090
779100
779110
779130
779140
779150
779160
779220
779240
779250
779260
779280
779290
779300
779330
779340
779350
779360
779380
779390
779430
779550
779560
779570
779580
779590
779640
779650
779660
779700
779720
779780
779790
779800
779840
779870
779880
779920
779950
779960
779990
780000
780020
780080
780100
780120
780140
780150
780160
780210
780230
780260
780270
780280
780290
780310
780320
780350
780370
780390
780430
780500
780520
780570
780580
780630
780670
780710
780740
780750
780760
780800
780820
780840
780850
780930
780970
780990
781000
781010
781020
781030
781040
781050
781060
781100
781110
781130
781180
781190
781220
781240
781250
781260
781270
781280
781290
781320
781400
781440
781480
781490
781500
781520
781590
781610
781630
781640
781650
781660
781670
781680
781760
781780
781800
781810
781820
781830
781860
781870
781880
781890
781920
781930
781990
782020
782070
782090
782100
782130
782140
782160
782180
782250
782270
782280
782290
782300
782330
782340
782380
782420
782450
782510
782570
782610
782630
782650
782660
782670
782690
782700
783060
783090
783120
783170
783180
783200
783210
783230
783240
783250
783260
783270
783310
783330
783340
783400
783420
783430
783440
783540
783560
783590
783650
783710
783720
783790
783800
783840
783850
783880
783890
783910
783940
783960
784010
784040
784050
784080
784100
784110
784150
784180
784890
784950
785030
785070
785100
785110
785130
785150
785260
785430
785480
785560
785590
785620
785640
785740
785750
785760
785770
785780
785790
785830
785840
785850
785860
785870
785880
785890
785900
785920
785950
785990
786040
786060
786070
786080
786090
786100
786110
786130
786140
786170
786180
786280
786290
786330
786340
786350
786370
786390
786410
786420
786450
786460
786470
786490
786510
786520
786540
786570
786580
786590
786640
786670
786680
786710
786720
786740
786800
786810
786820
786840
786910
786940
786950
786960
786980
786990
787040
787050
787070
787100
787110
787120
787140
787150
787160
787200
787220
787250
787260
787280
787370
787400
787450
787460
787480
787510
787530
787620
787630
787640
787650
787670
787690
787710
787720
787740
787760
787770
787780
787790
787810
787840
787850
787860
787920
787930
787940
787950
787960
787970
787980
787990
788000
788020
788050
788100
788120
788150
788180
788190
788200
788210
788250
788270
788310
788320
788330
788350
788410
788420
788470
788480
788490
788500
788510
788520
788540
788610
788620
788630
788640
788670
788690
788700
788720
788730
788740
788760
788770
788800
788820
788870
788890
788900
788930
788960
788970
789010
789050
789070
789080
789090
789100
789160
789200
789210
789220
789230
789260
789280
789290
789380
789510
789540
789550
789570
789580
789600
789610
789620
789640
789660
789670
789680
789700
789710
789720
789730
789740
789750
789760
789770
789800
789830
789840
789880
789890
789900
789930
789940
789950
789980
790020
790030
790050
790060
790080
790100
790120
790130
790170
790210
790230
790250
790260
790290
790300
790350
790360
790390
790410
790450
790540
790550
790570
790600
790610
790630
790700
790710
790740
790750
790760
790790
790800
790810
790820
790830
790840
790850
790860
790890
790900
790930
790950
790960
790970
791000
791020
791040
791050
791140
791150
791160
791180
791200
791230
791240
791260
791290
791300
791320
791330
791370
791380
791390
791400
791410
791430
791470
791590
791600
791700
791740
791750
791760
791770
791790
791800
791870
791880
791930
791950
791960
791990
792000
792030
792040
792050
792070
792080
792100
792120
792140
792160
792190
792200
792220
792230
792300
792320
792330
792340
792350
792360
792370
792400
792480
792500
792560
792570
792650
792660
792680
792710
792760
792800
792810
792850
792860
792870
792900
792930
792970
793000
793010
793050
793060
793080
793090
793180
793190
793200
793210
793220
793250
793260
793280
793310
793320
793330
793340
793350
793370
793400
793450
793460
793480
793490
793510
793550
793560
793600
793620
793630
793640
793670
793690
793760
793770
793820
793860
793880
793910
793940
793970
793990
794030
794040
794050
794060
794110
794140
794180
794190
794230
794240
794260
794270
794300
794320
794350
794390
794480
794490
794530
794540
794550
794570
794580
794600
794630
794640
794650
794690
794740
794750
794760
794780
794800
794820
794830
794850
794860
794940
794950
794960
794990
795000
795040
795050
795110
795120
795160
795220
795230
795320
795420
795440
795480
795490
795510
795550
795570
795610
795650
795680
795760
795910
795920
795940
795950
795960
796030
796050
796060
796070
796080
796090
796100
796110
796130
796140
796260
796290
796320
796330
796340
796350
796360
796370
796380
796410
796440
796460
796480
796490
796510
796520
796580
796590
796600
796620
796640
796710
796760
796770
796780
796790
796840
796860
796900
796910
796940
796950
796970
796980
797010
797020
797040
797050
797060
797070
797090
797190
797200
797300
797310
797330
797340
797350
797390
797400
797410
797420
797430
797440
797450
797550
797570
797610
797620
797660
797670
797710
797730
797740
797750
797760
797770
797780
797790
797800
797810
797820
797830
797840
797850
797860
797870
797880
797890
797900
797910
797920
797930
797940
797950
797960
797970
797980
797990
798000
798010
798020
798030
798050
798060
798070
798080
798090
798100
798140
798170
798180
798190
798200
798210
798240
798280
798290
798320
798330
798350
798420
798430
798440
798460
798480
798490
798510
798560
798590
798610
798650
798670
798680
798710
798720
798790
798810
798840
798850
798860
798870
798880
798940
798950
799010
799060
799070
799080
799110
799120
799180
799240
799260
799270
799280
799330
799410
799420
799460
799500
799510
799530
799560
799570
799590
799600
799610
799620
799640
799670
799680
799690
799730
799770
799790
799800
799810
799820
799830
799840
799860
799870
799890
799910
799920
799960
800030
800050
800120
800130
800140
800170
800180
800190
800200
800240
800270
800280
800290
800310
800320
800330
800340
800350
800370
800380
800390
800510
800530
800560
800580
800600
800620
800640
800650
800670
800690
800700
800710
800720
800820
800830
800840
800860
800910
800930
800950
800980
801010
801020
801040
801060
801120
801150
801180
801210
801250
801260
801280
801290
801330
801340
801380
801400
801410
801480
801490
801500
801550
801560
801580
801600
801610
801630
801660
801700
801750
801760
801770
801780
801800
801840
801870
801880
801890
801900
801910
801950
802040
802050
802060
802070
802080
802090
802120
802130
802180
802190
802200
802260
802270
802300
802310
802320
802330
802340
802360
802400
802450
802480
802490
802530
802550
802650
802660
802690
802720
802730
802740
802770
802780
802850
802870
802880
802890
802900
802930
803020
803030
803040
803050
803080
803090
803100
803110
803130
803150
803170
803240
803260
803270
803280
803290
803310
803320
803330
803340
803350
803390
803450
803520
803570
803580
803590
803600
803610
803680
803720
803750
803760
803780
803800
803830
803840
803850
803890
803920
803930
803940
803960
803980
804000
804010
804120
804130
804190
804200
804210
804270
804290
804350
804400
804430
804440
804460
804490
804530
804600
804610
804620
804680
804700
804730
804850
804860
804870
804900
804970
804990
805010
805020
805030
805040
805060
805090
805120
805150
805260
805270
805320
805340
805350
805360
805370
805400
805420
805440
805470
805480
805500
805510
805520
805550
805590
805610
805660
805690
805710
805720
805730
805760
805770
805790
805800
805820
805840
805850
805870
805880
805900
805920
805940
805970
805980
806000
806010
806020
806050
806100
806140
806150
806160
806180
806220
806230
806240
806300
806330
806470
806480
806490
806500
806510
806530
806540
806550
806580
806600
806610
806670
806720
806740
806770
806830
806840
806850
806860
806880
806900
806930
806940
806950
806960
806970
806990
807040
807050
807060
807070
807120
807140
807230
807310
807340
807430
807570
807730
807840
807870
807980
808010
808020
808080
808090
808100
808120
808130
808160
808190
808210
808220
808230
808290
808360
808420
808450
808540
808580
808770
808800
808810
808880
808910
808930
808940
808980
808990
809000
809020
809040
809050
809060
809070
809080
809140
809150
809180
809200
809210
809220
809230
809240
809250
809270
809310
809320
809330
809340
809360
809440
809450
809460
809470
809490
809500
809530
809540
809570
809580
809610
809630
809680
809700
809720
809730
809760
809770
809780
809790
809800
809830
809850
809870
809880
809890
809900
810000
810020
810040
810050
810060
810190
810200
810220
810230
810240
810250
810280
810290
810310
810330
810340
810380
810420
810450
810460
810470
810500
810510
810590
810610
810630
810640
810650
810660
810670
810680
810690
810700
810720
810740
810760
810770
810780
810800
810820
810830
810860
810910
811070
811080
811130
811160
811180
811190
811250
811270
811320
811360
811440
811450
811460
811470
811480
811620
811640
811720
811770
811800
811840
811850
811870
811880
811890
811910
811940
811950
811970
812040
812060
812070
812090
812100
812110
812140
812160
812170
812190
812360
812380
812390
812410
812430
812450
812460
812550
812560
812580
812590
812650
812740
812750
812770
812810
812840
812850
812860
812870
812900
812930
812940
812960
812980
813020
813030
813110
813150
813170
813230
813250
813260
813290
813300
813350
813380
813390
813400
813440
813450
813460
813480
813500
813530
813540
813590
813610
813620
813630
813650
813700
813730
813780
813920
813970
814000
814010
814020
814030
814200
814210
814230
814300
814320
814360
814370
814380
814400
814420
814480
814530
814540
814560
814570
814580
814590
814600
814610
814620
814630
814640
814650
814660
814680
814700
814710
814720
814740
814760
814770
814870
814890
814900
814960
814990
815000
815010
815030
815070
815080
815100
815110
815150
815160
815170
815210
815260
815280
815290
815300
815320
815360
815370
815380
815390
815410
815450
815540
815550
815560
815570
815580
815620
815750
815780
815800
815830
815840
815860
815950
816000
816030
816040
816050
816060
816080
816090
816140
816150
816160
816170
816180
816190
816200
816210
816240
816250
816270
816280
816340
816350
816380
816400
816410
816430
816490
816500
816550
816580
816590
816630
816650
816670
816710
816720
816730
816760
816770
816810
816830
816840
816870
816930
816980
816990
817020
817110
817120
817150
817160
817200
817220
817230
817250
817360
817370
817390
817460
817470
817510
817530
817540
817620
817630
817640
817660
817680
817710
817720
817730
817770
817820
817840
817860
817890
817920
817950
817970
817980
818030
818040
818050
818060
818130
818150
818190
818200
818210
818220
818240
818320
818330
818350
818360
818370
818380
818390
818400
818410
818420
818430
818440
818480
818500
818520
818530
818570
818590
818610
818620
818640
818650
818670
818730
818760
818780
818790
818830
818890
818940
818950
818960
818990
819020
819030
819040
819060
819070
819160
819190
819210
819220
819230
819270
819280
819290
819310
819330
819370
819470
819480
819520
819550
819560
819630
819640
819650
819660
819670
819740
819760
819790
819800
819810
819820
819830
819840
819850
819860
819870
819880
819940
819950
819980
820010
820020
820030
820040
820070
820090
820170
820190
820200
820210
820240
820250
820300
820310
820320
820380
820400
820500
820510
820520
820530
820540
820570
820590
820600
820610
820620
820630
820640
820660
820680
820690
820700
820710
820720
820730
820760
820790
820840
820860
820870
820880
820900
820910
820950
821060
821100
821120
821180
821210
821230
821250
821260
821320
821330
821380
821390
821400
821410
821440
821480
821490
821500
821520
821550
821560
821570
821610
821620
821640
821670
821680
821710
821720
821780
821820
821840
821850
821860
821880
821910
821920
822010
822040
822060
822070
822080
822090
822110
822130
822140
822150
822180
822190
822240
822250
822330
822440
822450
822460
822470
822510
822530
822540
822550
822610
822640
822650
822660
822680
822700
822710
822720
822740
822750
822760
822800
822810
822830
822840
822870
822900
822910
822930
822940
822970
822990
823020
823040
823100
823130
823140
823160
823180
823230
823280
823290
823310
823320
823330
823340
823360
823370
823420
823470
823500
823510
823530
823550
823580
823600
823610
823640
823650
823670
823690
823700
823720
823770
823800
823810
823830
823910
823920
823940
823950
824000
824070
824090
824170
824190
824200
824220
824250
824260
824270
824280
824300
824400
824430
824440
824450
824460
824470
824500
824520
824550
824570
824580
824600
824610
824620
824720
824760
824770
824810
824830
824850
824880
824900
825000
825060
825100
825110
825170
825220
825240
825300
825310
825320
825350
825370
825450
825480
825500
825550
825570
825580
825590
825610
825620
825630
825730
825970
826000
826010
826020
826030
826040
826050
826080
826100
826160
826170
826180
826230
826300
826360
826370
826380
826420
826430
826450
826460
826480
826520
826540
826550
826600
826630
826660
826740
826810
826930
826940
827000
827050
827100
827110
827120
827130
827170
827220
827240
827250
827270
827290
827330
827410
827420
827440
827450
827460
827530
827540
827560
827590
827610
827640
827770
827780
827830
827860
827880
827900
827920
827930
827940
827950
828030
828050
828070
828080
828150
828160
828170
828230
828240
828270
828320
828350
828380
828410
828420
828430
828440
828520
828540
828550
828580
828590
828600
828610
828620
828640
828660
828680
828710
828730
828740
828770
828800
828880
828890
828900
828910
828950
828960
828970
829000
829040
829080
829110
829210
829260
829280
829300
829370
829410
829420
829490
829560
829590
829610
829630
829660
829720
829750
829760
829780
829940
830360
830370
830410
830430
830450
830460
830470
830490
830500
830510
830520
830570
830580
830590
830620
830630
830640
830710
830720
830740
830750
830810
830820
830890
830910
830920
830930
830940
830950
830980
831040
831050
831060
831090
831100
831110
831120
831230
831250
831260
831310
831350
831450
831460
831470
831490
831540
831550
831560
831570
831590
831640
831650
831660
831670
831680
831720
831740
831760
831770
831790
831810
831910
831920
832020
832080
832130
832140
832320
832360
832380
832420
832430
832470
832500
832510
832530
832540
832610
832650
832680
832690
832710
832720
832990
833010
833030
833040
833070
833090
833110
833140
833150
833170
833180
833230
833260
833270
833300
833310
833360
833370
833390
833400
833440
833470
833500
833660
833670
833690
833700
833750
833770
833800
833810
833820
833910
833920
833940
833980
833990
834000
834020
834100
834140
834150
834170
834180
834280
834380
834390
834400
834410
834420
834440
834450
834470
834580
834740
834750
834760
834800
834880
834910
834920
834930
835040
835110
835130
835140
835430
835440
835450
835470
835490
835510
835520
835530
835560
835570
835590
835600
835630
835640
835650
835660
835680
835690
835700
835710
835730
835740
835750
835770
835800
835960
836080
836110
836120
836230
836260
836280
836290
836300
836320
836330
836350
836370
836440
836450
836460
836470
836480
836490
836540
836550
836560
836580
836590
836600
836610
836640
836690
836700
836760
836770
836830
836840
836850
836860
836890
836900
836910
836920
836930
836940
837040
837060
837090
837100
837110
837160
837180
837190
837200
837210
837220
837240
837260
837270
837280
837290
837310
837330
837340
837350
837380
837390
837400
837430
837440
837450
837460
837470
837500
837510
837530
837550
837590
837600
837610
837640
837720
837780
837790
837800
837850
837860
837880
837900
837920
837930
837940
837950
838010
838020
838050
838070
838100
838110
838140
838160
838180
838190
838220
838270
838310
838340
838350
838390
838410
838440
838490
838540
838600
838620
838630
838680
838690
838700
838730
838740
838750
838790
838840
838940
838970
838990
839010
839030
839040
839080
839090
839110
839200
839230
839240
839250
839260
839280
839300
839310
839330
839340
839350
839370
839410
839420
839430
839450
839460
839500
839520
839530
839560
839570
839590
839630
839640
839670
839680
839730
839740
839770
839810
839820
839850
839860
839870
839910
839920
839930
839940
839960
839970
840010
840060
840090
840100
840130
840140
840170
840180
840210
840230
840240
840300
840310
840380
840390
840410
840430
840440
840500
840520
840580
840590
840610
840620
840700
840710
840720
840730
840800
840810
840830
840840
840860
840910
840920
840930
840940
840980
841020
841110
841120
841140
841160
841190
841200
841210
841220
841260
841270
841320
841340
841350
841440
841470
841500
841580
841600
841660
841770
841790
841800
841830
841870
841950
841980
842070
842080
842100
842120
842130
842140
842150
842170
842180
842190
842270
842290
842420
842430
842470
842490
842500
842510
842520
842530
842560
842590
842620
842650
842660
842680
842750
842760
842770
842780
842810
842850
842870
842910
842980
842990
843000
843010
843050
843080
843120
843160
843170
843180
843190
843200
843230
843250
843260
843270
843360
843380
843390
843400
843420
843430
843440
843500
843510
843520
843560
843580
843590
843620
843630
843640
843660
843700
843710
843720
843730
843740
843760
843780
843790
843810
843820
843840
843860
843870
843890
843900
843920
843980
843990
844020
844030
844040
844050
844060
844090
844130
844140
844160
844180
844190
844210
844260
844330
844350
844380
844390
844420
844440
844480
844490
844500
844520
844580
844590
844610
844620
844660
844670
844740
844750
844760
844810
844820
844850
844860
844870
844880
844900
844920
844930
844940
844950
844960
844970
844980
845030
845040
845050
845070
845110
845140
845150
845170
845200
845210
845250
845270
845290
845330
845340
845350
845380
845390
845400
845460
845480
845490
845510
845570
845590
845600
845650
845690
845700
845730
845750
845820
845840
845860
845870
845880
845890
845900
845920
845940
845970
846010
846020
846030
846050
846080
846110
846130
846200
846210
846220
846320
846340
846370
846470
846530
846620
846660
846670
846690
846700
846710
846720
846730
846750
846770
846780
846800
846820
846840
846860
846870
846880
847100
847230
847240
847290
847300
847310
847360
847370
847390
847410
847420
847450
847460
847470
847490
847510
847530
847550
847560
847570
847580
847600
847650
847660
847780
847790
847800
847810
847840
847860
847890
847900
847940
848020
848030
848050
848060
848070
848080
848090
848100
848110
848120
848150
848200
848230
848270
848300
848310
848320
848330
848340
848350
848400
848410
848430
848450
848470
848480
848500
848520
848530
848550
848610
848630
848660
848700
848710
848720
848740
848750
848770
848780
848810
848890
848920
848930
848960
849000
849070
849090
849100
849140
849210
849270
849280
849300
849310
849320
849330
849340
849360
849390
849410
849420
849520
849540
849560
849600
849620
849630
849670
849680
849690
849740
849790
849800
849840
849870
849880
849940
849950
849970
849980
850000
850010
850040
850050
850060
850110
850130
850150
850160
850170
850190
850200
850220
850240
850250
850270
850280
850310
850320
850330
850340
850350
850360
850380
850390
850400
850410
850430
850450
850470
850500
850530
850540
850550
850560
850570
850600
850610
850620
850640
850650
850660
850670
850680
850710
850740
850760
850780
850820
850830
850840
850880
850920
850940
850970
850980
850990
851040
851050
851100
851110
851150
851180
851200
851220
851240
851250
851280
851330
851350
851360
851490
851520
851530
851570
851580
851640
851650
851670
851710
851730
851770
851790
851800
851810
851820
851850
851880
851890
851920
851930
851950
851980
852020
852090
852110
852160
852180
852220
852250
852300
852310
852320
852340
852390
852430
852450
852480
852500
852530
852560
852570
852590
852630
852640
852650
852720
852750
852760
852780
852790
852800
852860
852900
852910
852920
853000
853040
853050
853060
853150
853190
853200
853210
853220
853240
853250
853260
853300
853310
853320
853330
853360
853370
853410
853450
853480
853500
853550
853580
853590
853620
853760
853770
853780
853830
853850
853860
853940
853980
854010
854030
854050
854060
854080
854120
854150
854160
854190
854210
854250
854330
854390
854400
854430
854450
854510
854530
854540
854550
854570
854660
854670
854680
854690
854730
854770
854780
854810
854830
854860
854870
854940
854950
854960
854980
855010
855030
855050
855160
855180
855190
855220
855230
855320
855390
855510
855530
855550
855580
855620
855630
855640
855660
855670
855700
855730
855740
855760
855770
855800
855850
855860
855970
856010
856040
856050
856060
856070
856100
856110
856130
856160
856190
856210
856220
856240
856260
856270
856300
856310
856350
856370
856420
856450
856490
856530
856540
856550
856560
856570
856600
856630
856640
856670
856730
856760
856770
856790
856880
856890
856980
856990
857010
857020
857050
857060
857080
857090
857110
857130
857140
857180
857210
857240
857320
857350
857370
857390
857410
857420
857450
857460
857470
857480
857500
857510
857520
857540
857600
857680
857690
857700
857710
857740
857770
857850
857860
857890
857900
857940
857950
857970
857980
858010
858030
858040
858050
858060
858070
858080
858090
858100
858130
858170
858180
858210
858250
858260
858270
858290
858320
858360
858380
858420
858440
858500
858560
858600
858630
858680
858710
858730
858740
858760
858770
858780
858810
858820
858840
858860
858870
858880
858940
858960
858980
859050
859090
859150
859180
859200
859220
859280
859340
859350
859370
859380
859440
859460
859470
859490
859510
859530
859540
859560
859570
859580
859610
859640
859660
859670
859700
859720
859740
859820
859870
859950
859970
859990
860000
860020
860030
860070
860080
860090
860260
860290
860330
860340
860350
860400
860430
860440
860450
860480
860490
860500
860510
860530
860550
860590
860620
860630
860640
860650
860660
860680
860730
860770
860790
860820
860860
860880
860890
860910
860930
860950
860960
860980
860990
861000
861010
861020
861030
861050
861080
861200
861210
861230
861250
861260
861270
861280
861290
861330
861350
861390
861400
861410
861510
861520
861540
861550
861580
861590
861640
861650
861670
861710
861720
861730
861740
861750
861760
861770
861790
861860
861880
861910
861930
861940
861960
862110
862130
862150
862160
862190
862200
862280
862300
862370
862390
862440
862460
862480
862490
862500
862570
862580
862630
862690
862700
862740
862770
862800
862850
862880
862920
862990
863120
863170
863190
863230
863270
863280
863290
863310
863380
863400
863410
863430
863460
863470
863490
863500
863560
863570
863580
863590
863640
863660
863670
863690
863730
863810
863840
863870
863900
863920
863930
863940
863970
863980
864010
864020
864060
864100
864110
864150
864160
864190
864200
864300
864310
864360
864370
864420
864430
864450
864480
864500
864510
864530
864540
864550
864560
864570
864590
864600
864680
864700
864730
864740
864760
864810
864850
864860
864880
864960
864970
865040
865060
865090
865100
865180
865190
865200
865220
865260
865270
865310
865330
865360
865370
865390
865540
865570
865610
865630
865640
865680
865720
865750
865760
865770
865800
865820
865830
865850
865860
865880
865890
865930
865940
865980
865990
866010
866020
866040
866080
866100
866120
866140
866190
866270
866310
866320
866340
866400
866420
866430
866440
866450
866500
866510
866520
866540
866570
866700
866710
866730
866740
866750
866770
866780
866790
866800
866960
867010
867050
867110
867120
867140
867180
867210
867250
867290
867380
867390
867400
867420
867460
867480
867490
867510
867530
867540
867550
867590
867640
867660
867690
867700
867710
867750
867760
867770
867790
867800
867850
867900
867920
867960
867980
868000
868010
868020
868040
868070
868080
868090
868100
868110
868130
868150
868170
868180
868190
868210
868230
868240
868260
868320
868360
868370
868380
868400
868410
868420
868430
868440
868450
868460
868500
868520
868550
868560
868580
868600
868660
868710
868760
868770
868780
868830
868870
868880
868890
868910
868920
868930
868940
868950
868960
868970
869010
869030
869060
869080
869090
869100
869130
869170
869260
869280
869290
869300
869340
869350
869390
869400
869420
869430
869470
869490
869500
869530
869540
869560
869580
869620
869630
869650
869660
869690
869740
869840
869850
869860
869870
869880
869910
869930
870010
870020
870030
870080
870100
870110
870120
870140
870150
870160
870180
870190
870200
870260
870270
870280
870290
870390
870430
870450
870520
870540
870550
870580
870590
870620
870670
870680
870690
870730
870740
870750
870780
870800
870820
870870
870890
870940
870990
871100
871150
871170
871190
871200
871210
871220
871230
871270
871280
871290
871300
871310
871330
871400
871410
871420
871490
871510
871530
871540
871550
871570
871580
871590
871620
871650
871670
871710
871720
871810
871850
871870
871900
871920
871930
871940
871950
871980
871990
872000
872040
872060
872070
872080
872090
872110
872180
872200
872220
872230
872240
872270
872310
872330
872340
872350
872360
872380
872410
872420
872430
872440
872490
872520
872550
872560
872570
872580
872590
872600
872630
872670
872680
872700
872720
872730
872970
872990
873040
873050
873070
873090
873160
873190
873200
873210
873220
873230
873250
873270
873280
873320
873330
873370
873390
873410
873470
873490
873500
873560
873610
873660
873710
873720
873730
873780
873790
873810
873830
873840
873850
873870
873900
873920
873930
873940
873960
873970
873980
874010
874020
874030
874040
874060
874080
874130
874140
874200
874230
874260
874270
874310
874330
874370
874390
874400
874440
874450
874460
874610
874630
874640
874650
874690
874700
874760
874770
874780
874810
874840
874880
874930
875080
875100
875160
875190
875210
875240
875270
875290
875300
875310
875320
875340
875410
875430
875440
875500
875510
875520
875530
875540
875550
875600
875610
875620
875630
875670
875710
875740
875760
875780
875790
875800
875810
875830
875840
875930
876110
876130
876140
876150
876180
876210
876220
876270
876290
876300
876310
876320
876340
876370
876380
876410
876450
876470
876500
876540
876560
876580
876590
876650
876780
876810
876840
876850
876880
876890
876900
876920
876930
876960
876980
877010
877040
877060
877070
877080
877150
877180
877200
877250
877270
877280
877300
877310
877330
877360
877380
877400
877480
877510
877550
877610
877680
877710
877750
877780
877800
877810
877850
877870
877910
877940
878000
878020
878090
878100
878110
878120
878140
878150
878170
878180
878240
878250
878270
878280
878290
878300
878310
878320
878330
878340
878350
878380
878420
878440
878470
878500
878510
878520
878540
878580
878590
878610
878620
878640
878660
878670
878680
878710
878750
878780
878810
878900
878910
878950
878970
878980
879000
879030
879050
879060
879090
879100
879140
879160
879200
879250
879270
879280
879290
879320
879330
879390
879410
879420
879430
879450
879470
879480
879510
879520
879530
879600
879610
879620
879660
879670
879720
879740
879850
879920
880130
880180
880200
880210
880220
880270
880300
880320
880340
880370
880400
880490
880510
880550
880570
880580
880590
880610
880620
880640
880720
880730
880740
880750
880770
880780
880800
880830
880840
880850
880880
880940
880950
880990
881020
881040
881050
881060
881090
881100
881110
881130
881190
881230
881260
881300
881310
881320
881420
881470
881490
881500
881510
881520
881560
881610
881620
881670
881680
881690
881730
881750
881820
881830
881880
881920
881930
881960
881970
881980
882020
882040
882080
882100
882110
882120
882140
882150
882200
882220
882230
882250
882260
882390
882410
882460
882560
882590
882600
882630
882640
882670
882680
882700
882710
882760
882790
882840
882900
882940
882960
882990
883000
883020
883070
883080
883100
883130
883160
883190
883200
883210
883220
883230
883280
883300
883330
883360
883400
883560
883590
883630
883640
883670
883680
883710
883780
883790
883810
883830
883840
883860
883870
883880
883900
883930
883960
884000
884080
884090
884160
884180
884260
884270
884320
884350
884390
884400
884410
884420
884430
884440
884460
884470
884500
884530
884550
884620
884630
884640
884660
884700
884730
884880
884900
884920
884960
884980
884990
885000
885030
885070
885120
885140
885150
885190
885220
885290
885320
885380
885430
885450
885470
885480
885510
885530
885570
885590
885630
885640
885650
885690
885730
885780
885790
885810
885890
885910
885940
885950
885970
886010
886020
886040
886060
886070
886110
886120
886180
886200
886220
886230
886250
886270
886290
886300
886310
886330
886350
886360
886370
886380
886390
886420
886430
886450
886460
886470
886490
886530
886590
886600
886610
886630
886670
886730
886820
886830
886900
886950
886960
886970
887040
887060
887160
887170
887280
887300
887330
887340
887370
887380
887400
887420
887440
887450
887490
887510
887520
887530
887570
887660
887710
887720
887730
887740
887750
887780
887800
887820
887850
887870
887880
887890
887900
887910
887920
887930
887940
887950
887960
887970
887980
888000
888010
888040
888070
888090
888140
888200
888310
888360
888380
888430
888480
888490
888530
888540
888560
888570
888610
888620
888630
888640
888670
888690
888710
888740
888760
888790
888800
888810
888880
888900
888970
888990
889000
889060
889100
889120
889130
889150
889170
889200
889220
889240
889260
889280
889290
889320
889380
889400
889430
889450
889470
889480
889510
889520
889530
889600
889620
889630
889640
889700
889710
889720
889730
889740
889770
889790
889850
889900
889910
889920
889970
889990
890020
890070
890130
890180
890200
890210
890220
890250
890290
890300
890310
890400
890470
890480
890500
890520
890540
890550
890570
890590
890640
890680
890690
890710
890720
890740
890750
890800
890820
890880
890890
890900
890910
890920
890930
890970
891020
891030
891040
891100
891110
891120
891130
891170
891180
891190
891200
891220
891240
891250
891270
891290
891310
891320
891340
891350
891360
891370
891380
891420
891430
891470
891480
891490
891510
891530
891540
891550
891700
891710
891720
891850
891870
891950
891960
891990
892020
892130
892160
892170
892180
892200
892210
892300
892310
892380
892390
892420
892470
892490
892550
892560
892630
892640
892760
892780
892830
892860
892870
892880
892900
892910
892930
892940
892960
892970
892980
892990
893000
893010
893020
893030
893050
893060
893070
893090
893120
893150
893160
893170
893180
893330
893350
893390
893420
893450
893460
893470
893480
893490
893500
893550
893560
893570
893590
893610
893620
893640
893650
893680
893690
893720
893790
893810
893840
893850
893870
893880
893900
893910
893940
893950
893960
893980
894000
894010
894020
894060
894090
894120
894150
894160
894270
894330
894340
894360
894380
894390
894420
894430
894460
894500
894540
894570
894610
894620
894630
894730
894740
894750
894820
894830
894890
894940
894970
895000
895060
895110
895120
895130
895140
895170
895180
895200
895210
895220
895240
895250
895260
895270
895280
895290
895300
895370
895400
895420
895430
895470
895480
895490
895550
895580
895600
895620
895650
895670
895740
895750
895760
895860
895870
895890
895900
895930
895950
895960
895970
895980
895990
896000
896030
896040
896110
896160
896170
896180
896220
896230
896240
896340
896350
896370
896380
896400
896440
896460
896500
896520
896550
896570
896590
896650
896680
896750
896760
896850
896880
896890
896910
896940
896950
896960
896970
896980
896990
897000
897010
897020
897030
897040
897100
897110
897120
897220
897270
897280
897300
897330
897350
897360
897380
897410
897420
897440
897450
897530
897550
897560
897610
897630
897640
897670
897700
897730
897740
897760
897770
897800
897820
897830
897880
897890
897900
897910
897930
897940
897970
898000
898040
898080
898090
898120
898160
898170
898190
898240
898250
898310
898320
898340
898380
898400
898430
898440
898450
898460
898490
898500
898520
898580
898650
898660
898680
898690
898710
898720
898750
898780
898790
898800
898810
898830
898890
898910
898920
898930
898950
898980
899000
899020
899090
899100
899130
899160
899180
899190
899200
899220
899270
899290
899310
899350
899360
899390
899440
899460
899470
899480
899530
899540
899570
899590
899610
899630
899640
899650
899760
899770
899800
899810
899820
899830
899840
899850
899860
899870
899880
899890
899900
899930
899940
899970
899990
900010
900040
900050
900060
900270
900290
900310
900330
900340
900370
900380
900390
900400
900490
900790
901000
903040
903150
903160
903180
903310
903450
903580
903620
903630
903640
903680
903690
903700
903710
903730
903740
903760
903780
903830
903850
903880
903950
904050
904120
904130
904160
904270
904300
904310
904320
904340
904360
904380
904400
904430
904440
904500
904520
904530
904540
904570
904600
904680
904700
904740
904750
904780
904800
904820
904860
904890
904900
904950
904960
904990
905010
905020
905050
905060
905070
905120
905130
905150
905180
905250
905260
905330
905340
905350
905380
905390
905440
905460
905490
905510
905590
905630
905640
905650
905660
905670
905690
905790
905800
905840
905860
905870
905880
905890
905960
905970
906010
906030
906050
906100
906110
906120
906150
906160
906190
906280
906300
906390
906480
906510
906560
906600
906650
906660
906680
906730
906740
906790
906850
906870
906880
906910
906920
906930
907000
907020
907030
907040
907050
907080
907090
907160
907180
907190
907210
907220
907240
907250
907270
907310
907330
907350
907390
907410
907460
907470
907510
907520
907540
907560
907590
907620
907650
907670
907710
907760
907770
907820
907870
907900
907920
907950
907970
908000
908010
908020
908040
908050
908060
908070
908090
908100
908120
908150
908180
908230
908260
908270
908310
908320
908350
908360
908390
908400
908420
908480
908500
908520
908560
908590
908620
908690
908710
908740
908750
908790
908840
908920
908950
908960
908990
909010
909020
909050
909080
909100
909110
909150
909170
909190
909220
909270
909320
909330
909340
909380
909390
909430
909460
909470
909480
909500
909570
909580
909630
909640
909660
909670
909820
909830
909850
909900
909970
910050
910150
910190
910200
910210
910220
910230
910250
910260
910280
910290
910320
910370
910380
910390
910420
910430
910450
910460
910470
910490
910500
910530
910540
910590
910630
910660
910700
910730
910770
910830
910850
910880
910930
910990
911010
911040
911050
911100
911120
911130
911170
911180
911200
911210
911220
911230
911240
911250
911270
911280
911290
911310
911320
911400
911420
911430
911480
911500
911510
911520
911550
911580
911590
911630
911640
911660
911680
911690
911760
911860
911880
911950
912070
912110
912120
912140
912190
912210
912250
912260
912350
912360
912370
912380
912390
912450
912460
912500
912510
912520
912550
912560
912570
912580
912590
912650
912660
912730
912770
912790
912810
912820
912840
912870
912920
912990
913000
913010
913060
913090
913100
913110
913120
913130
913160
913180
913210
913250
913260
913270
913280
913320
913350
913370
913420
913440
913550
913570
913590
913600
913610
913650
913660
913670
913690
913710
913720
913740
913750
913780
913830
913850
913890
913900
913920
914000
914010
914020
914050
914070
914080
914090
914130
914140
914170
914180
914190
914200
914220
914260
914280
914290
914320
914350
914400
914420
914430
914440
914450
914480
914500
914560
914570
914600
914620
914630
914640
914680
914690
914710
914720
914750
914800
914830
914850
914890
914900
914970
915020
915060
915120
915130
915160
915190
915200
915230
915300
915310
915320
915330
915360
915380
915430
915440
915460
915490
915540
915560
915570
915600
915610
915630
915650
915670
915710
915720
915730
915760
915770
915810
915820
915850
915860
915930
915960
916030
916040
916050
916060
916070
916100
916120
916130
916140
916150
916160
916170
916180
916220
916240
916250
916260
916290
916320
916340
916350
916360
916370
916380
916390
916410
916440
916470
916480
916510
916540
916580
916630
916640
916730
916840
916860
916880
916900
916910
916930
916950
916960
916970
917000
917010
917020
917030
917040
917050
917090
917130
917140
917150
917170
917200
917220
917240
917290
917380
917390
917550
917600
917680
917710
917720
917740
917760
917770
917780
917800
917830
917840
917850
917870
917900
917910
917920
917940
917950
917990
918000
918060
918070
918080
918100
918110
918170
918180
918260
918300
918320
918380
918410
918440
918450
918500
918530
918550
918570
918610
918620
918670
918680
918700
918720
918740
918800
918810
918820
918900
918950
918970
918990
919010
919040
919150
919160
919170
919180
919200
919220
919240
919260
919280
919290
919320
919330
919340
919360
919370
919400
919410
919440
919610
919640
919680
919690
919730
920190
920200
920210
920280
920320
920450
920460
920490
920500
920510
920520
920530
920560
920570
920580
920590
920600
920620
920630
920680
920710
920720
920730
920770
920780
920800
920820
921050
921070
921090
921390
921420
921430
921450
921490
921500
921520
921530
921570
921590
921660
921690
921700
921710
921720
921730
921740
921770
921780
921800
921840
921850
921890
921900
921950
921960
921970
922020
922040
922050
922060
922090
922100
922130
922140
922150
922220
922230
922290
922320
922400
922410
922450
922460
922470
922480
922490
922500
922510
922520
922530
922550
922590
922620
922630
922650
922700
922710
922800
922810
922820
922880
923010
923030
923050
923080
923100
923130
923140
923230
923240
923260
923290
923340
923350
923370
923400
923420
923460
923470
923480
923500
923510
923530
923550
923570
923580
923590
923640
923670
923690
923710
923730
923760
923780
923790
923810
923840
923850
923880
923890
923900
923910
923930
923970
924020
924050
924070
924090
924100
924130
924140
924200
924210
924250
924280
924310
924360
924370
924390
924420
924430
924460
924500
924520
924650
924730
924740
924750
924770
924780
924790
924800
924870
924900
924940
924960
924970
924980
925010
925040
925050
925060
925070
925090
925110
925120
925160
925170
925280
925290
925330
925340
925370
925440
925460
925470
925490
925520
925540
925550
925560
925570
925580
925650
925670
925680
925690
925700
925810
925830
925900
925910
925930
925940
925950
926010
926070
926090
926100
926110
926120
926130
926140
926170
926180
926210
926240
926250
926310
926330
926340
926350
926370
926390
926400
926420
926440
926450
926470
926490
926520
926540
926580
926590
926610
926720
926810
926820
926860
926870
926990
927050
927080
927120
927150
927190
927250
927270
927310
927580
927670
927730
927800
927840
927850
927860
927890
927930
927970
927990
928070
928130
928140
928160
928180
928210
928230
928300
928350
928370
928390
928410
928440
928480
928520
928610
928660
928670
928680
928830
928840
928880
928920
928940
928950
928960
928970
928990
929010
929020
929030
929060
929120
929140
929150
929160
929170
929180
929190
929200
929210
929230
929270
929280
929290
929300
929310
929340
929350
929400
929410
929420
929430
929440
929450
929460
929470
929480
929510
929530
929570
929600
929610
929630
929640
929670
929720
929740
929800
929850
929910
930010
930020
930030
930100
930110
930150
930200
930210
930280
930290
930300
930310
930320
930360
930430
930480
930500
930600
930620
930630
930640
930710
930780
930840
930850
930860
930870
930910
930970
931000
931040
931090
931120
931150
931180
931200
931220
931250
931260
931270
931280
931310
931360
931430
931470
931480
931500
931520
931530
931560
931590
931620
931650
931680
931690
931700
931780
931810
931820
931830
931840
931860
931870
931880
931930
931940
931950
932070
932120
932150
932160
932190
932200
932210
932220
932240
932270
932300
932330
932350
932420
932450
932500
932530
932560
932570
932600
932640
932670
932740
932780
932790
932800
932810
932820
932850
932870
932920
932930
932940
932950
932970
932980
932990
933030
933060
933080
933100
933110
933140
933160
933210
933230
933250
933260
933290
933300
933380
933390
933430
933450
933460
933470
933490
933500
933510
933520
933530
933540
933550
933560
933570
933590
933610
933660
933740
933770
933820
933840
933850
933860
933900
933920
933930
933940
933970
934070
934120
934180
934200
934220
934250
934260
934300
934410
934480
934500
934510
934520
934540
934550
934580
934590
934600
934630
934670
934700
934710
934780
934800
934810
934830
934840
934850
934860
934930
934950
934990
935010
935070
935110
935180
935190
935240
935250
935320
935350
935360
935390
935400
935490
935510
935560
935570
935580
935590
935610
935630
935640
935660
935700
935720
935750
935790
935810
935840
935860
935880
935910
935920
935930
935940
935950
935960
935970
935980
936000
936010
936020
936060
936140
936160
936170
936180
936190
936270
936470
936490
936500
936510
936530
936580
936600
936610
936650
936700
936720
936740
936770
936780
936790
936800
936810
936820
936930
936950
936980
937020
937050
937070
937090
937120
937130
937160
937170
937180
937310
937320
937350
937380
937390
937400
937460
937490
937520
937570
937580
937620
937690
937740
937770
937780
937820
937850
937860
937870
937910
937940
937950
937960
937970
937980
938000
938050
938070
938170
938220
938240
938250
938270
938280
938300
938310
938340
938360
938380
938410
938480
938490
938510
938520
938540
938560
938600
938610
938630
938640
938660
938680
938810
938820
938840
938860
938870
938940
938950
938960
938980
939000
939100
939120
939150
939200
939210
939230
939240
939250
939320
939330
939350
939360
939390
939400
939410
939450
939470
939480
939520
939560
939580
939600
939620
939700
939750
939790
939850
939860
939870
939920
939960
939970
939990
940080
940140
940190
940240
940300
940310
940320
940330
940350
940380
940390
940500
940520
940530
940570
940580
940590
940600
940630
940640
940650
940680
940710
940780
940790
940800
940810
940820
940850
940870
940910
940980
940990
941000
941020
941030
941040
941050
941080
941120
941160
941200
941300
941320
941330
941350
941390
941410
941460
941480
941530
941540
941570
941600
941620
941630
941640
941650
941710
941730
941790
941800
941850
941890
941920
941950
941960
941970
941980
942010
942020
942050
942060
942140
942200
942210
942250
942270
942280
942340
942370
942440
942480
942490
942510
942530
942600
942760
942800
942850
942870
942900
942930
942970
942990
943010
943030
943040
943070
943080
943140
943170
943180
943190
943200
943210
943230
943260
943290
943310
943370
943380
943390
943410
943440
943510
943520
943590
943640
943670
943680
943690
943700
943720
943810
943820
943850
943870
943900
943920
943960
943970
943980
944010
944020
944030
944050
944070
944080
944120
944220
944250
944260
944290
944300
944330
944340
944380
944430
944440
944450
944500
944510
944520
944530
944540
944590
944610
944630
944640
944650
944690
944710
944720
944730
944740
944750
944770
944810
944830
944840
944860
944920
944960
945100
945140
945160
945240
945280
945310
945340
945360
945390
945440
945460
945490
945500
945520
945530
945540
945550
945580
945610
945680
945710
945720
945740
945760
945770
945790
945810
945850
945880
945890
945920
945950
946000
946010
946030
946040
946050
946070
946080
946090
946110
946150
946170
946210
946240
946300
946330
946340
946400
946460
946500
946550
946560
946600
946610
946650
946660
946670
946690
946700
946720
946750
946770
946780
946790
946800
946810
946820
946860
946880
946920
946950
946970
946990
947080
947110
947120
947240
947270
947290
947300
947390
947400
947430
947450
947470
947510
947530
947540
947580
947600
947650
947660
947670
947680
947690
947700
947710
947720
947730
947740
947750
947760
947830
947890
947940
947970
947980
948020
948070
948080
948100
948120
948200
948220
948320
948330
948340
948350
948420
948460
948470
948490
948510
948630
948640
948650
948660
948680
948690
948740
948770
948790
948830
948840
948880
948900
948910
948930
948960
948970
948990
949000
949030
949050
949060
949070
949090
949160
949170
949200
949230
949290
949370
949380
949390
949420
949450
949480
949520
949530
949570
949600
949630
949650
949670
949720
949770
949790
949800
949820
949860
949870
949880
949890
949900
949910
949960
949970
949990
950050
950130
950140
950160
950210
950230
950240
950250
950260
950300
950360
950370
950380
950400
950460
950510
950530
950590
950620
950640
950700
950740
950760
950780
950810
950850
950860
950890
950900
950950
950990
951000
951010
951050
951130
951160
951190
951220
951240
951250
951260
951310
951320
951330
951350
951360
951370
951420
951430
951440
951450
951470
951480
951530
951570
951610
951620
951640
951650
951670
951690
951700
951740
951750
951780
951800
951820
951830
951860
951920
951930
951940
951990
952000
952010
952020
952030
952040
952060
952120
952140
952150
952200
952230
952240
952250
952270
952290
952330
952340
952370
952400
952420
952460
952480
952490
952510
952540
952680
952700
952730
952850
952860
952900
952910
952920
952950
952970
952980
953050
953060
953080
953140
953170
953190
953220
953230
953240
953270
953280
953290
953340
953350
953490
953580
953610
953680
953690
953700
953740
953750
953760
953790
953820
953830
953840
953870
953880
953900
953910
953920
953950
954000
954010
954060
954070
954080
954150
954160
954170
954210
954240
954270
954280
954350
954360
954400
954410
954420
954530
954590
954600
954610
954650
954670
954710
954720
954740
954760
954780
954810
954850
954860
954870
954920
954970
955050
955060
955070
955170
955180
955190
955210
955240
955290
955300
955320
955360
955370
955380
955400
955490
955500
955530
955540
955550
955560
955570
955580
955610
955620
955640
955650
955670
955700
955740
955860
955870
955890
955900
955970
956000
956010
956030
956060
956070
956090
956140
956150
956200
956210
956240
956280
956310
956350
956360
956380
956390
956400
956430
956450
956460
956480
956490
956500
956540
956550
956560
956590
956600
956620
956680
956700
956720
956730
956750
956760
956770
956860
956880
956890
956920
956930
956940
956990
957050
957070
957080
957110
957140
957220
957280
957390
957410
957430
957440
957490
957510
957530
957570
957630
957660
957680
957710
957720
957770
957790
957810
957820
957850
957900
957910
957920
957930
957950
957960
958050
958090
958130
958200
958210
958220
958230
958260
958280
958300
958310
958320
958360
958370
958480
958490
958510
958520
958530
958600
958640
958650
958680
958690
958720
958730
958750
958820
958850
958880
958950
958960
958970
958980
958990
959000
959020
959030
959050
959060
959080
959090
959150
959170
959200
959260
959280
959340
959350
959380
959410
959500
959510
959520
959540
959590
959700
959710
959730
959750
959760
959850
959860
959880
959890
959920
959930
960030
960040
960070
960090
960140
960150
960170
960180
960190
960200
960220
960240
960270
960310
960320
960360
960420
960550
960590
960600
960610
960630
960660
960680
960690
960700
960710
960730
960740
960800
960820
960890
960900
960910
960920
960940
960980
960990
961000
961010
961040
961060
961110
961150
961190
961200
961210
961220
961240
961410
961490
961510
961560
961570
961580
961590
961620
961630
961640
961660
961680
961700
961710
961750
961780
961830
961840
961850
961860
961870
961910
961920
961930
962050
962060
962090
962120
962130
962150
962170
962220
962240
962250
962270
962280
962300
962370
962380
962400
962510
962540
962580
962610
962630
962650
962700
962710
962730
962750
962810
962860
962950
962970
963000
963020
963150
963170
963190
963210
963220
963230
963260
963280
963290
963300
963330
963370
963400
963450
963470
963490
963510
963570
963660
963690
963710
963730
963770
963830
963860
963870
963880
963900
963910
963930
963950
963960
964020
964040
964050
964070
964080
964100
964110
964130
964170
964180
964210
964220
964230
964240
964340
964350
964390
964420
964440
964460
964530
964570
964620
964650
964700
964750
964770
964800
964810
964890
964910
964930
964960
964990
965000
965010
965030
965080
965120
965140
965180
965200
965230
965240
965250
965300
965310
965320
965340
965410
965470
965490
965510
965580
965590
965600
965610
965620
965640
965670
965680
965710
965720
965730
965760
965780
965810
965820
965830
965850
965860
965880
965890
965900
965920
965940
965960
965970
965990
966000
966010
966020
966070
966090
966150
966160
966180
966210
966240
966320
966330
966370
966400
966420
966430
966450
966460
966470
966490
966520
966530
966540
966560
966580
966590
966610
966630
966660
966670
966680
966700
966720
966730
966870
967050
967100
967120
967130
967150
967210
967230
967240
967250
967280
967290
967300
967370
967390
967410
967420
967430
967440
967450
967460
967490
967910
967940
967960
967970
967980
968170
968200
968210
968250
968270
968290
968310
968320
968350
968370
968380
968410
968420
968430
968440
968450
968460
968470
968480
968500
968540
968550
968570
968580
968590
968620
968640
968700
968730
968760
968790
968800
968820
968870
968900
968910
968920
968940
968950
968970
969090
969100
969110
969130
969190
969200
969220
969230
969240
969250
969350
969420
969480
969530
969540
969620
969690
969700
969710
969740
969760
969920
969940
969950
969970
969990
970000
970020
970030
970060
970090
970130
970140
970150
970180
970200
970210
970220
970260
970300
970400
970450
970460
970470
970500
970510
970530
970560
970570
970580
970600
970710
970730
970760
970800
970810
970830
970840
970850
970870
970880
970890
970900
970910
970940
970960
970970
970980
971030
971040
971060
971070
971080
971090
971120
971150
971160
971180
971210
971230
971280
971340
971350
971390
971430
971460
971470
971480
971500
971520
971540
971610
971620
971640
971650
971680
971690
971700
971740
971760
971880
971900
971910
972010
972050
972080
972160
972180
972200
972230
972280
972290
972300
972350
972360
972390
972400
972420
972480
972500
972510
972520
972560
972600
972620
972650
972660
972720
972740
972760
972850
972860
972870
972880
972890
972910
972940
972960
972990
973000
973040
973050
973060
973070
973090
973110
973170
973200
973220
973230
973240
973250
973290
973310
973350
973370
973380
973390
973410
973450
973490
973520
973550
973560
973580
973610
973640
973700
973750
973760
973800
973810
973850
973860
973910
974010
974040
974070
974090
974110
974150
974160
974180
974200
974220
974320
974330
974370
974390
974430
974450
974530
974570
974580
974600
974620
974670
974680
974830
974840
974860
974870
974910
974930
974950
974970
975000
975020
975050
975080
975100
975110
975120
975150
975200
975220
975230
975240
975270
975290
975350
975370
975390
975410
975430
975470
975510
975550
975620
975640
975660
975670
975680
975700
975710
975760
975770
975800
975860
975910
975950
975980
976010
976020
976030
976060
976070
976090
976120
976160
976210
976230
976240
976310
976320
976330
976340
976360
976370
976390
976410
976420
976500
976540
976570
976590
976680
976700
976720
976730
976780
976800
976830
976870
976890
976900
976920
976940
976960
976970
976980
977050
977060
977080
977100
977110
977160
977210
977230
977270
977290
977300
977310
977340
977380
977390
977400
977420
977430
977460
977490
977500
977510
977540
977560
977570
977590
977610
977630
977640
977660
977670
977720
977790
977810
977830
977840
977880
977900
977930
977950
978010
978070
978080
978120
978160
978190
978200
978210
978250
978270
978300
978310
978340
978350
978380
978440
978450
978460
978470
978510
978520
978630
978640
978650
978670
978700
978720
978740
978780
978790
978800
978850
978860
978870
978880
978910
978920
978960
978970
978980
979010
979060
979070
979080
979090
979100
979110
979120
979160
979190
979220
979260
979290
979310
979330
979350
979390
979400
979450
979460
979500
979530
979550
979560
979580
979620
979640
979680
979690
979700
979710
979720
979760
979780
979790
979800
979810
979880
979890
979900
979910
979920
979970
980090
980160
980170
980190
980210
980300
980320
980360
980380
980440
980460
980480
980490
980520
980560
980570
980590
980600
980610
980630
980640
980690
980730
980740
980810
980830
980850
980880
980940
980950
981020
981040
981050
981080
981090
981120
981130
981160
981230
981260
981270
981280
981300
981310
981330
981420
981430
981440
981450
981500
981540
981550
981590
981600
981610
981620
981630
981660
981690
981710
981750
981770
981790
981830
981840
981880
981900
981960
981980
981990
982020
982040
982050
982060
982090
982100
982110
982120
982130
982190
982220
982250
982270
982290
982300
982320
982350
982380
982390
982400
982450
982540
982580
982650
982660
982670
982700
982710
982720
982750
982800
982830
982840
982850
982970
982980
983040
983050
983070
983100
983120
983140
983150
983160
983170
983190
983240
983270
983280
983290
983320
983330
983340
983350
983360
983380
983450
983460
983470
983500
983520
983590
983610
983640
983670
983760
983780
983790
983820
983830
983840
983870
983900
983930
983970
983980
983990
984020
984030
984070
984080
984110
984130
984150
984170
984200
984240
984250
984260
984280
984360
984450
984470
984520
984540
984560
984570
984600
984610
984660
984680
984720
984780
984790
984800
984810
984830
984870
984910
984930
984990
985000
985020
985070
985080
985090
985110
985130
985240
985260
985280
985340
985400
985410
985430
985460
985500
985510
985530
985560
985580
985590
985600
985620
985640
985650
985680
985690
985710
985720
985740
985760
985780
985800
985810
985830
985840
985860
985870
985890
985900
985940
985950
986010
986020
986040
986070
986080
986090
986110
986130
986220
986240
986280
986310
986340
986350
986480
986680
986710
986790
986800
986820
986830
986920
986930
986990
987000
987060
987070
987110
987150
987180
987190
987200
987210
987230
987240
987250
987330
987410
987430
987480
987490
987570
987580
987590
987670
987690
987710
987720
987740
987770
987780
987790
987810
987820
987840
987850
987880
987900
987910
987950
987980
988000
988010
988020
988040
988070
988080
988100
988110
988170
988240
988310
988330
988340
988430
988490
988590
988650
988760
988780
988810
988890
988910
988930
988940
988980
989040
989060
989080
989110
989140
989160
989170
989190
989220
989250
989260
989270
989370
989380
989400
989430
989440
989450
989480
989490
989500
989550
989580
989640
989650
989690
989710
989740
989750
989770
989780
989790
989810
989860
989960
990020
990030
990050
990060
990080
990090
990110
990200
990230
990240
990250
990260
990280
990360
990380
990390
990400
990410
990500
990630
990640
990720
990830
990840
990850
990890
990900
990920
990930
990940
990950
991010
991060
991070
991170
991230
991240
991260
991270
991280
991480
991490
991500
991510
991560
991580
991600
991620
991660
991710
991750
991760
991780
991790
991800
991810
991860
991890
991930
991960
992000
992040
992050
992070
992080
992120
992200
992210
992240
992250
992300
992310
992330
992360
992420
992480
992490
992520
992560
992610
992620
992680
992700
992720
992730
992740
992750
992790
992860
992870
992890
992910
992950
992970
992990
993030
993090
993110
993170
993200
993250
993270
993290
993330
993340
993370
993390
993400
993410
993490
993520
993580
993630
993640
993650
993680
993710
993740
993750
993770
993780
993790
993810
993860
993890
993930
993990
994020
994030
994040
994140
994160
994170
994180
994220
994230
994250
994260
994270
994280
994290
994310
994320
994340
994350
994360
994450
994500
994520
994610
994650
994670
994700
994710
994730
994750
994860
994870
994910
994950
995000
995020
995050
995060
995070
995140
995160
995170
995210
995230
995240
995270
995280
995310
995330
995340
995380
995450
995460
995470
995480
995610
995660
995700
995720
995790
995850
995860
995890
995900
995910
995920
995930
995980
995990
996000
996050
996080
996160
996180
996240
996300
996310
996330
996340
996350
996360
996370
996380
996450
996550
996580
996620
996650
996690
996770
996820
996860
996900
996910
996920
996970
996980
997010
997020
997030
997050
997060
997170
997180
997240
997260
997270
997280
997310
997370
997380
997430
997470
997480
997500
997560
997670
997700
997720
997730
997740
997750
997760
997810
997830
997870
997900
997950
998000
998010
998020
998030
998040
998050
998060
998070
998080
998090
998100
998110
998120
998130
998140
998150
998160
998170
998180
998190
998200
998210
998220
998230
998240
998250
998260
998270
998280
998290
998300
998310
998320
998330
998380
998400
998480
998570
998600
998620
998630
998660
998690
998730
998740
998790
998800
998820
998830
998850
998890
998930
998940
998950
998960
998970
998990
999020
999030
999040
999070
999150
999180
999190
999200
999220
999250
999270
999280
999340
999350
999410
999430
999480
999490
999550
999560
999640
999660
999760
999830
999860
999880
999890
999930
999990
1000000
1000010
1000030
1000050
1000080
1000100
1000110
1000120
1000130
1000140
1000150
1000160
1000170
1000180
1000190
1000200
1000210
1000220
1000230
1000240
1000250
1000280
1000310
1000360
1000380
1000400
1000410
1000440
1000470
1000480
1000500
1000510
1000540
1000550
1000600
1000640
1000650
1000700
1000750
1000760
1000770
1000790
1000810
1000830
1000860
1000880
1000900
1000980
1000990
1001010
1001040
1001060
1001070
1001140
1001200
1001220
1001230
1001260
1001270
1001390
1001430
1001450
1001490
1001500
1001550
1001570
1001580
1001590
1001600
1001660
1001690
1001730
1001780
1001800
1001860
1001870
1001880
1001910
1001960
1001970
1001980
1002000
1002030
1002040
1002100
1002180
1002200
1002230
1002260
1002270
1002280
1002290
1002300
1002310
1002360
1002410
1002420
1002430
1002440
1002480
1002490
1002500
1002510
1002520
1002540
1002560
1002570
1002600
1002630
1002650
1002690
1002800
1002830
1002850
1002860
1002890
1002910
1002920
1002930
1002940
1002950
1002960
1002970
1002980
1003010
1003070
1003090
1003120
1003150
1003190
1003230
1003250
1003260
1003320
1003360
1003400
1003410
1003430
1003450
1003480
1003490
1003520
1003560
1003590
1003600
1003650
1003730
1003750
1003760
1003850
1003860
1003880
1003890
1003940
1004000
1004030
1004040
1004050
1004100
1004150
1004180
1004200
1004210
1004230
1004240
1004270
1004310
1004330
1004350
1004370
1004440
1004450
1004490
1004500
1004510
1004550
1004560
1004570
1004580
1004600
1004610
1004620
1004640
1004650
1004710
1004740
1004750
1004770
1004780
1004790
1004860
1005000
1005050
1005060
1005120
1005130
1005210
1005220
1005230
1005240
1005250
1005300
1005310
1005330
1005340
1005390
1005400
1005410
1005450
1005460
1005480
1005490
1005520
1005530
1005630
1005730
1005780
1005790
1005820
1005870
1005890
1005900
1005910
1005920
1005930
1005940
1005950
1005970
1005990
1006090
1006120
1006140
1006150
1006170
1006190
1006210
1006220
1006250
1006270
1006280
1006400
1006410
1006440
1006450
1006460
1006470
1006600
1006680
1006710
1006720
1006730
1006760
1006850
1006880
1006900
1006920
1006930
1006950
1006970
1006980
1007040
1007050
1007070
1007080
1007180
1007210
1007230
1007260
1007280
1007350
1007360
1007400
1007430
1007440
1007470
1007490
1007510
1007540
1007560
1007630
1007730
1007740
1007800
1007810
1007820
1007830
1007840
1007870
1007880
1007920
1007940
1007950
1007960
1007970
1007980
1007990
1008010
1008020
1008030
1008060
1008070
1008140
1008210
1008240
1008260
1008280
1008300
1008320
1008390
1008430
1008450
1008510
1008520
1008540
1008580
1008600
1008610
1008680
1008690
1008700
1008710
1008740
1008800
1008820
1008830
1008850
1008860
1008870
1008890
1008910
1008920
1008950
1008970
1009030
1009040
1009100
1009150
1009180
1009220
1009230
1009240
1009290
1009300
1009330
1009350
1009370
1009390
1009450
1009460
1009540
1009560
1009590
1009690
1009700
1009750
1009770
1009780
1009840
1009850
1009870
1009890
1009900
1009910
1009920
1009940
1009950
1009960
1009990
1010000
1010070
1010100
1010150
1010230
1010260
1010270
1010290
1010300
1010330
1010380
1010430
1010450
1010480
1010490
1010520
1010540
1010560
1010590
1010600
1010650
1010660
1010670
1010710
1010740
1010780
1010800
1010830
1010840
1010850
1010860
1010870
1010890
1010920
1010930
1010940
1010970
1011000
1011030
1011070
1011090
1011110
1011120
1011130
1011140
1011170
1011190
1011200
1011240
1011260
1011270
1011290
1011300
1011310
1011320
1011360
1011370
1011390
1011420
1011440
1011460
1011470
1011510
1011530
1011540
1011550
1011590
1011600
1011610
1011630
1011640
1011650
1011670
1011700
1011720
1011740
1011760
1011820
1011830
1011860
1011890
1011900
1011940
1011950
1011960
1011970
1011990
1012030
1012080
1012100
1012110
1012120
1012130
1012160
1012180
1012200
1012240
1012280
1012290
1012330
1012360
1012370
1012380
1012390
1012400
1012410
1012430
1012450
1012460
1012490
1012510
1012530
1012560
1012570
1012600
1012610
1012630
1012640
1012650
1012670
1012720
1012730
1012760
1012790
1012800
1012830
1012840
1012850
1012860
1012880
1012900
1012970
1012990
1013000
1013040
1013070
1013100
1013120
1013130
1013140
1013180
1013190
1013200
1013220
1013290
1013320
1013340
1013350
1013400
1013410
1013450
1013540
1013570
1013580
1013600
1013630
1013650
1013660
1013670
1013680
1013700
1013710
1013750
1013810
1013820
1013830
1013870
1013890
1013910
1013940
1013950
1013960
1013970
1014010
1014030
1014040
1014100
1014110
1014130
1014140
1014180
1014240
1014260
1014270
1014280
1014300
1014310
1014350
1014360
1014370
1014420
1014450
1014460
1014550
1014560
1014570
1014580
1014590
1014600
1014610
1014620
1014660
1014700
1014710
1014720
1014730
1014810
1014820
1014840
1014850
1014880
1014900
1014920
1014970
1014990
1015020
1015050
1015080
1015090
1015100
1015130
1015140
1015150
1015160
1015180
1015190
1015240
1015250
1015350
1015430
1015470
1015480
1015490
1015530
1015540
1015550
1015580
1015650
1015660
1015700
1015710
1015720
1015730
1015750
1015770
1015790
1015800
1015860
1015880
1015890
1015900
1015920
1015930
1015940
1015960
1016000
1016010
1016080
1016100
1016110
1016180
1016250
1016260
1016330
1016360
1016390
1016420
1016430
1016520
1016600
1016610
1016630
1016650
1016690
1016700
1016720
1016730
1016770
1016790
1016800
1016850
1016860
1016890
1016920
1016930
1016950
1016960
1016970
1017100
1017130
1017160
1017180
1017240
1017270
1017350
1017360
1017370
1017410
1017480
1017490
1017520
1017560
1017580
1017600
1017610
1017630
1017650
1017660
1017670
1017690
1017750
1017780
1017800
1017820
1017880
1017900
1018000
1018010
1018020
1018040
1018060
1018080
1018090
1018110
1018130
1018160
1018170
1018240
1018330
1018420
1018560
1018610
1018640
1018680
1018700
1018720
1018730
1018750
1018770
1018800
1018810
1018820
1018830
1018850
1018860
1018900
1018930
1018960
1018990
1019010
1019020
1019030
1019040
1019050
1019060
1019070
1019080
1019110
1019130
1019150
1019170
1019180
1019190
1019230
1019240
1019260
1019270
1019310
1019340
1019370
1019400
1019450
1019550
1019580
1019590
1019630
1019690
1019700
1019710
1019720
1019730
1019740
1019790
1019910
1019920
1019940
1019960
1019970
1019980
1019990
1020010
1020020
1020040
1020050
1020080
1020090
1020100
1020120
1020210
1020250
1020270
1020310
1020330
1020340
1020360
1020390
1020410
1020420
1020440
1020450
1020470
1020480
1020490
1020510
1020520
1020540
1020590
1020600
1020610
1020640
1020650
1020660
1020730
1020780
1020790
1020800
1020820
1020830
1020840
1020880
1020910
1020930
1020940
1020980
1021000
1021060
1021070
1021100
1021120
1021170
1021210
1021220
1021250
1021260
1021290
1021370
1021640
1021650
1021670
1021680
1021690
1021770
1021780
1021790
1021800
1021820
1021840
1021850
1021860
1021880
1021890
1021940
1021950
1022000
1022010
1022040
1022120
1022130
1022150
1022160
1022170
1022180
1022190
1022200
1022230
1022270
1022280
1022310
1022320
1022330
1022340
1022360
1022380
1022400
1022410
1022420
1022430
1022440
1022450
1022460
1022470
1022480
1022490
1022500
1022510
1022530
1022550
1022590
1022610
1022630
1022650
1022710
1022720
1022770
1022780
1022840
1022860
1022910
1022920
1022980
1023010
1023040
1023060
1023090
1023100
1023110
1023140
1023150
1023250
1023310
1023320
1023330
1023340
1023370
1023390
1023400
1023410
1023510
1023550
1023570
1023610
1023640
1023650
1023670
1023680
1023690
1023700
1023740
1023750
1023770
1023790
1023870
1023960
1023970
1023980
1024070
1024080
1024100
1024120
1024150
1024160
1024210
1024220
1024250
1024330
1024400
1024430
1024450
1024460
1024470
1024480
1024490
1024520
1024530
1024540
1024600
1024630
1024640
1024650
1024670
1024690
1024700
1024720
1024730
1024770
1024780
1024790
1024800
1024860
1024970
1024980
1025000
1025010
1025020
1025040
1025070
1025100
1025130
1025140
1025160
1025200
1025220
1025230
1025240
1025250
1025270
1025330
1025340
1025360
1025390
1025400
1025410
1025420
1025440
1025460
1025480
1025500
1025510
1025520
1025530
1025540
1025550
1025600
1025650
1025710
1025740
1025870
1025890
1025900
1025960
1026070
1026080
1026100
1026110
1026130
1026160
1026180
1026210
1026380
1026390
1026400
1026420
1026430
1026560
1026610
1026630
1026640
1026650
1026660
1026670
1026680
1026750
1026760
1026770
1026800
1026810
1026820
1026840
1026880
1026910
1026940
1026960
1027060
1027130
1027190
1027220
1027230
1027250
1027280
1027480
1027520
1027530
1027550
1027600
1027620
1027650
1027660
1027700
1027710
1027720
1027800
1027810
1027820
1027830
1027900
1027930
1027960
1027970
1027990
1028010
1028030
1028090
1028110
1028120
1028130
1028170
1028240
1028250
1028260
1028280
1028290
1028300
1028310
1028340
1028350
1028360
1028380
1028410
1028420
1028440
1028460
1028470
1028480
1028490
1028500
1028520
1028530
1028570
1028590
1028610
1028630
1028660
1028680
1028710
1028720
1028730
1028740
1028750
1028760
1028800
1028820
1028830
1028840
1028850
1028860
1028880
1028900
1028910
1028920
1028930
1028970
1028990
1029020
1029040
1029050
1029080
1029100
1029110
1029120
1029130
1029150
1029160
1029170
1029210
1029220
1029230
1029240
1029260
1029280
1029290
1029300
1029310
1029320
1029330
1029340
1029350
1029360
1029370
1029380
1029390
1029400
1029410
1029430
1029440
1029450
1029470
1029500
1029530
1029540
1029550
1029560
1029630
1029640
1029650
1029660
1029690
1029720
1029730
1029750
1029760
1029780
1029790
1029840
1029860
1029870
1029890
1029900
1029920
1029930
1029970
1029980
1029990
1030050
1030060
1030170
1030180
1030190
1030210
1030240
1030300
1030310
1030330
1030360
1030380
1030430
1030470
1030490
1030520
1030530
1030560
1030580
1030730
1030770
1030830
1030840
1030960
1030970
1031020
1031030
1031110
1031120
1031130
1031140
1031170
1031200
1031210
1031220
1031230
1031270
1031290
1031320
1031330
1031440
1031460
1031480
1031500
1031510
1031520
1031530
1031540
1031560
1031570
1031580
1031590
1031630
1031640
1031650
1031660
1031670
1031700
1031730
1031770
1031790
1031800
1031850
1031900
1031910
1031920
1031970
1032040
1032060
1032070
1032080
1032090
1032120
1032140
1032170
1032200
1032210
1032230
1032240
1032260
1032270
1032330
1032340
1032390
1032420
1032430
1032440
1032450
1032510
1032520
1032560
1032570
1032580
1032590
1032660
1032670
1032700
1032730
1032740
1032750
1032770
1032790
1032830
1033000
1033030
1033040
1033070
1033080
1033100
1033110
1033120
1033130
1033140
1033170
1033210
1033220
1033230
1033240
1033250
1033330
1033340
1033360
1033370
1033410
1033420
1033450
1033500
1033510
1033530
1033580
1033630
1033660
1033670
1033700
1033710
1033720
1033780
1033810
1033860
1033880
1033890
1033910
1033950
1033960
1034010
1034020
1034030
1034040
1034060
1034120
1034130
1034140
1034150
1034160
1034170
1034200
1034230
1034240
1034250
1034260
1034270
1034280
1034370
1034380
1034390
1034400
1034410
1034440
1034500
1034540
1034550
1034590
1034610
1034630
1034700
1034740
1034750
1034810
1034820
1034860
1034870
1034880
1034900
1034910
1034920
1034940
1034970
1035010
1035030
1035110
1035120
1035150
1035190
1035220
1035270
1035300
1035310
1035320
1035410
1035470
1035480
1035490
1035500
1035510
1035520
1035530
1035550
1035560
1035580
1035610
1035660
1035690
1035750
1035760
1035770
1035780
1035790
1035800
1035830
1035850
1035860
1035880
1035890
1035900
1035920
1035930
1035950
1035990
1036000
1036030
1036120
1036200
1036240
1036260
1036270
1036330
1036370
1036400
1036440
1036460
1036480
1036490
1036530
1036550
1036580
1036600
1036620
1036640
1036660
1036700
1036740
1036750
1036770
1036780
1036790
1036800
1036820
1036840
1036850
1036870
1036890
1036900
1036910
1036920
1036930
1036950
1036960
1036980
1036990
1037000
1037010
1037020
1037080
1037100
1037120
1037130
1037140
1037150
1037190
1037260
1037300
1037330
1037340
1037350
1037410
1037420
1037430
1037460
1037560
1037590
1037600
1037690
1037750
1037760
1037810
1037830
1037840
1037850
1037860
1037870
1037890
1037910
1037930
1037940
1037950
1037960
1037990
1038040
1038060
1038070
1038090
1038100
1038120
1038240
1038250
1038280
1038300
1038370
1038380
1038430
1038440
1038450
1038620
1038630
1038640
1038650
1038670
1038680
1038710
1038740
1038810
1038820
1038830
1038850
1039040
1039060
1039080
1039100
1039110
1039200
1039280
1039290
1039310
1039320
1039330
1039350
1039360
1039370
1039380
1039430
1039450
1039470
1039550
1039560
1039570
1039590
1039640
1039670
1039680
1039720
1039730
1039740
1039830
1039860
1039880
1039890
1039910
1039940
1039960
1039970
1040000
1040070
1040080
1040100
1040190
1040200
1040230
1040310
1040330
1040420
1040430
1040460
1040480
1040490
1040510
1040550
1040590
1040610
1040630
1040640
1040690
1040720
1040730
1040740
1040750
1040820
1040860
1040890
1040900
1040910
1041060
1041100
1041130
1041160
1041210
1041320
1041330
1041390
1041450
1041460
1041500
1041520
1041650
1041660
1041670
1041690
1041710
1041720
1041760
1041780
1041790
1041840
1041920
1041940
1042010
1042020
1042030
1042080
1042090
1042100
1042110
1042130
1042150
1042160
1042170
1042210
1042220
1042230
1042290
1042310
1042330
1042380
1042460
1042490
1042530
1042550
1042560
1042570
1042590
1042600
1042670
1042750
1042780
1042800
1042820
1042860
1042870
1042910
1042920
1042930
1042980
1042990
1043000
1043020
1043030
1043040
1043060
1043120
1043150
1043180
1043200
1043230
1043240
1043250
1043260
1043340
1043350
1043360
1043370
1043380
1043390
1043430
1043450
1043470
1043480
1043500
1043510
1043520
1043560
1043580
1043610
1043660
1043710
1043790
1043810
1043820
1043860
1043870
1044020
1044040
1044070
1044110
1044130
1044140
1044160
1044170
1044180
1044210
1044220
1044230
1044260
1044300
1044340
1044350
1044410
1044450
1044460
1044480
1044490
1044500
1044520
1044620
1044630
1044640
1044670
1044720
1044750
1044770
1044790
1044820
1044840
1044870
1044920
1044930
1044950
1044980
1045010
1045020
1045060
1045070
1045080
1045100
1045110
1045120
1045130
1045140
1045150
1045180
1045220
1045280
1045300
1045340
1045350
1045390
1045410
1045430
1045510
1045520
1045580
1045590
1045610
1045620
1045650
1045720
1045730
1045740
1045810
1045820
1045840
1045850
1045890
1045920
1045930
1045980
1046030
1046060
1046070
1046080
1046090
1046110
1046210
1046230
1046240
1046300
1046350
1046370
1046400
1046470
1046480
1046530
1046570
1046600
1046610
1046650
1046660
1046670
1046740
1046750
1046770
1046790
1046800
1046820
1046880
1046900
1046930
1047010
1047020
1047090
1047110
1047120
1047140
1047150
1047160
1047170
1047190
1047220
1047240
1047340
1047350
1047380
1047430
1047440
1047480
1047580
1047610
1047620
1047680
1047690
1047720
1047770
1047780
1047800
1047810
1047830
1047840
1047850
1047860
1047910
1047950
1047960
1047970
1048000
1048020
1048040
1048080
1048090
1048100
1048160
1048260
1048270
1048280
1048300
1048340
1048350
1048370
1048410
1048430
1048470
1048530
1048540
1048560
1048570
1048580
1048640
1048660
1048690
1048710
1048740
1048770
1048780
1048790
1048830
1048850
1048870
1048880
1048900
1048920
1048950
1048960
1049000
1049020
1049030
1049050
1049070
1049080
1049090
1049100
1049130
1049140
1049270
1049280
1049310
1049320
1049340
1049360
1049370
1049400
1049410
1049420
1049440
1049510
1049530
1049560
1049570
1049590
1049630
1049640
1049660
1049670
1049680
1049690
1049710
1049720
1049730
1049770
1049800
1049820
1049870
1049880
1049890
1049910
1049930
1050000
1050040
1050080
1050130
1050150
1050160
1050170
1050180
1050190
1050210
1050230
1050240
1050280
1050350
1050370
1050430
1050500
1050510
1050520
1050530
1050540
1050560
1050620
1050670
1050680
1050690
1050700
1050720
1050730
1050810
1050850
1050880
1050900
1050910
1051060
1051130
1051150
1051160
1051190
1051200
1051220
1051250
1051260
1051270
1051280
1051290
1051300
1051310
1051320
1051330
1051350
1051410
1051420
1051430
1051470
1051520
1051570
1051580
1051590
1051600
1051630
1051670
1051690
1051710
1051830
1051840
1051850
1051870
1051890
1051900
1051910
1051920
1051940
1051950
1051960
1051990
1052010
1052030
1052070
1052080
1052090
1052100
1052140
1052150
1052180
1052210
1052220
1052250
1052270
1052310
1052360
1052370
1052380
1052390
1052420
1052440
1052470
1052480
1052500
1052540
1052550
1052560
1052570
1052580
1052600
1052660
1052670
1052750
1052760
1052820
1052850
1052870
1052900
1052920
1052960
1052970
1052990
1053000
1053020
1053040
1053160
1053170
1053190
1053250
1053270
1053300
1053330
1053390
1053510
1053540
1053560
1053580
1053620
1053640
1053650
1053660
1053680
1053700
1053710
1053720
1053730
1053750
1053760
1053780
1053810
1053820
1053850
1053860
1053920
1053960
1053970
1054050
1054090
1054110
1054120
1054150
1054180
1054240
1054250
1054270
1054290
1054300
1054340
1054370
1054430
1054450
1054470
1054490
1054500
1054510
1054550
1054560
1054570
1054580
1054590
1054610
1054620
1054640
1054650
1054660
1054670
1054690
1054700
1054710
1054750
1054770
1054800
1054900
1054930
1054950
1054980
1054990
1055000
1055010
1055020
1055030
1055070
1055090
1055120
1055140
1055150
1055160
1055170
1055180
1055210
1055220
1055280
1055310
1055360
1055370
1055380
1055420
1055430
1055460
1055490
1055540
1055590
1055610
1055620
1055630
1055660
1055670
1055680
1055690
1055710
1055760
1055770
1055780
1055790
1055850
1055860
1055880
1055890
1055900
1055930
1055940
1055950
1055960
1055970
1055990
1056010
1056040
1056060
1056070
1056080
1056140
1056170
1056180
1056190
1056230
1056320
1056330
1056360
1056400
1056420
1056480
1056490
1056510
1056570
1056580
1056590
1056610
1056620
1056640
1056650
1056660
1056690
1056710
1056720
1056750
1056760
1056770
1056780
1056840
1056860
1056960
1056970
1056990
1057060
1057070
1057090
1057130
1057150
1057180
1057220
1057260
1057420
1057430
1057460
1057470
1057500
1057540
1057560
1057580
1057600
1057640
1057670
1057680
1057700
1057710
1057720
1057730
1057740
1057750
1057770
1057780
1057800
1057810
1057850
1057980
1057990
1058000
1058020
1058060
1058110
1058130
1058140
1058180
1058200
1058210
1058220
1058270
1058280
1058320
1058330
1058350
1058360
1058370
1058380
1058420
1058430
1058450
1058470
1058500
1058510
1058530
1058550
1058560
1058590
1058630
1058640
1058650
1058660
1058680
1058690
1058710
1058730
1058740
1058750
1058760
1058770
1058800
1058830
1058840
1058930
1058940
1058960
1058980
1058990
1059000
1059040
1059080
1059090
1059110
1059120
1059150
1059160
1059190
1059230
1059240
1059250
1059260
1059280
1059300
1059310
1059320
1059390
1059420
1059430
1059460
1059470
1059500
1059620
1059660
1059690
1059710
1059740
1059830
1059840
1059850
1059860
1059880
1059890
1059900
1059980
1059990
1060000
1060020
1060060
1060110
1060120
1060170
1060180
1060210
1060220
1060230
1060240
1060300
1060310
1060320
1060350
1060360
1060370
1060380
1060400
1060450
1060460
1060470
1060510
1060550
1060560
1060600
1060620
1060630
1060670
1060690
1060700
1060770
1060810
1060820
1060840
1060860
1060870
1060890
1060910
1060980
1061010
1061090
1061120
1061140
1061150
1061160
1061180
1061200
1061220
1061240
1061260
1061270
1061300
1061310
1061390
1061400
1061430
1061460
1061470
1061490
1061540
1061550
1061600
1061610
1061620
1061640
1061680
1061730
1061740
1061790
1061820
1061850
1061880
1061900
1061910
1061920
1061930
1061960
1061970
1062000
1062020
1062040
1062050
1062060
1062070
1062080
1062090
1062100
1062110
1062120
1062130
1062140
1062160
1062200
1062210
1062220
1062260
1062340
1062390
1062470
1062480
1062490
1062520
1062530
1062540
1062550
1062570
1062640
1062660
1062670
1062680
1062810
1062830
1062960
1063020
1063030
1063040
1063050
1063060
1063070
1063080
1063100
1063110
1063130
1063140
1063160
1063190
1063230
1063300
1063310
1063330
1063340
1063350
1063380
1063400
1063420
1063440
1063470
1063490
1063500
1063530
1063540
1063560
1063570
1063580
1063590
1063660
1063710
1063730
1063770
1063790
1063820
1063830
1063850
1063860
1063870
1063890
1063910
1063930
1063950
1063960
1063980
1063990
1064010
1064020
1064030
1064050
1064060
1064070
1064080
1064090
1064100
1064130
1064140
1064150
1064170
1064190
1064200
1064210
1064220
1064270
1064310
1064340
1064360
1064420
1064450
1064460
1064480
1064490
1064500
1064520
1064540
1064560
1064580
1064600
1064610
1064620
1064650
1064660
1064670
1064690
1064720
1064730
1064740
1064750
1064810
1064820
1064860
1064900
1064910
1064950
1064960
1064970
1064990
1065020
1065030
1065050
1065070
1065100
1065110
1065140
1065180
1065200
1065210
1065220
1065230
1065250
1065260
1065280
1065310
1065320
1065350
1065370
1065390
1065400
1065410
1065460
1065490
1065520
1065550
1065570
1065580
1065630
1065650
1065670
1065680
1065690
1065750
1065770
1065780
1065830
1065850
1065870
1065880
1065890
1065900
1065920
1065930
1065940
1065950
1065970
1066030
1066090
1066110
1066120
1066130
1066140
1066150
1066160
1066180
1066210
1066230
1066240
1066260
1066290
1066300
1066310
1066330
1066400
1066420
1066430
1066460
1066470
1066630
1066670
1066700
1066760
1066780
1066860
1066890
1066900
1066930
1066940
1066950
1067020
1067030
1067040
1067050
1067060
1067080
1067100
1067110
1067200
1067210
1067220
1067250
1067270
1067280
1067310
1067320
1067350
1067380
1067390
1067400
1067440
1067450
1067520
1067530
1067540
1067590
1067600
1067630
1067650
1067680
1067690
1067700
1067720
1067750
1067760
1067810
1067850
1067860
1067900
1067930
1068070
1068100
1068110
1068120
1068150
1068160
1068190
1068210
1068290
1068300
1068350
1068360
1068420
1068460
1068480
1068490
1068500
1068510
1068520
1068540
1068600
1068620
1068640
1068680
1068700
1068720
1068800
1068810
1068820
1068860
1068910
1068980
1068990
1069000
1069030
1069050
1069080
1069090
1069120
1069130
1069150
1069160
1069190
1069210
1069230
1069250
1069270
1069290
1069360
1069380
1069390
1069410
1069460
1069480
1069520
1069530
1069550
1069610
1069630
1069640
1069650
1069660
1069670
1069690
1069710
1069740
1069820
1069850
1069900
1069910
1069920
1069940
1069960
1069970
1070020
1070030
1070050
1070110
1070120
1070130
1070140
1070150
1070180
1070190
1070220
1070230
1070240
1070280
1070300
1070320
1070330
1070390
1070400
1070430
1070440
1070450
1070460
1070510
1070550
1070580
1070590
1070690
1070710
1070780
1070790
1070800
1070840
1070850
1070860
1070890
1070940
1071030
1071060
1071070
1071080
1071090
1071100
1071110
1071120
1071130
1071140
1071170
1071190
1071200
1071210
1071220
1071230
1071240
1071260
1071290
1071310
1071320
1071330
1071350
1071430
1071490
1071510
1071580
1071600
1071610
1071620
1071640
1071680
1071700
1071740
1071770
1071820
1071870
1071880
1071890
1071900
1071920
1071930
1071940
1071960
1071970
1072000
1072020
1072030
1072040
1072050
1072090
1072100
1072110
1072120
1072150
1072170
1072180
1072210
1072270
1072280
1072290
1072300
1072350
1072360
1072390
1072400
1072420
1072450
1072480
1072500
1072530
1072590
1072610
1072620
1072640
1072690
1072720
1072750
1072760
1072850
1072860
1072870
1072890
1072920
1072930
1073000
1073040
1073060
1073100
1073130
1073140
1073160
1073180
1073210
1073220
1073280
1073310
1073320
1073350
1073370
1073380
1073390
1073400
1073410
1073440
1073450
1073490
1073610
1073620
1073640
1073680
1073710
1073720
1073730
1073770
1073790
1073810
1073820
1073840
1073860
1073870
1073890
1073900
1073910
1073990
1074030
1074040
1074050
1074070
1074080
1074150
1074170
1074190
1074220
1074250
1074280
1074300
1074310
1074330
1074340
1074360
1074370
1074390
1074400
1074440
1074500
1074510
1074520
1074530
1074550
1074610
1074620
1074630
1074640
1074660
1074690
1074700
1074770
1074830
1074860
1075000
1075080
1075100
1075140
1075170
1075190
1075200
1075210
1075370
1075400
1075430
1075480
1075550
1075720
1075740
1075750
1075790
1075870
1075880
1075910
1075950
1075960
1075980
1076040
1076050
1076070
1076080
1076100
1076110
1076120
1076130
1076160
1076170
1076200
1076210
1076230
1076300
1076350
1076360
1076380
1076410
1076420
1076430
1076500
1076530
1076550
1076580
1076600
1076610
1076620
1076630
1076640
1076720
1076730
1076750
1076770
1076790
1076830
1076840
1076880
1076920
1076940
1076950
1077080
1077090
1077110
1077150
1077160
1077200
1077210
1077230
1077250
1077290
1077320
1077340
1077360
1077390
1077410
1077430
1077450
1077470
1077490
1077510
1077520
1077530
1077540
1077550
1077600
1077630
1077680
1077730
1077740
1077760
1077850
1077890
1077970
1077980
1077990
1078040
1078060
1078080
1078130
1078200
1078280
1078320
1078330
1078340
1078350
1078360
1078370
1078380
1078420
1078450
1078460
1078490
1078510
1078520
1078590
1078640
1078750
1078760
1078770
1078780
1078800
1078810
1078820
1078840
1078850
1078870
1078890
1078920
1078950
1078960
1078970
1079000
1079050
1079130
1079160
1079200
1079210
1079230
1079260
1079300
1079310
1079320
1079330
1079340
1079350
1079430
1079440
1079450
1079510
1079550
1079560
1079570
1079600
1079620
1079630
1079710
1079720
1079790
1079800
1079810
1079830
1079860
1079870
1079880
1079890
1079910
1079920
1079940
1079970
1080010
1080020
1080040
1080060
1080090
1080130
1080180
1080200
1080220
1080240
1080250
1080320
1080330
1080360
1080410
1080420
1080440
1080450
1080460
1080510
1080570
1080630
1080680
1080700
1080710
1080750
1080770
1080780
1080880
1080930
1080990
1081020
1081040
1081070
1081090
1081110
1081120
1081140
1081160
1081170
1081190
1081200
1081240
1081250
1081260
1081300
1081320
1081340
1081410
1081420
1081430
1081450
1081460
1081470
1081490
1081500
1081510
1081540
1081550
1081560
1081600
1081650
1081660
1081670
1081710
1081720
1081730
1081740
1081760
1081780
1081800
1081810
1081840
1081850
1081870
1081880
1081890
1081910
1081920
1081960
1081990
1082000
1082040
1082050
1082110
1082180
1082190
1082200
1082220
1082300
1082320
1082410
1082430
1082440
1082450
1082460
1082470
1082480
1082490
1082500
1082520
1082580
1082620
1082650
1082680
1082710
1082720
1082730
1082750
1082760
1082770
1082780
1082860
1082890
1082930
1082940
1082970
1082990
1083000
1083020
1083070
1083090
1083190
1083210
1083240
1083260
1083270
1083280
1083300
1083310
1083350
1083410
1083420
1083430
1083450
1083460
1083480
1083490
1083500
1083590
1083600
1083650
1083670
1083700
1083750
1083790
1083800
1083810
1083820
1083850
1083870
1083880
1083970
1083990
1084010
1084020
1084070
1084080
1084090
1084120
1084160
1084210
1084220
1084350
1084360
1084420
1084440
1084480
1084510
1084520
1084530
1084570
1084600
1084640
1084710
1084770
1084790
1084810
1084820
1084840
1084870
1084910
1084920
1084930
1084940
1084970
1084980
1084990
1085080
1085090
1085110
1085150
1085160
1085180
1085200
1085210
1085220
1085230
1085240
1085260
1085270
1085280
1085310
1085320
1085340
1085360
1085390
1085510
1085520
1085540
1085560
1085590
1085610
1085630
1085640
1085660
1085750
1085800
1085820
1085840
1085880
1085950
1085970
1085990
1086010
1086030
1086040
1086060
1086070
1086140
1086160
1086190
1086240
1086260
1086270
1086330
1086410
1086450
1086460
1086470
1086480
1086490
1086620
1086630
1086640
1086670
1086680
1086690
1086750
1086810
1086840
1086850
1086860
1086900
1086930
1086940
1086970
1086980
1086990
1087010
1087020
1087040
1087050
1087060
1087080
1087100
1087110
1087120
1087130
1087190
1087270
1087310
1087320
1087330
1087340
1087440
1087460
1087480
1087500
1087530
1087590
1087600
1087610
1087620
1087680
1087700
1087720
1087760
1087770
1087780
1087790
1087800
1087810
1087820
1087840
1087860
1087910
1087940
1087950
1087960
1087970
1088000
1088010
1088040
1088060
1088070
1088090
1088110
1088120
1088150
1088160
1088310
1088330
1088340
1088350
1088420
1088440
1088450
1088480
1088490
1088540
1088600
1088630
1088710
1088720
1088750
1088770
1088790
1088800
1088850
1088870
1088880
1088900
1088910
1088940
1088950
1088960
1088980
1089050
1089080
1089090
1089100
1089110
1089130
1089140
1089160
1089170
1089190
1089210
1089220
1089240
1089250
1089290
1089310
1089330
1089410
1089520
1089570
1089580
1089590
1089600
1089630
1089650
1089660
1089690
1089710
1089760
1089770
1089780
1089790
1089800
1089810
1089820
1089830
1089840
1089850
1089860
1089880
1089910
1089930
1089940
1089980
1090020
1090030
1090060
1090100
1090110
1090210
1090250
1090340
1090380
1090390
1090440
1090470
1090490
1090520
1090530
1090540
1090560
1090580
1090590
1090600
1090610
1090630
1090660
1090670
1090700
1090760
1090790
1090800
1090850
1090860
1090900
1090910
1090920
1090930
1090960
1091010
1091030
1091090
1091110
1091160
1091170
1091180
1091190
1091200
1091210
1091250
1091260
1091270
1091300
1091320
1091350
1091380
1091390
1091400
1091460
1091470
1091500
1091520
1091540
1091550
1091570
1091580
1091590
1091640
1091650
1091670
1091720
1091740
1091760
1091910
1091920
1091940
1091950
1091960
1091980
1092000
1092040
1092050
1092060
1092070
1092080
1092140
1092150
1092160
1092200
1092210
1092250
1092260
1092270
1092300
1092400
1092430
1092510
1092530
1092580
1092590
1092610
1092630
1092650
1092660
1092700
1092710
1092720
1092730
1092750
1092770
1092780
1092790
1092800
1092830
1092950
1092980
1093120
1093130
1093150
1093220
1093260
1093280
1093290
1093300
1093320
1093330
1093340
1093370
1093400
1093520
1093670
1093720
1093750
1093760
1093770
1093790
1093800
1093840
1093850
1093870
1093880
1093890
1093900
1093910
1093920
1093950
1094010
1094030
1094050
1094060
1094070
1094080
1094110
1094120
1094130
1094170
1094190
1094250
1094280
1094290
1094320
1094340
1094390
1094400
1094420
1094460
1094520
1094530
1094540
1094580
1094630
1094640
1094660
1094680
1094690
1094700
1094720
1094730
1094760
1094780
1094820
1094870
1094880
1094920
1094930
1094960
1095040
1095060
1095070
1095080
1095090
1095120
1095200
1095260
1095280
1095290
1095300
1095320
1095360
1095370
1095380
1095400
1095450
1095480
1095520
1095540
1095550
1095590
1095610
1095650
1095680
1095700
1095750
1095770
1095780
1095790
1095820
1095840
1095850
1095860
1095870
1095880
1095960
1096000
1096010
1096060
1096070
1096100
1096120
1096130
1096140
1096180
1096200
1096210
1096220
1096230
1096240
1096290
1096310
1096330
1096350
1096410
1096420
1096430
1096510
1096520
1096530
1096540
1096550
1096560
1096570
1096590
1096610
1096630
1096640
1096650
1096690
1096710
1096720
1096730
1096750
1096830
1096890
1096900
1096930
1096940
1096950
1096960
1096980
1096990
1097000
1097050
1097090
1097100
1097110
1097120
1097130
1097160
1097170
1097180
1097200
1097270
1097280
1097290
1097300
1097330
1097340
1097350
1097370
1097420
1097430
1097470
1097480
1097520
1097530
1097550
1097570
1097580
1097600
1097620
1097630
1097650
1097670
1097690
1097710
1097750
1097760
1097770
1097810
1097820
1097830
1097840
1097860
1097870
1097880
1097890
1097900
1097960
1098040
1098080
1098090
1098100
1098120
1098130
1098140
1098150
1098160
1098170
1098190
1098200
1098210
1098220
1098230
1098270
1098280
1098340
1098390
1098420
1098440
1098470
1098480
1098510
1098530
1098540
1098560
1098570
1098610
1098620
1098640
1098660
1098670
1098680
1098700
1098720
1098760
1098770
1098820
1098840
1098870
1098880
1098910
1098940
1098980
1099010
1099070
1099110
1099140
1099170
1099220
1099330
1099410
1099440
1099450
1099460
1099470
1099500
1099530
1099550
1099560
1099580
1099630
1099640
1099660
1099790
1099830
1099840
1099920
1099960
1100030
1100050
1100060
1100070
1100130
1100140
1100150
1100160
1100170
1100180
1100210
1100220
1100260
1100270
1100290
1100300
1100350
1100410
1100420
1100430
1100510
1100800
1100810
1100830
1100860
1100880
1100900
1100910
1100920
1100930
1100990
1101000
1101030
1101050
1101060
1101080
1101100
1101110
1101120
1101130
1101140
1101170
1101180
1101190
1101200
1101220
1101260
1101270
1101310
1101330
1101340
1101350
1101360
1101420
1101450
1101480
1101570
1101580
1101620
1101630
1101660
1101670
1101720
1101730
1101750
1101760
1101770
1101780
1101790
1101800
1101850
1101930
1101940
1101970
1101980
1102000
1102060
1102080
1102100
1102130
1102150
1102160
1102190
1102200
1102210
1102250
1102260
1102310
1102340
1102370
1102390
1102410
1102440
1102450
1102490
1102500
1102510
1102530
1102540
1102580
1102650
1102680
1102700
1102720
1102740
1102750
1102770
1102780
1102880
1102890
1102930
1102940
1102980
1103040
1103050
1103070
1103080
1103100
1103120
1103130
1103210
1103250
1103260
1103290
1103300
1103320
1103340
1103390
1103400
1103410
1103460
1103490
1103510
1103520
1103540
1103550
1103590
1103620
1103630
1103650
1103680
1103690
1103730
1103740
1103750
1103770
1103780
1103800
1103810
1103840
1103860
1103870
1103880
1103890
1103920
1103930
1103940
1103960
1103980
1104010
1104030
1104050
1104100
1104150
1104170
1104220
1104230
1104250
1104260
1104280
1104320
1104330
1104340
1104380
1104410
1104450
1104460
1104470
1104480
1104490
1104510
1104560
1104610
1104620
1104660
1104670
1104710
1104750
1104810
1104830
1104860
1104870
1104880
1104890
1104910
1104920
1104930
1104960
1105010
1105040
1105110
1105130
1105140
1105160
1105190
1105220
1105240
1105300
1105320
1105330
1105350
1105400
1105410
1105420
1105430
1105480
1105490
1105500
1105510
1105530
1105560
1105570
1105590
1105600
1105620
1105660
1105670
1105730
1105740
1105770
1105800
1105810
1105830
1105840
1105870
1105880
1105890
1105960
1105970
1106010
1106020
1106030
1106060
1106120
1106130
1106140
1106150
1106180
1106200
1106340
1106350
1106530
1106670
1106690
1106710
1106720
1106730
1106740
1106770
1106790
1106830
1106840
1106860
1106920
1106930
1106940
1106980
1107040
1107050
1107060
1107100
1107130
1107160
1107190
1107210
1107290
1107300
1107320
1107340
1107350
1107370
1107380
1107390
1107440
1107450
1107470
1107490
1107510
1107580
1107620
1107640
1107660
1107700
1107720
1107750
1107790
1107810
1107820
1107840
1107860
1107920
1107940
1107950
1108000
1108020
1108030
1108040
1108090
1108120
1108130
1108170
1108190
1108240
1108250
1108270
1108280
1108320
1108350
1108370
1108380
1108390
1108540
1108550
1108560
1108590
1108620
1108630
1108640
1108680
1108740
1108800
1108820
1109070
1109080
1109100
1109110
1109130
1109160
1109180
1109190
1109200
1109220
1109280
1109300
1109310
1109340
1109350
1109360
1109400
1109410
1109420
1109460
1109480
1109490
1109510
1109560
1109570
1109630
1109650
1109680
1109690
1109700
1109720
1109740
1109750
1109800
1109820
1109840
1109880
1109890
1109920
1109940
1109980
1110010
1110020
1110030
1110050
1110090
1110100
1110130
1110200
1110210
1110220
1110280
1110320
1110340
1110350
1110380
1110390
1110400
1110470
1110490
1110580
1110590
1110620
1110630
1110640
1110650
1110670
1110690
1110720
1110730
1110780
1110820
1110840
1110870
1110880
1110890
1110910
1110980
1111030
1111040
1111080
1111090
1111100
1111120
1111170
1111200
1111210
1111220
1111250
1111270
1111280
1111300
1111340
1111350
1111360
1111370
1111380
1111390
1111410
1111420
1111450
1111460
1111500
1111540
1111590
1111600
1111620
1111640
1111650
1111660
1111670
1111730
1111760
1111790
1111810
1111830
1111870
1111880
1111930
1111940
1111950
1111960
1111970
1111990
1112010
1112050
1112110
1112120
1112150
1112240
1112250
1112330
1112340
1112360
1112370
1112400
1112440
1112570
1112670
1112700
1112710
1112790
1112830
1112840
1112870
1112890
1112910
1112930
1112940
1112950
1112960
1112980
1113000
1113010
1113030
1113090
1113110
1113120
1113210
1113220
1113230
1113240
1113270
1113300
1113310
1113340
1113360
1113370
1113380
1113390
1113410
1113490
1113510
1113530
1113560
1113570
1113580
1113620
1113640
1113650
1113680
1113690
1113730
1113750
1113760
1113770
1113780
1113850
1113860
1113880
1113930
1113940
1113950
1113960
1113970
1114000
1114020
1114030
1114040
1114090
1114100
1114110
1114130
1114140
1114150
1114210
1114220
1114230
1114260
1114270
1114290
1114340
1114360
1114380
1114420
1114430
1114460
1114520
1114530
1114610
1114620
1114630
1114650
1114660
1114700
1114720
1114730
1114740
1114750
1114800
1114830
1114860
1114870
1114900
1114910
1114940
1114950
1114990
1115020
1115030
1115040
1115050
1115060
1115090
1115110
1115380
1115400
1115420
1115450
1115490
1115570
1115580
1115610
1115620
1115630
1115640
1115650
1115660
1115670
1115690
1115710
1115780
1115830
1115860
1115870
1115940
1115960
1115970
1115980
1116010
1116020
1116030
1116050
1116060
1116080
1116100
1116110
1116160
1116170
1116180
1116190
1116200
1116210
1116230
1116240
1116260
1116280
1116290
1116300
1116310
1116340
1116430
1116460
1116470
1116480
1116490
1116520
1116540
1116550
1116580
1116590
1116600
1116650
1116660
1116670
1116700
1116770
1116780
1116800
1116860
1116870
1116880
1116890
1116910
1116960
1116990
1117000
1117040
1117060
1117090
1117120
1117140
1117150
1117160
1117210
1117220
1117250
1117310
1117330
1117360
1117380
1117420
1117490
1117500
1117590
1117600
1117630
1117640
1117660
1117670
1117710
1117760
1117810
1117840
1117850
1117860
1117880
1117890
1117900
1117930
1117940
1117950
1117970
1117980
1117990
1118000
1118040
1118050
1118070
1118100
1118110
1118200
1118240
1118310
1118320
1118350
1118380
1118390
1118400
1118410
1118430
1118470
1118500
1118510
1118520
1118550
1118570
1118580
1118590
1118600
1118640
1118670
1118700
1118730
1118740
1118790
1118820
1118840
1118870
1118880
1118910
1118920
1118930
1118940
1118950
1118980
1119010
1119060
1119070
1119090
1119100
1119380
1119530
1119570
1119590
1119600
1119620
1119630
1119640
1119670
1119700
1119710
1119730
1119740
1119760
1119770
1119790
1119800
1119820
1119840
1119890
1119940
1119960
1119970
1119980
1120050
1120060
1120090
1120160
1120210
1120240
1120280
1120300
1120320
1120340
1120360
1120370
1120390
1120400
1120410
1120420
1120480
1120560
1120580
1120600
1120620
1120630
1120640
1120680
1120690
1120700
1120730
1120750
1120770
1120800
1120810
1120820
1120850
1120900
1120920
1120940
1120950
1120960
1120970
1120980
1121000
1121100
1121120
1121140
1121190
1121200
1121230
1121270
1121290
1121300
1121310
1121320
1121340
1121400
1121420
1121460
1121490
1121530
1121550
1121570
1121580
1121590
1121640
1121650
1121680
1121710
1121720
1121740
1121770
1121780
1121810
1121820
1121860
1121910
1121930
1121980
1122040
1122050
1122080
1122090
1122100
1122110
1122120
1122150
1122180
1122200
1122210
1122240
1122250
1122270
1122280
1122290
1122310
1122340
1122360
1122440
1122460
1122490
1122570
1122600
1122610
1122630
1122640
1122650
1122680
1122690
1122700
1122710
1122720
1122730
1122740
1122750
1122760
1122770
1122780
1122810
1122830
1122850
1122860
1122870
1122880
1122890
1122900
1122960
1122970
1122980
1123030
1123050
1123060
1123070
1123080
1123090
1123120
1123140
1123150
1123190
1123210
1123230
1123270
1123300
1123310
1123340
1123390
1123400
1123410
1123450
1123460
1123510
1123550
1123570
1123610
1123620
1123640
1123700
1123730
1123760
1123770
1123790
1123830
1123870
1123880
1123900
1123910
1123920
1123950
1123960
1124000
1124050
1124060
1124070
1124080
1124090
1124100
1124130
1124160
1124170
1124180
1124190
1124210
1124260
1124270
1124300
1124310
1124380
1124390
1124400
1124410
1124430
1124440
1124510
1124530
1124550
1124560
1124600
1124630
1124640
1124660
1124710
1124740
1124790
1124800
1124810
1124830
1124850
1124860
1124940
1124950
1124960
1124970
1124990
1125000
1125030
1125110
1125130
1125240
1125250
1125270
1125330
1125360
1125370
1125390
1125420
1125450
1125480
1125490
1125510
1125590
1125600
1125620
1125640
1125650
1125690
1125700
1125710
1125730
1125770
1125800
1125860
1125870
1125880
1125890
1125910
1125930
1125980
1126020
1126060
1126070
1126090
1126100
1126110
1126120
1126130
1126190
1126200
1126220
1126230
1126260
1126290
1126300
1126310
1126320
1126340
1126350
1126420
1126430
1126440
1126450
1126470
1126510
1126550
1126600
1126640
1126710
1126750
1126770
1126820
1126840
1126850
1126860
1126880
1126890
1126970
1126990
1127030
1127070
1127100
1127110
1127130
1127140
1127170
1127200
1127210
1127250
1127290
1127330
1127350
1127360
1127390
1127400
1127460
1127470
1127480
1127500
1127530
1127540
1127560
1127580
1127600
1127610
1127620
1127660
1127680
1127690
1127700
1127730
1127820
1127840
1127850
1127900
1127920
1127930
1127940
1127970
1128000
1128010
1128020
1128040
1128060
1128100
1128140
1128150
1128160
1128170
1128180
1128190
1128220
1128230
1128260
1128270
1128310
1128330
1128350
1128370
1128420
1128430
1128440
1128450
1128480
1128520
1128570
1128610
1128660
1128670
1128680
1128690
1128770
1128800
1128810
1128830
1128840
1128860
1128900
1128920
1128960
1128980
1129010
1129030
1129050
1129090
1129110
1129180
1129190
1129200
1129210
1129220
1129240
1129250
1129310
1129330
1129370
1129410
1129480
1129530
1129540
1129550
1129570
1129580
1129610
1129660
1129670
1129680
1129690
1129700
1129710
1129720
1129730
1129760
1129810
1129920
1130220
1130400
1130410
1130430
1130440
1130510
1130560
1130570
1130590
1130600
1130620
1130660
1130680
1130700
1130710
1130840
1130880
1130900
1130970
1130990
1131060
1131080
1131110
1131140
1131190
1131230
1131240
1131270
1131280
1131340
1131360
1131400
1131410
1131430
1131450
1131460
1131470
1131490
1131500
1131520
1131530
1131540
1131550
1131580
1131590
1131620
1131640
1131660
1131670
1131680
1131690
1131740
1131750
1131780
1131790
1131800
1131810
1131830
1131840
1131870
1131880
1131900
1131920
1131930
1131940
1131990
1132010
1132020
1132030
1132050
1132060
1132070
1132080
1132090
1132100
1132120
1132180
1132190
1132220
1132230
1132290
1132300
1132410
1132460
1132490
1132540
1132600
1132620
1132670
1132690
1132710
1132720
1132730
1132750
1132760
1132770
1132830
1132840
1132850
1132860
1132880
1132900
1132910
1132960
1132970
1132980
1132990
1133000
1133040
1133050
1133060
1133070
1133120
1133160
1133170
1133200
1133210
1133300
1133310
1133320
1133330
1133350
1133410
1133420
1133500
1133520
1133530
1133560
1133570
1133590
1133610
1133730
1133760
1133770
1133780
1133790
1133870
1133890
1133910
1133930
1133950
1133970
1133980
1133990
1134020
1134030
1134040
1134070
1134100
1134120
1134130
1134150
1134180
1134190
1134200
1134250
1134260
1134320
1134370
1134390
1134440
1134450
1134470
1134480
1134490
1134500
1134520
1134620
1134630
1134700
1134710
1134730
1135030
1135040
1135050
1135060
1135070
1135090
1135100
1135110
1135120
1135130
1135140
1135150
1135160
1135170
1135180
1135190
1135200
1135210
1135230
1135240
1135260
1135300
1135320
1135370
1135380
1135400
1135440
1135450
1135480
1135560
1135570
1135680
1135690
1135700
1135730
1135740
1135750
1135760
1135800
1135810
1135830
1135860
1135900
1135910
1136000
1136010
1136020
1136040
1136070
1136080
1136090
1136100
1136110
1136150
1136160
1136210
1136240
1136250
1136330
1136370
1136380
1136420
1136440
1136770
1136790
1136820
1136830
1136870
1136880
1136910
1136930
1136960
1137020
1137040
1137050
1137070
1137100
1137110
1137160
1137170
1137210
1137220
1137230
1137250
1137260
1137270
1137300
1137320
1137330
1137350
1137360
1137400
1137410
1137450
1137460
1137490
1137620
1137650
1137660
1137670
1137680
1137690
1137700
1137730
1137750
1137770
1137800
1137810
1137820
1137860
1137870
1137880
1137900
1137910
1137970
1138010
1138020
1138030
1138100
1138130
1138150
1138190
1138260
1138280
1138290
1138300
1138310
1138320
1138360
1138370
1138380
1138410
1138440
1138480
1138530
1138580
1138630
1138640
1138650
1138660
1138780
1138800
1138810
1138850
1138900
1138960
1138990
1139000
1139020
1139060
1139080
1139090
1139100
1139130
1139140
1139160
1139200
1139240
1139280
1139310
1139470
1139480
1139660
1139760
1139780
1139790
1139800
1139830
1139840
1139860
1139870
1139880
1139890
1139900
1139920
1139930
1139940
1139950
1139980
1140000
1140020
1140030
1140050
1140060
1140070
1140100
1140110
1140120
1140130
1140140
1140150
1140160
1140170
1140180
1140260
1140270
1140290
1140350
1140400
1140410
1140430
1140440
1140460
1140490
1140500
1140510
1140530
1140540
1140570
1140610
1140620
1140630
1140640
1140700
1140720
1140730
1140740
1140750
1140790
1140870
1140880
1140890
1140900
1140930
1140950
1140970
1141020
1141030
1141040
1141050
1141070
1141100
1141110
1141120
1141130
1141150
1141160
1141170
1141180
1141190
1141220
1141250
1141260
1141270
1141290
1141300
1141310
1141320
1141340
1141360
1141380
1141450
1141530
1141550
1141570
1141580
1141600
1141640
1141650
1141660
1141670
1141700
1141710
1141740
1141750
1141760
1141840
1141850
1141860
1141880
1141930
1141950
1141960
1141980
1141990
1142000
1142020
1142030
1142070
1142080
1142090
1142130
1142180
1142200
1142220
1142230
1142250
1142270
1142280
1142290
1142300
1142320
1142330
1142360
1142390
1142410
1142440
1142450
1142480
1142500
1142510
1142530
1142710
1142730
1142740
1142750
1142760
1142810
1142830
1142850
1142860
1142870
1142890
1143140
1143300
1143320
1143330
1143340
1143350
1143400
1143420
1143430
1143440
1143450
1143510
1143520
1143550
1143570
1143610
1143660
1143680
1143710
1143720
1143740
1143750
1143770
1143780
1143800
1143810
1143850
1143860
1143900
1144000
1144020
1144030
1144060
1144070
1144080
1144090
1144100
1144110
1144140
1144150
1144170
1144200
1144250
1144260
1144270
1144280
1144290
1144300
1144310
1144330
1144350
1144370
1144400
1144440
1144450
1144460
1144480
1144510
1144520
1144550
1144590
1144620
1144630
1144640
1144670
1144690
1144750
1144760
1144770
1144800
1144820
1144850
1144860
1144900
1144910
1144970
1145000
1145020
1145030
1145040
1145050
1145120
1145130
1145180
1145240
1145270
1145280
1145290
1145330
1145340
1145350
1145360
1145380
1145410
1145430
1145450
1145460
1145490
1145500
1145520
1145530
1145550
1145560
1145570
1145580
1145590
1145630
1145660
1145670
1145710
1145740
1145760
1145770
1145780
1145800
1145810
1145820
1145830
1145860
1145960
1145970
1146010
1146090
1146100
1146120
1146160
1146170
1146210
1146230
1146250
1146280
1146300
1146310
1146330
1146350
1146360
1146370
1146390
1146400
1146420
1146500
1146510
1146560
1146590
1146600
1146620
1146630
1146660
1146700
1146710
1146720
1146730
1146780
1146790
1146810
1146880
1146890
1146910
1146940
1146950
1146970
1147020
1147030
1147130
1147140
1147170
1147200
1147220
1147240
1147280
1147330
1147370
1147390
1147450
1147480
1147490
1147500
1147510
1147520
1147550
1147560
1147600
1147620
1147640
1147690
1147700
1147710
1147750
1147760
1147840
1147860
1147890
1147940
1147950
1147960
1147970
1147980
1148000
1148010
1148020
1148030
1148080
1148090
1148100
1148120
1148150
1148160
1148190
1148200
1148260
1148270
1148280
1148290
1148300
1148320
1148330
1148350
1148360
1148390
1148400
1148420
1148430
1148450
1148460
1148470
1148480
1148490
1148500
1148510
1148530
1148540
1148550
1148560
1148570
1148590
1148620
1148650
1148670
1148680
1148700
1148710
1148730
1148740
1148750
1148760
1148770
1148890
1148920
1148930
1148940
1148980
1149070
1149080
1149090
1149110
1149120
1149130
1149180
1149190
1149200
1149210
1149220
1149280
1149290
1149340
1149370
1149400
1149440
1149460
1149510
1149540
1149550
1149570
1149580
1149590
1149620
1149630
1149640
1149660
1149690
1149700
1149710
1149760
1149780
1149830
1149860
1149900
1149910
1149930
1149940
1150040
1150080
1150090
1150130
1150140
1150270
1150290
1150310
1150400
1150440
1150460
1150480
1150500
1150530
1150540
1150550
1150610
1150620
1150640
1150650
1150670
1150680
1150690
1150720
1150730
1150760
1150790
1150800
1150810
1150820
1150830
1150840
1150860
1150870
1150890
1150900
1150910
1150940
1150950
1150990
1151050
1151060
1151080
1151090
1151120
1151130
1151160
1151180
1151200
1151250
1151310
1151320
1151340
1151370
1151390
1151400
1151430
1151440
1151450
1151460
1151500
1151530
1151540
1151550
1151570
1151580
1151600
1151610
1151620
1151630
1151640
1151650
1151680
1151720
1151730
1151740
1151750
1151770
1151840
1151860
1151880
1151920
1151930
1151940
1151990
1152000
1152020
1152040
1152050
1152090
1152100
1152120
1152160
1152210
1152280
1152300
1152310
1152320
1152330
1152340
1152360
1152410
1152440
1152450
1152480
1152540
1152550
1152570
1152580
1152620
1152640
1152660
1152690
1152700
1152760
1152800
1152810
1152830
1152890
1152900
1152910
1152920
1152940
1152950
1152990
1153030
1153040
1153050
1153060
1153070
1153100
1153110
1153120
1153130
1153150
1153170
1153200
1153210
1153220
1153250
1153260
1153290
1153300
1153310
1153320
1153330
1153360
1153370
1153410
1153420
1153430
1153440
1153470
1153510
1153520
1153540
1153550
1153630
1153640
1153670
1153690
1153710
1153720
1153730
1153800
1153830
1153840
1153860
1153880
1153920
1153930
1153950
1153990
1154010
1154030
1154040
1154080
1154090
1154110
1154120
1154150
1154160
1154170
1154210
1154290
1154300
1154340
1154350
1154360
1154420
1154430
1154450
1154470
1154480
1154560
1154640
1154650
1154670
1154680
1154720
1154730
1154780
1154790
1154800
1154810
1154820
1154830
1154840
1154850
1154860
1154940
1155090
1155100
1155120
1155130
1155240
1155290
1155300
1155320
1155330
1155340
1155390
1155410
1155420
1155460
1155470
1155480
1155490
1155530
1155580
1155590
1155620
1155650
1155660
1155680
1155720
1155790
1155800
1155810
1155830
1155860
1155870
1155880
1155900
1155910
1155920
1155930
1155940
1155950
1155960
1155970
1155980
1155990
1156000
1156030
1156050
1156060
1156130
1156200
1156250
1156290
1156320
1156330
1156360
1156380
1156420
1156470
1156500
1156510
1156550
1156570
1156590
1156640
1156650
1156670
1156680
1156710
1156730
1156760
1156770
1156780
1156820
1156900
1156970
1156980
1156990
1157010
1157020
1157040
1157050
1157070
1157080
1157090
1157100
1157120
1157200
1157220
1157230
1157250
1157260
1157300
1157320
1157340
1157390
1157620
1157640
1157650
1157670
1157700
1157740
1157750
1157790
1157810
1157830
1157840
1157850
1157860
1157870
1157880
1157910
1157920
1157930
1157940
1157960
1157980
1158010
1158040
1158100
1158110
1158150
1158160
1158220
1158230
1158260
1158270
1158280
1158290
1158310
1158320
1158370
1158390
1158410
1158420
1158430
1158450
1158460
1158470
1158480
1158490
1158500
1158540
1158650
1158660
1158670
1158690
1158720
1158750
1158770
1158780
1158820
1158830
1158850
1158880
1158890
1158910
1158940
1158960
1158970
1158990
1159000
1159020
1159030
1159070
1159090
1159130
1159240
1159260
1159290
1159340
1159350
1159380
1159420
1159450
1159500
1159510
1159520
1159540
1159550
1159560
1159590
1159640
1159660
1159680
1159690
1159770
1159830
1159860
1159870
1159880
1159890
1159900
1159930
1160010
1160020
1160040
1160050
1160100
1160140
1160190
1160220
1160330
1160360
1160410
1160420
1160440
1160490
1160540
1160550
1160580
1160600
1160610
1160620
1160660
1160670
1160700
1160750
1160770
1160780
1160790
1160800
1160820
1160870
1160880
1160920
1160950
1160980
1161060
1161110
1161120
1161140
1161160
1161170
1161180
1161190
1161200
1161220
1161270
1161300
1161320
1161330
1161360
1161370
1161430
1161440
1161490
1161510
1161550
1161570
1161580
1161590
1161640
1161650
1161660
1161670
1161680
1161740
1161770
1161800
1161820
1161830
1161840
1161870
1161880
1161900
1161910
1161930
1162010
1162050
1162070
1162130
1162160
1162170
1162180
1162220
1162270
1162280
1162290
1162310
1162320
1162330
1162370
1162390
1162400
1162430
1162440
1162470
1162480
1162520
1162560
1162570
1162590
1162630
1162640
1162650
1162670
1162680
1162690
1162700
1162730
1162750
1162760
1162820
1162880
1162900
1162920
1162930
1162950
1162960
1163060
1163070
1163090
1163100
1163130
1163170
1163180
1163290
1163300
1163320
1163330
1163340
1163360
1163400
1163460
1163470
1163490
1163500
1163550
1163560
1163570
1163590
1163600
1163620
1163640
1163690
1163730
1163740
1163770
1163830
1163870
1163910
1163930
1163960
1163990
1164000
1164010
1164020
1164040
1164050
1164060
1164100
1164180
1164210
1164250
1164290
1164300
1164310
1164330
1164350
1164390
1164410
1164440
1164460
1164470
1164550
1164570
1164660
1164690
1164740
1164750
1164760
1164850
1164860
1164910
1164920
1164930
1164940
1164970
1164990
1165000
1165010
1165020
1165070
1165090
1165100
1165140
1165170
1165280
1165300
1165340
1165380
1165400
1165420
1165430
1165450
1165460
1165470
1165490
1165500
1165520
1165530
1165540
1165570
1165590
1165610
1165790
1165820
1165840
1165850
1165860
1165870
1165910
1165920
1165960
1165980
1166000
1166070
1166090
1166100
1166120
1166130
1166140
1166230
1166240
1166250
1166290
1166310
1166320
1166430
1166490
1166500
1166510
1166540
1166580
1166600
1166680
1166710
1166730
1166740
1166760
1166780
1166790
1166800
1166830
1166840
1166860
1166870
1166940
1166980
1166990
1167090
1167100
1167140
1167150
1167170
1167270
1167300
1167320
1167340
1167350
1167380
1167430
1167450
1167460
1167470
1167490
1167530
1167540
1167550
1167570
1167590
1167630
1167640
1167660
1167680
1167700
1167710
1167750
1167770
1167790
1167800
1167850
1167860
1167900
1167930
1167950
1168030
1168050
1168060
1168070
1168160
1168170
1168190
1168210
1168250
1168320
1168360
1168380
1168420
1168430
1168470
1168480
1168490
1168550
1168600
1168610
1168630
1168650
1168660
1168680
1168690
1168710
1168740
1168780
1168790
1168800
1168820
1168830
1168840
1168850
1168870
1168880
1168960
1168970
1168980
1168990
1169000
1169020
1169030
1169040
1169050
1169060
1169070
1169100
1169110
1169120
1169160
1169170
1169200
1169220
1169230
1169310
1169330
1169420
1169430
1169460
1169490
1169500
1169510
1169520
1169540
1169610
1169630
1169640
1169740
1169760
1169770
1169800
1169810
1169870
1169880
1169920
1170010
1170030
1170050
1170060
1170080
1170110
1170120
1170130
1170160
1170170
1170180
1170190
1170200
1170210
1170230
1170290
1170300
1170320
1170330
1170340
1170350
1170370
1170390
1170400
1170410
1170430
1170450
1170460
1170490
1170500
1170520
1170530
1170540
1170570
1170640
1170720
1170750
1170760
1170800
1170820
1170830
1170840
1170870
1170880
1170910
1170940
1170950
1170960
1170970
1170980
1171030
1171040
1171070
1171080
1171110
1171120
1171130
1171160
1171190
1171220
1171230
1171240
1171260
1171270
1171310
1171320
1171330
1171350
1171370
1171410
1171440
1171460
1171520
1171560
1171620
1171660
1171690
1171770
1171810
1171820
1171840
1171870
1171880
1171890
1171950
1171990
1172000
1172050
1172060
1172080
1172090
1172130
1172150
1172170
1172180
1172190
1172220
1172280
1172290
1172310
1172340
1172380
1172390
1172400
1172410
1172430
1172450
1172470
1172480
1172500
1172510
1172520
1172530
1172540
1172620
1172640
1172650
1172660
1172680
1172710
1172720
1172730
1172760
1172800
1172820
1172830
1172890
1172900
1172920
1172930
1172940
1172960
1172980
1173010
1173050
1173070
1173120
1173130
1173140
1173150
1173200
1173220
1173230
1173240
1173250
1173260
1173270
1173280
1173300
1173310
1173330
1173340
1173350
1173370
1173380
1173400
1173410
1173500
1173510
1173550
1173590
1173610
1173650
1173700
1173730
1173740
1173770
1173780
1173790
1173800
1173810
1173820
1173830
1173860
1173870
1173920
1173940
1173990
1174030
1174050
1174090
1174120
1174170
1174180
1174200
1174270
1174300
1174320
1174380
1174390
1174400
1174430
1174440
1174450
1174460
1174490
1174500
1174550
1174570
1174630
1174640
1174670
1174680
1174690
1174720
1174730
1174780
1174810
1174820
1174830
1174860
1174890
1174900
1174920
1174940
1174990
1175030
1175040
1175050
1175060
1175070
1175080
1175100
1175120
1175140
1175150
1175160
1175170
1175190
1175200
1175210
1175250
1175320
1175330
1175360
1175380
1175390
1175400
1175420
1175430
1175460
1175470
1175480
1175490
1175500
1175510
1175540
1175550
1175570
1175590
1175640
1175650
1175690
1175700
1175720
1175770
1175800
1175820
1175830
1175840
1175870
1175880
1175890
1175900
1175950
1175970
1175980
1176000
1176020
1176030
1176040
1176050
1176060
1176090
1176110
1176130
1176160
1176170
1176190
1176200
1176360
1176460
1176470
1176480
1176490
1176540
1176560
1176580
1176590
1176710
1176780
1176840
1176850
1176890
1176910
1176920
1176970
1176990
1177020
1177030
1177070
1177080
1177100
1177110
1177130
1177170
1177190
1177270
1177300
1177310
1177330
1177370
1177380
1177390
1177400
1177420
1177430
1177460
1177480
1177490
1177510
1177540
1177610
1177640
1177660
1177690
1177720
1177820
1177830
1177840
1177850
1177950
1177960
1177970
1177980
1178000
1178020
1178030
1178050
1178060
1178130
1178140
1178150
1178160
1178180
1178200
1178210
1178220
1178230
1178280
1178310
1178380
1178400
1178430
1178460
1178480
1178490
1178500
1178510
1178590
1178680
1178690
1178710
1178780
1178790
1178830
1178870
1178880
1178910
1178920
1179010
1179060
1179080
1179090
1179100
1179110
1179150
1179190
1179210
1179310
1179340
1179390
1179400
1179410
1179420
1179430
1179460
1179500
1179530
1179540
1179550
1179560
1179570
1179580
1179620
1179680
1179690
1179750
1179800
1179880
1179890
1179910
1180020
1180030
1180110
1180130
1180180
1180210
1180270
1180320
1180330
1180350
1180360
1180370
1180380
1180410
1180420
1180520
1180530
1180540
1180550
1180610
1180620
1180660
1180690
1180700
1180790
1180800
1180820
1180840
1180900
1180940
1180960
1180970
1181000
1181010
1181030
1181070
1181120
1181130
1181140
1181160
1181170
1181220
1181230
1181270
1181280
1181290
1181300
1181330
1181360
1181390
1181400
1181440
1181470
1181510
1181520
1181550
1181570
1181600
1181610
1181640
1181650
1181680
1181740
1181750
1181770
1181780
1181790
1181830
1181840
1181880
1181890
1181900
1181910
1181970
1181990
1182000
1182020
1182040
1182070
1182090
1182110
1182200
1182210
1182260
1182270
1182280
1182310
1182370
1182420
1182470
1182530
1182540
1182590
1182620
1182670
1182690
1182720
1182760
1182770
1182790
1182820
1182830
1182890
1182900
1182970
1183010
1183030
1183140
1183160
1183170
1183190
1183200
1183210
1183230
1183240
1183260
1183280
1183300
1183320
1183420
1183440
1183470
1183500
1183520
1183530
1183580
1183600
1183620
1183640
1183650
1183670
1183700
1183720
1183740
1183750
1183800
1183840
1183850
1183980
1184010
1184040
1184050
1184070
1184090
1184100
1184160
1184190
1184200
1184210
1184230
1184250
1184260
1184290
1184310
1184320
1184360
1184370
1184400
1184420
1184450
1184480
1184500
1184530
1184550
1184560
1184570
1184590
1184640
1184650
1184660
1184690
1184700
1184710
1184760
1184770
1184790
1184810
1184820
1184840
1184880
1184890
1184900
1184960
1184990
1185140
1185160
1185190
1185260
1185270
1185330
1185340
1185360
1185370
1185390
1185400
1185410
1185440
1185470
1185480
1185490
1185500
1185520
1185570
1185580
1185600
1185620
1185660
1185680
1185700
1185730
1185740
1185750
1185760
1185780
1185820
1185870
1185950
1185960
1186030
1186040
1186050
1186080
1186100
1186160
1186220
1186260
1186270
1186280
1186290
1186340
1186350
1186400
1186460
1186470
1186510
1186530
1186540
1186560
1186570
1186580
1186590
1186600
1186630
1186640
1186650
1186660
1186670
1186680
1186690
1186720
1186730
1186740
1186760
1186770
1186860
1186880
1186940
1186960
1187030
1187040
1187050
1187060
1187130
1187190
1187260
1187330
1187390
1187410
1187420
1187510
1187520
1187550
1187620
1187650
1187740
1187780
1187830
1187840
1187850
1187870
1187900
1187910
1187920
1187940
1187950
1188000
1188060
1188070
1188080
1188100
1188140
1188160
1188250
1188260
1188280
1188290
1188310
1188330
1188430
1188490
1188540
1188580
1188590
1188600
1188620
1188630
1188660
1188670
1188690
1188710
1188720
1188760
1188790
1188800
1188900
1188920
1188930
1188970
1189020
1189040
1189060
1189070
1189080
1189090
1189100
1189120
1189130
1189200
1189210
1189220
1189230
1189250
1189290
1189350
1189360
1189380
1189440
1189460
1189470
1189490
1189520
1189590
1189600
1189630
1189650
1189680
1189700
1189730
1189740
1189780
1189800
1189820
1189850
1190000
1190060
1190110
1190120
1190130
1190150
1190160
1190170
1190180
1190190
1190230
1190320
1190370
1190380
1190400
1190410
1190540
1190560
1190590
1190610
1190640
1190690
1190750
1190760
1190770
1190780
1190810
1190820
1190840
1190900
1190910
1190930
1190970
1190980
1190990
1191050
1191070
1191080
1191100
1191120
1191130
1191160
1191170
1191210
1191260
1191280
1191330
1191420
1191440
1191450
1191510
1191540
1191550
1191570
1191580
1191590
1191610
1191620
1191630
1191650
1191660
1191680
1191690
1191730
1191770
1191800
1191820
1191840
1191870
1191900
1191930
1191940
1192010
1192020
1192060
1192070
1192160
1192260
1192270
1192310
1192340
1192350
1192360
1192380
1192410
1192440
1192500
1192550
1192580
1192600
1192610
1192630
1192640
1192650
1192730
1192740
1192790
1192810
1192840
1192860
1192880
1192890
1192900
1192910
1192920
1192940
1192950
1193040
1193070
1193090
1193120
1193160
1193200
1193210
1193300
1193320
1193330
1193340
1193350
1193360
1193380
1193410
1193430
1193440
1193450
1193460
1193510
1193520
1193530
1193550
1193560
1193590
1193600
1193630
1193660
1193680
1193690
1193750
1193760
1193780
1193790
1193830
1193870
1193900
1193930
1193950
1193990
1194010
1194050
1194100
1194140
1194160
1194170
1194230
1194330
1194380
1194390
1194480
1194490
1194520
1194560
1194590
1194600
1194610
1194620
1194630
1194650
1194670
1194680
1194700
1194720
1194740
1194750
1194810
1194830
1194840
1194850
1194870
1194890
1194910
1194930
1194940
1195020
1195070
1195090
1195130
1195140
1195170
1195220
1195230
1195250
1195270
1195290
1195340
1195350
1195360
1195410
1195420
1195430
1195450
1195460
1195550
1195560
1195600
1195610
1195620
1195710
1195820
1195830
1195840
1195870
1195900
1195910
1195920
1195990
1196040
1196050
1196060
1196080
1196090
1196100
1196130
1196160
1196170
1196190
1196240
1196260
1196280
1196300
1196310
1196320
1196350
1196390
1196400
1196420
1196440
1196450
1196470
1196500
1196510
1196520
1196550
1196570
1196580
1196590
1196600
1196620
1196630
1196660
1196690
1196750
1196800
1196850
1196880
1196890
1196940
1196970
1197010
1197020
1197030
1197060
1197100
1197110
1197150
1197160
1197180
1197210
1197220
1197230
1197260
1197280
1197310
1197320
1197340
1197350
1197360
1197370
1197380
1197390
1197440
1197460
1197490
1197500
1197520
1197530
1197570
1197580
1197590
1197620
1197650
1197670
1197700
1197710
1197730
1197740
1197770
1197790
1197820
1197840
1197960
1197990
1198040
1198050
1198060
1198070
1198090
1198110
1198210
1198240
1198260
1198270
1198310
1198320
1198340
1198380
1198390
1198400
1198410
1198450
1198510
1198570
1198630
1198700
1198730
1198740
1198760
1198780
1198820
1198840
1198850
1198860
1198970
1199000
1199010
1199030
1199050
1199060
1199120
1199140
1199150
1199170
1199180
1199200
1199220
1199240
1199360
1199450
1199540
1199560
1199610
1199650
1199660
1199740
1199760
1199770
1199780
1199790
1199830
1199900
1199910
1199930
1200090
1200110
1200120
1200140
1200160
1200180
1200200
1200220
1200230
1200270
1200290
1200300
1200330
1200350
1200400
1200420
1200430
1200450
1200570
1200580
1200600
1200630
1200650
1200660
1200710
1200720
1200730
1200740
1200770
1200780
1200800
1200860
1200870
1200910
1200930
1201000
1201050
1201200
1201220
1201230
1201240
1201250
1201260
1201270
1201280
1201350
1201370
1201400
1201430
1201450
1201500
1201520
1201530
1201540
1201550
1201620
1201630
1201650
1201700
1201730
1201760
1201770
1201790
1201800
1201810
1201830
1201840
1201870
1201880
1201910
1201930
1201950
1201960
1201970
1201980
1202070
1202080
1202090
1202100
1202120
1202130
1202140
1202150
1202160
1202170
1202200
1202220
1202240
1202250
1202280
1202300
1202310
1202360
1202400
1202420
1202480
1202510
1202540
1202560
1202570
1202610
1202640
1202650
1202660
1202690
1202710
1202730
1202770
1202780
1202790
1202810
1202820
1202830
1202870
1202880
1202900
1202930
1202970
1203040
1203050
1203140
1203160
1203180
1203190
1203220
1203240
1203300
1203310
1203320
1203350
1203360
1203370
1203390
1203400
1203420
1203430
1203440
1203460
1203470
1203490
1203500
1203540
1203560
1203570
1203580
1203600
1203620
1203630
1203650
1203670
1203680
1203710
1203720
1203750
1203760
1203770
1203780
1203810
1203830
1203850
1203890
1203930
1203970
1203990
1204010
1204030
1204040
1204050
1204100
1204110
1204160
1204210
1204220
1204230
1204270
1204280
1204320
1204360
1204370
1204380
1204410
1204440
1204470
1204480
1204490
1204530
1204550
1204630
1204650
1204660
1204700
1204710
1204720
1204740
1204750
1204760
1204780
1204800
1204860
1204880
1204920
1204930
1204950
1204970
1204990
1205010
1205020
1205040
1205060
1205090
1205100
1205140
1205150
1205160
1205170
1205200
1205240
1205250
1205260
1205290
1205310
1205330
1205450
1205480
1205510
1205520
1205540
1205560
1205580
1205590
1205600
1205650
1205690
1205800
1205890
1205900
1205930
1205950
1205960
1205970
1205980
1206000
1206010
1206040
1206050
1206060
1206070
1206080
1206110
1206140
1206180
1206200
1206230
1206240
1206260
1206270
1206280
1206290
1206310
1206320
1206410
1206430
1206470
1206480
1206510
1206550
1206560
1206570
1206590
1206600
1206610
1206620
1206660
1206670
1206680
1206690
1206700
1206710
1206720
1206750
1206770
1206800
1206810
1206820
1206840
1206870
1206900
1206910
1206920
1206930
1207010
1207020
1207030
1207090
1207130
1207210
1207230
1207260
1207310
1207320
1207350
1207380
1207390
1207400
1207420
1207450
1207480
1207500
1207520
1207540
1207560
1207650
1207710
1207770
1207780
1207800
1207850
1207860
1207880
1208030
1208040
1208050
1208080
1208090
1208110
1208120
1208220
1208250
1208260
1208330
1208370
1208380
1208390
1208400
1208420
1208470
1208490
1208510
1208520
1208550
1208580
1208590
1208600
1208660
1208690
1208760
1208770
1208810
1208830
1208840
1208850
1208870
1208880
1208900
1208940
1208950
1208980
1209000
1209060
1209080
1209130
1209140
1209160
1209170
1209200
1209330
1209360
1209400
1209410
1209430
1209440
1209450
1209460
1209470
1209490
1209500
1209510
1209520
1209570
1209590
1209600
1209610
1209620
1209650
1209700
1209720
1209740
1209750
1209760
1209770
1209790
1209860
1209910
1209950
1209990
1210010
1210030
1210060
1210110
1210150
1210220
1210230
1210250
1210270
1210290
1210300
1210320
1210330
1210340
1210380
1210490
1210530
1210540
1210550
1210570
1210590
1210610
1210620
1210640
1210650
1210660
1210670
1210680
1210700
1210740
1210750
1210780
1210790
1210800
1210820
1210830
1210850
1210880
1210910
1210930
1210970
1211020
1211070
1211100
1211110
1211120
1211160
1211180
1211230
1211240
1211250
1211270
1211320
1211350
1211360
1211370
1211420
1211460
1211470
1211490
1211540
1211600
1211610
1211630
1211640
1211650
1211700
1211710
1211730
1211740
1211780
1211790
1211800
1211830
1211860
1211880
1211930
1211940
1211950
1211960
1211980
1211990
1212020
1212040
1212100
1212110
1212150
1212170
1212190
1212290
1212300
1212320
1212360
1212400
1212410
1212440
1212450
1212460
1212470
1212480
1212530
1212550
1212600
1212610
1212620
1212640
1212690
1212710
1212730
1212750
1212760
1212780
1212830
1212840
1212850
1212860
1212870
1212880
1212890
1212900
1212930
1212940
1212960
1213000
1213050
1213070
1213140
1213210
1213220
1213230
1213270
1213300
1213330
1213370
1213380
1213390
1213420
1213450
1213460
1213540
1213550
1213570
1213600
1213640
1213650
1213660
1213670
1213680
1213700
1213710
1213740
1213750
1213760
1213770
1213780
1213810
1213860
1213870
1213890
1214060
1214130
1214150
1214180
1214200
1214210
1214230
1214250
1214280
1214310
1214330
1214360
1214410
1214450
1214460
1214470
1214490
1214500
1214520
1214530
1214540
1214570
1214590
1214600
1214630
1214640
1214650
1214670
1214760
1214850
1214880
1214890
1214900
1214920
1214970
1214980
1214990
1215030
1215060
1215090
1215110
1215120
1215130
1215180
1215200
1215260
1215270
1215280
1215310
1215320
1215340
1215350
1215360
1215390
1215410
1215430
1215450
1215500
1215520
1215540
1215550
1215600
1215650
1215660
1215690
1215700
1215710
1215720
1215740
1215750
1215770
1215820
1215830
1215870
1215900
1215930
1215950
1215960
1215990
1216030
1216050
1216060
1216080
1216150
1216160
1216200
1216220
1216230
1216300
1216310
1216320
1216350
1216370
1216380
1216470
1216490
1216540
1216590
1216600
1216610
1216640
1216660
1216690
1216700
1216710
1216720
1216740
1216790
1216870
1216880
1216890
1216930
1216950
1217050
1217060
1217070
1217100
1217150
1217160
1217190
1217200
1217220
1217230
1217260
1217280
1217310
1217320
1217330
1217340
1217350
1217370
1217390
1217410
1217440
1217480
1217490
1217510
1217520
1217540
1217550
1217560
1217570
1217580
1217610
1217640
1217690
1217720
1217750
1217820
1217830
1217850
1217860
1217870
1217880
1217890
1217900
1217930
1218040
1218090
1218140
1218170
1218200
1218210
1218230
1218250
1218260
1218280
1218300
1218320
1218360
1218420
1218440
1218460
1218480
1218500
1218520
1218530
1218550
1218560
1218570
1218580
1218590
1218640
1218650
1218670
1218680
1218690
1218710
1218740
1218750
1218760
1218770
1218790
1218830
1218850
1218890
1218900
1218920
1218930
1218940
1219010
1219020
1219030
1219060
1219070
1219080
1219110
1219120
1219170
1219180
1219220
1219240
1219300
1219310
1219320
1219330
1219420
1219450
1219480
1219500
1219520
1219540
1219580
1219590
1219600
1219610
1219620
1219650
1219730
1219740
1219790
1219800
1219820
1219860
1219890
1219910
1219940
1219950
1219980
1220010
1220040
1220070
1220080
1220100
1220120
1220140
1220150
1220160
1220170
1220190
1220200
1220330
1220340
1220370
1220440
1220520
1220580
1220600
1220610
1220680
1220690
1220710
1220840
1220850
1220880
1220890
1220900
1220910
1220920
1220930
1220980
1220990
1221030
1221050
1221070
1221080
1221230
1221240
1221250
1221280
1221300
1221320
1221340
1221400
1221420
1221440
1221460
1221480
1221500
1221510
1221520
1221540
1221560
1221590
1221600
1221620
1221630
1221640
1221650
1221660
1221730
1221800
1221830
1221850
1221860
1221870
1221880
1221990
1222000
1222020
1222040
1222050
1222080
1222090
1222140
1222160
1222170
1222180
1222200
1222210
1222220
1222240
1222250
1222260
1222270
1222300
1222340
1222360
1222370
1222380
1222390
1222400
1222470
1222480
1222540
1222570
1222610
1222630
1222640
1222670
1222680
1222690
1222700
1222720
1222730
1222750
1222800
1222830
1222840
1222870
1222920
1222930
1222940
1223020
1223090
1223110
1223130
1223150
1223180
1223200
1223210
1223250
1223260
1223270
1223290
1223300
1223350
1223380
1223390
1223490
1223500
1223530
1223550
1223670
1223750
1223780
1223810
1223870
1223880
1223910
1224000
1224020
1224030
1224050
1224120
1224160
1224290
1224320
1224370
1224380
1224410
1224420
1224450
1224470
1224480
1224530
1224600
1224640
1224650
1224690
1224700
1224710
1224720
1224840
1224900
1225070
1225100
1225110
1225120
1225130
1225220
1225240
1225250
1225260
1225290
1225320
1225370
1225380
1225550
1225560
1225570
1225580
1225590
1225600
1225610
1225640
1225660
1225680
1225710
1225740
1225780
1225810
1225820
1225840
1225870
1225910
1225920
1225930
1225940
1226000
1226010
1226020
1226070
1226160
1226170
1226210
1226230
1226250
1226420
1226460
1226480
1226490
1226500
1226510
1226530
1226540
1226610
1226640
1226670
1226770
1226820
1226840
1226880
1226890
1226910
1226920
1226940
1226960
1226970
1226990
1227000
1227010
1227040
1227090
1227100
1227130
1227150
1227170
1227250
1227280
1227320
1227350
1227360
1227390
1227400
1227440
1227450
1227460
1227490
1227530
1227570
1227580
1227590
1227600
1227610
1227650
1227680
1227690
1227700
1227760
1227780
1227820
1227830
1227860
1227890
1227900
1227930
1228320
1228360
1228410
1228430
1228440
1228450
1228470
1228490
1228500
1228520
1228560
1228570
1228630
1228670
1228680
1228700
1228720
1228730
1228760
1228790
1228820
1228860
1228870
1228880
1228910
1228920
1228950
1228960
1228970
1229010
1229020
1229030
1229060
1229090
1229170
1229190
1229200
1229240
1229250
1229260
1229270
1229280
1229380
1229390
1229420
1229450
1229460
1229490
1229500
1229510
1229570
1229580
1229590
1229650
1229720
1229730
1229740
1229880
1229890
1229900
1229960
1230000
1230010
1230020
1230100
1230120
1230140
1230170
1230180
1230200
1230230
1230340
1230410
1230500
1230510
1230530
1230540
1230560
1230570
1230640
1230660
1230800
1230840
1230860
1230870
1230880
1230930
1230950
1230970
1230980
1230990
1231000
1231020
1231040
1231060
1231100
1231120
1231150
1231270
1231440
1231450
1231460
1231520
1231530
1231560
1231570
1231580
1231590
1231640
1231690
1231710
1231720
1231740
1231750
1231760
1231770
1231780
1231790
1231800
1231810
1231820
1231840
1231880
1231900
1231920
1231940
1231950
1231970
1231990
1232010
1232050
1232070
1232100
1232120
1232130
1232140
1232150
1232180
1232220
1232230
1232260
1232290
1232310
1232340
1232420
1232460
1232500
1232510
1232540
1232570
1232580
1232590
1232610
1232640
1232650
1232670
1232720
1232810
1232830
1232870
1232890
1232900
1232920
1232940
1233020
1233030
1233070
1233090
1233120
1233200
1233210
1233240
1233250
1233260
1233270
1233310
1233320
1233350
1233380
1233410
1233420
1233460
1233510
1233530
1233540
1233570
1233580
1233590
1233600
1233690
1233710
1233720
1233780
1233790
1233800
1233820
1233850
1233880
1233900
1233950
1233990
1234030
1234070
1234110
1234120
1234160
1234180
1234190
1234220
1234240
1234260
1234280
1234340
1234350
1234380
1234400
1234430
1234450
1234500
1234520
1234540
1234550
1234560
1234580
1234590
1234600
1234620
1234630
1234700
1234730
1234740
1234780
1234820
1234830
1234840
1234850
1234890
1234900
1234930
1234940
1234980
1235100
1235110
1235120
1235130
1235140
1235160
1235220
1235350
1235360
1235400
1235410
1235430
1235450
1235460
1235480
1235510
1235520
1235570
1235710
1235720
1235730
1235740
1235750
1235760
1235770
1235790
1235800
1235810
1235830
1235910
1235920
1235950
1235980
1236020
1236040
1236050
1236070
1236100
1236140
1236160
1236180
1236190
1236240
1236290
1236320
1236330
1236400
1236430
1236450
1236470
1236480
1236490
1236560
1236620
1236650
1236660
1236670
1236700
1236720
1236760
1236780
1236810
1236860
1236900
1236930
1236960
1237040
1237060
1237080
1237090
1237110
1237120
1237170
1237210
1237220
1237260
1237310
1237320
1237330
1237370
1237410
1237460
1237480
1237490
1237510
1237530
1237540
1237550
1237560
1237570
1237590
1237600
1237610
1237670
1237690
1237700
1237730
1237760
1237800
1237820
1237840
1237860
1237870
1237880
1237890
1237900
1237950
1237970
1237980
1238000
1238020
1238040
1238060
1238070
1238080
1238100
1238130
1238180
1238220
1238250
1238280
1238330
1238340
1238360
1238400
1238430
1238450
1238470
1238480
1238490
1238520
1238540
1238580
1238620
1238680
1238710
1238720
1238730
1238810
1238820
1238840
1238860
1238880
1238920
1238970
1238980
1239000
1239020
1239050
1239080
1239120
1239130
1239140
1239180
1239250
1239260
1239300
1239320
1239360
1239400
1239450
1239470
1239490
1239580
1239590
1239660
1239690
1239710
1239740
1239800
1239870
1239900
1239920
1239940
1239950
1239970
1239980
1239990
1240020
1240040
1240050
1240060
1240100
1240120
1240130
1240140
1240180
1240200
1240210
1240230
1240240
1240270
1240290
1240300
1240350
1240370
1240440
1240450
1240460
1240480
1240510
1240530
1240550
1240590
1240600
1240610
1240620
1240630
1240690
1240730
1240770
1240790
1240810
1240840
1240890
1240910
1240930
1240950
1240960
1240970
1240980
1240990
1241020
1241030
1241040
1241100
1241110
1241140
1241180
1241230
1241250
1241370
1241380
1241400
1241490
1241500
1241510
1241520
1241550
1241590
1241700
1241710
1241780
1241810
1241860
1241950
1242630
1242670
1242680
1242710
1242730
1242820
1242830
1242910
1242960
1242980
1243010
1243030
1243040
1243060
1243100
1243130
1243140
1243150
1243200
1243220
1243240
1243260
1243320
1243360
1243370
1243410
1243420
1243450
1243520
1243530
1243560
1243580
1243640
1243670
1243680
1243690
1243700
1243750
1243770
1243790
1243820
1243830
1243850
1243880
1243890
1243930
1243960
1244040
1244090
1244140
1244190
1244210
1244260
1244300
1244380
1244390
1244450
1244460
1244470
1244530
1244630
1244760
1244800
1244830
1244850
1244890
1244910
1244930
1244950
1244960
1245000
1245060
1245080
1245090
1245110
1245170
1245200
1245250
1245260
1245280
1245320
1245340
1245350
1245360
1245370
1245380
1245430
1245470
1245480
1245500
1245540
1245550
1245560
1245580
1245610
1245620
1245630
1245640
1245670
1245730
1245780
1245810
1245820
1245900
1245910
1245950
1245980
1246020
1246030
1246060
1246120
1246130
1246140
1246160
1246180
1246190
1246200
1246230
1246250
1246300
1246320
1246350
1246390
1246400
1246420
1246460
1246490
1246600
1246620
1246650
1246680
1246710
1246730
1246750
1246760
1246780
1246870
1246890
1246900
1246910
1246940
1246950
1247010
1247020
1247030
1247040
1247070
1247100
1247110
1247160
1247170
1247190
1247210
1247240
1247250
1247290
1247360
1247370
1247400
1247460
1247480
1247490
1247570
1247580
1247620
1247640
1247650
1247720
1247730
1247740
1247750
1247830
1247860
1247920
1247930
1247940
1247950
1248030
1248060
1248080
1248100
1248130
1248140
1248160
1248220
1248240
1248270
1248340
1248350
1248360
1248370
1248420
1248450
1248460
1248490
1248510
1248520
1248550
1248570
1248590
1248670
1248680
1248710
1248730
1248740
1248800
1248810
1248820
1248840
1248860
1248910
1248960
1248970
1249010
1249040
1249060
1249070
1249080
1249110
1249130
1249150
1249170
1249190
1249260
1249290
1249300
1249320
1249390
1249410
1249420
1249430
1249480
1249500
1249620
1249700
1249730
1249740
1249750
1249780
1249800
1249850
1249880
1249890
1249920
1249930
1249970
1249980
1250030
1250040
1250060
1250070
1250100
1250120
1250180
1250210
1250220
1250250
1250270
1250280
1250290
1250300
1250410
1250440
1250490
1250510
1250520
1250560
1250610
1250630
1250640
1250650
1250760
1250770
1250790
1250870
1250900
1250940
1250960
1250990
1251040
1251060
1251200
1251210
1251230
1251270
1251290
1251300
1251320
1251410
1251430
1251460
1251520
1251550
1251630
1251640
1251680
1251690
1251750
1251760
1251770
1251840
1251850
1251870
1251910
1251930
1251940
1251950
1251970
1251980
1252000
1252010
1252020
1252030
1252040
1252050
1252100
1252120
1252160
1252170
1252190
1252210
1252230
1252240
1252250
1252300
1252320
1252330
1252390
1252400
1252410
1252450
1252480
1252510
1252560
1252580
1252600
1252650
1252680
1252710
1252730
1252780
1252810
1252830
1252850
1252870
1252920
1252990
1253010
1253020
1253110
1253160
1253180
1253190
1253230
1253270
1253320
1253390
1253400
1253410
1253450
1253460
1253520
1253540
1253550
1253570
1253580
1253610
1253650
1253680
1253690
1253710
1253720
1253750
1253760
1253820
1253860
1253870
1253880
1253900
1253920
1253930
1253990
1254070
1254110
1254120
1254130
1254140
1254150
1254160
1254180
1254200
1254270
1254280
1254320
1254350
1254370
1254390
1254410
1254430
1254440
1254480
1254490
1254500
1254590
1254620
1254630
1254670
1254720
1254820
1254860
1254870
1254890
1254930
1254950
1255010
1255030
1255040
1255050
1255130
1255140
1255160
1255170
1255230
1255300
1255320
1255380
1255390
1255410
1255420
1255460
1255550
1255560
1255640
1255650
1255660
1255740
1255760
1255810
1255830
1255840
1255870
1255880
1255910
1255920
1255950
1255990
1256040
1256060
1256130
1256160
1256190
1256220
1256230
1256360
1256380
1256430
1256440
1256490
1256500
1256520
1256530
1256550
1256610
1256650
1256660
1256670
1256680
1256710
1256740
1256800
1256830
1256840
1256870
1256920
1256950
1256980
1257000
1257030
1257170
1257190
1257200
1257210
1257250
1257270
1257280
1257310
1257350
1257360
1257410
1257430
1257520
1257540
1257550
1257590
1257600
1257660
1257670
1257700
1257720
1257790
1257800
1257810
1257830
1257840
1257850
1257860
1257880
1257890
1257900
1257910
1257920
1257930
1257940
1257950
1258000
1258020
1258040
1258060
1258070
1258080
1258090
1258140
1258190
1258220
1258280
1258290
1258310
1258340
1258420
1258460
1258480
1258520
1258560
1258580
1258590
1258620
1258640
1258650
1258710
1258730
1258750
1258770
1258780
1258790
1258800
1258840
1258900
1258920
1258950
1258960
1258980
1258990
1259000
1259010
1259130
1259140
1259150
1259180
1259240
1259290
1259300
1259310
1259330
1259340
1259360
1259370
1259380
1259390
1259420
1259430
1259440
1259460
1259470
1259510
1259520
1259530
1259560
1259570
1259600
1259610
1259640
1259660
1259740
1259760
1259790
1259800
1259830
1259840
1259860
1259890
1259930
1259960
1259980
1259990
1260020
1260030
1260050
1260130
1260160
1260170
1260200
1260220
1260240
1260250
1260300
1260320
1260340
1260370
1260390
1260400
1260440
1260470
1260490
1260520
1260560
1260580
1260590
1260620
1260670
1260690
1260710
1260720
1260770
1260800
1260810
1260820
1260830
1260840
1260860
1260910
1260930
1260960
1261010
1261020
1261040
1261060
1261090
1261130
1261170
1261180
1261190
1261200
1261220
1261240
1261270
1261280
1261290
1261300
1261310
1261390
1261490
1261510
1261520
1261530
1261570
1261630
1261640
1261650
1261660
1261670
1261690
1261700
1261750
1261760
1261820
1261880
1261900
1261990
1262040
1262060
1262070
1262080
1262100
1262110
1262120
1262130
1262140
1262170
1262190
1262240
1262260
1262300
1262340
1262350
1262370
1262380
1262390
1262400
1262410
1262420
1262430
1262450
1262460
1262470
1262500
1262530
1262540
1262560
1262570
1262580
1262590
1262600
1262610
1262640
1262670
1262720
1262760
1262770
1262780
1262790
1262830
1262880
1262890
1262910
1262920
1262930
1263060
1263070
1263090
1263100
1263110
1263120
1263130
1263160
1263200
1263220
1263230
1263240
1263250
1263320
1263350
1263370
1263450
1263490
1263500
1263510
1263520
1263530
1263540
1263550
1263590
1263610
1263620
1263680
1263700
1263720
1263740
1263750
1263780
1263800
1263820
1263840
1263920
1263930
1263990
1264000
1264010
1264050
1264080
1264090
1264140
1264160
1264180
1264200
1264220
1264230
1264250
1264280
1264290
1264310
1264340
1264350
1264360
1264410
1264420
1264470
1264510
1264520
1264550
1264590
1264610
1264630
1264640
1264670
1264710
1264730
1264740
1264760
1264770
1264780
1264790
1264800
1264820
1264850
1264880
1264890
1264900
1264920
1264930
1264970
1264990
1265010
1265030
1265040
1265070
1265080
1265090
1265100
1265110
1265120
1265130
1265140
1265170
1265200
1265220
1265230
1265260
1265270
1265280
1265300
1265310
1265360
1265390
1265410
1265440
1265460
1265510
1265570
1265580
1265650
1265660
1265680
1265720
1265770
1265780
1265800
1265810
1265820
1265850
1265870
1265920
1265930
1265960
1265970
1265990
1266030
1266050
1266060
1266100
1266120
1266140
1266210
1266220
1266370
1266380
1266390
1266400
1266410
1266430
1266440
1266470
1266540
1266560
1266600
1266610
1266630
1266640
1266650
1266670
1266680
1266690
1266700
1266750
1266800
1266820
1266840
1266890
1266900
1266980
1267010
1267070
1267120
1267130
1267170
1267230
1267260
1267270
1267280
1267310
1267330
1267340
1267360
1267370
1267400
1267470
1267500
1267540
1267560
1267580
1267590
1267670
1267770
1267810
1267830
1267870
1267910
1267920
1267930
1267940
1267950
1267960
1268040
1268100
1268110
1268140
1268160
1268190
1268200
1268250
1268270
1268280
1268290
1268330
1268350
1268360
1268400
1268410
1268420
1268500
1268530
1268540
1268590
1268700
1268710
1268730
1268750
1268830
1268840
1268850
1268860
1268870
1268880
1268900
1268940
1268960
1268990
1269010
1269020
1269030
1269050
1269080
1269120
1269150
1269180
1269190
1269230
1269240
1269250
1269300
1269350
1269370
1269390
1269440
1269450
1269500
1269510
1269520
1269540
1269550
1269560
1269590
1269620
1269640
1269650
1269690
1269710
1269770
1269790
1269810
1269820
1269830
1269850
1269890
1269900
1269950
1269960
1269990
1270010
1270020
1270030
1270070
1270080
1270100
1270210
1270230
1270280
1270320
1270330
1270370
1270380
1270390
1270420
1270440
1270460
1270500
1270520
1270540
1270570
1270580
1270620
1270650
1270670
1270680
1270780
1270820
1270830
1270840
1270850
1270870
1270910
1270930
1270970
1270980
1271030
1271050
1271070
1271080
1271090
1271100
1271110
1271150
1271170
1271190
1271200
1271210
1271240
1271250
1271260
1271280
1271300
1271310
1271330
1271340
1271380
1271400
1271420
1271450
1271460
1271510
1271520
1271530
1271540
1271570
1271580
1271600
1271620
1271630
1271690
1271700
1271710
1271740
1271750
1271760
1271820
1271840
1271850
1271860
1271890
1271910
1271920
1271980
1271990
1272000
1272010
1272020
1272030
1272040
1272050
1272060
1272070
1272080
1272100
1272110
1272120
1272130
1272150
1272160
1272200
1272240
1272290
1272300
1272320
1272330
1272340
1272360
1272380
1272390
1272430
1272450
1272480
1272490
1272500
1272520
1272530
1272550
1272580
1272650
1272660
1272680
1272690
1272750
1272780
1272820
1272830
1272840
1272860
1272920
1272940
1272970
1273010
1273050
1273060
1273080
1273100
1273110
1273120
1273160
1273180
1273220
1273250
1273260
1273290
1273320
1273380
1273400
1273430
1273440
1273450
1273480
1273510
1273520
1273530
1273540
1273560
1273570
1273580
1273590
1273600
1273620
1273640
1273690
1273710
1273720
1273740
1273750
1273780
1273790
1273800
1273920
1273930
1273940
1273960
1274020
1274060
1274090
1274110
1274140
1274150
1274190
1274200
1274210
1274230
1274250
1274280
1274290
1274300
1274310
1274360
1274390
1274400
1274460
1274490
1274550
1274570
1274600
1274610
1274630
1274690
1274720
1274800
1274840
1274910
1274930
1274940
1274970
1274980
1274990
1275030
1275060
1275070
1275180
1275190
1275210
1275230
1275240
1275250
1275260
1275290
1275320
1275330
1275350
1275360
1275370
1275390
1275410
1275450
1275490
1275520
1275540
1275550
1275590
1275600
1275630
1275640
1275660
1275670
1275760
1275770
1275790
1275810
1275850
1275860
1275890
1275980
1276040
1276070
1276100
1276130
1276140
1276160
1276170
1276290
1276300
1276350
1276360
1276370
1276390
1276410
1276430
1276450
1276470
1276530
1276540
1276550
1276600
1276610
1276660
1276690
1276710
1276720
1276750
1276760
1276790
1276800
1276810
1276820
1276850
1276890
1277090
1277100
1277130
1277140
1277190
1277210
1277230
1277250
1277260
1277280
1277290
1277300
1277310
1277320
1277340
1277390
1277400
1277500
1277510
1277520
1277530
1277610
1277650
1277700
1277710
1277830
1277840
1277870
1277920
1277930
1277940
1277950
1277970
1278000
1278040
1278060
1278090
1278100
1278110
1278140
1278150
1278170
1278190
1278210
1278230
1278260
1278290
1278300
1278340
1278350
1278360
1278370
1278390
1278430
1278450
1278460
1278470
1278480
1278500
1278520
1278540
1278580
1278630
1278690
1278710
1278750
1278760
1278860
1278880
1278930
1278960
1279000
1279240
1279260
1279270
1279280
1279310
1279320
1279330
1279440
1279460
1279480
1279510
1279540
1279620
1279630
1279700
1279710
1279770
1279800
1279920
1279970
1280010
1280060
1280070
1280080
1280090
1280100
1280180
1280260
1280270
1280290
1280300
1280310
1280370
1280380
1280420
1280450
1280490
1280500
1280550
1280590
1280630
1280640
1280670
1280700
1280730
1280750
1280770
1280780
1280910
1280930
1280950
1280970
1280980
1281040
1281060
1281080
1281100
1281130
1281140
1281150
1281160
1281170
1281190
1281200
1281270
1281350
1281360
1281370
1281380
1281400
1281410
1281420
1281470
1281480
1281490
1281510
1281530
1281570
1281590
1281630
1281690
1281790
1281800
1281810
1281820
1281890
1281980
1281990
1282040
1282080
1282090
1282100
1282110
1282120
1282150
1282190
1282200
1282210
1282240
1282250
1282270
1282320
1282370
1282390
1282410
1282500
1282510
1282540
1282550
1282590
1282610
1282620
1282650
1282670
1282680
1282710
1282730
1282740
1282760
1282880
1282890
1283050
1283110
1283130
1283140
1283180
1283190
1283200
1283210
1283220
1283230
1283250
1283260
1283280
1283350
1283370
1283380
1283400
1283410
1283430
1283500
1283520
1283580
1283590
1283620
1283630
1283660
1283680
1283690
1283740
1283770
1283790
1283810
1283820
1283830
1283850
1283860
1283880
1283890
1283920
1283960
1283970
1284050
1284080
1284100
1284110
1284130
1284140
1284150
1284180
1284190
1284210
1284260
1284290
1284300
1284350
1284360
1284390
1284410
1284430
1284460
1284470
1284480
1284510
1284550
1284630
1284690
1284700
1284720
1284730
1284740
1284760
1284790
1284800
1284820
1284850
1284870
1284950
1285000
1285010
1285020
1285030
1285040
1285060
1285070
1285080
1285090
1285100
1285130
1285150
1285160
1285180
1285190
1285210
1285230
1285270
1285350
1285360
1285390
1285430
1285450
1285500
1285510
1285520
1285530
1285560
1285580
1285600
1285610
1285620
1285630
1285660
1285670
1285700
1285740
1285750
1285810
1285820
1285840
1285870
1285920
1285930
1285940
1285950
1285960
1285970
1286010
1286030
1286140
1286150
1286160
1286170
1286180
1286210
1286220
1286280
1286320
1286330
1286340
1286350
1286360
1286370
1286380
1286400
1286470
1286480
1286560
1286570
1286580
1286600
1286650
1286670
1286680
1286710
1286730
1286810
1286830
1286860
1286870
1286880
1286950
1286980
1286990
1287000
1287020
1287030
1287040
1287100
1287130
1287140
1287150
1287180
1287220
1287230
1287260
1287280
1287310
1287370
1287420
1287450
1287500
1287510
1287530
1287540
1287590
1287640
1287710
1287750
1287760
1287790
1287800
1287810
1287830
1287840
1287850
1287860
1287880
1287940
1287970
1288030
1288040
1288070
1288080
1288090
1288110
1288170
1288300
1288310
1288320
1288330
1288340
1288370
1288380
1288410
1288420
1288430
1288440
1288460
1288550
1288560
1288600
1288610
1288650
1288760
1288790
1288830
1288850
1288900
1288920
1288930
1288940
1288960
1289010
1289060
1289120
1289170
1289240
1289260
1289300
1289310
1289330
1289340
1289380
1289440
1289480
1289490
1289500
1289510
1289550
1289640
1289690
1289720
1289740
1289750
1289770
1289810
1289830
1289850
1289900
1289910
1289950
1289960
1289990
1290000
1290010
1290040
1290090
1290100
1290110
1290160
1290170
1290200
1290210
1290220
1290260
1290270
1290330
1290340
1290350
1290460
1290480
1290490
1290510
1290550
1290630
1290680
1290710
1290720
1290750
1290770
1290780
1290790
1290800
1290820
1290830
1290850
1290870
1290880
1290920
1290960
1290970
1290980
1291010
1291020
1291050
1291060
1291090
1291100
1291110
1291170
1291210
1291220
1291230
1291250
1291280
1291310
1291320
1291330
1291340
1291370
1291470
1291500
1291530
1291540
1291640
1291660
1291670
1291680
1291700
1291710
1291740
1291790
1291830
1291860
1291930
1291960
1291970
1291990
1292020
1292040
1292050
1292070
1292100
1292140
1292170
1292180
1292230
1292240
1292250
1292270
1292280
1292410
1292460
1292490
1292500
1292540
1292550
1292560
1292630
1292640
1292690
1292700
1292720
1292750
1292770
1292860
1292880
1292910
1292920
1292940
1292950
1292960
1292980
1293000
1293030
1293040
1293080
1293120
1293160
1293170
1293180
1293190
1293220
1293230
1293250
1293300
1293370
1293400
1293420
1293430
1293460
1293510
1293520
1293540
1293610
1293650
1293660
1293730
1293740
1293780
1293820
1293850
1293860
1293870
1293880
1293910
1293920
1293930
1293940
1293950
1293980
1293990
1294000
1294020
1294030
1294040
1294060
1294110
1294120
1294160
1294170
1294220
1294230
1294280
1294310
1294340
1294360
1294380
1294390
1294420
1294440
1294630
1294650
1294720
1294750
1294760
1294780
1294810
1294880
1294910
1294920
1295000
1295030
1295210
1295220
1295230
1295240
1295250
1295260
1295270
1295320
1295340
1295350
1295390
1295420
1295440
1295490
1295500
1295510
1295570
1295630
1295660
1295670
1295700
1295730
1295740
1295750
1295760
1295790
1295800
1295810
1295860
1295870
1295900
1295910
1295920
1295990
1296010
1296180
1296190
1296200
1296260
1296280
1296290
1296340
1296360
1296370
1296400
1296410
1296450
1296480
1296490
1296510
1296540
1296550
1296560
1296580
1296610
1296650
1296660
1296680
1296690
1296700
1296710
1296720
1296730
1296770
1296810
1296820
1296830
1296860
1296880
1296900
1296970
1296980
1297000
1297010
1297030
1297090
1297160
1297180
1297190
1297200
1297210
1297230
1297270
1297300
1297320
1297330
1297340
1297390
1297430
1297470
1297480
1297490
1297530
1297540
1297550
1297560
1297650
1297660
1297680
1297790
1297800
1297810
1297890
1297900
1298000
1298010
1298020
1298080
1298090
1298100
1298130
1298140
1298180
1298220
1298260
1298280
1298310
1298320
1298340
1298360
1298380
1298390
1298410
1298420
1298430
1298480
1298500
1298510
1298520
1298530
1298540
1298590
1298600
1298620
1298670
1298700
1298740
1298750
1298820
1298830
1298850
1298880
1298890
1299000
1299030
1299060
1299090
1299120
1299150
1299170
1299200
1299220
1299260
1299290
1299300
1299320
1299330
1299360
1299370
1299400
1299420
1299430
1299460
1299480
1299510
1299530
1299540
1299580
1299620
1299660
1299680
1299690
1299710
1299720
1299730
1299750
1299790
1299810
1299820
1299840
1299880
1299890
1299930
1299960
1299980
1299990
1300000
1300050
1300060
1300100
1300110
1300140
1300180
1300190
1300200
1300270
1300310
1300330
1300360
1300390
1300430
1300490
1300550
1300560
1300580
1300600
1300610
1300620
1300650
1300700
1300790
1300860
1300890
1300920
1300940
1300950
1300960
1301010
1301020
1301060
1301100
1301220
1301230
1301250
1301260
1301290
1301310
1301370
1301380
1301390
1301410
1301470
1301480
1301490
1301520
1301560
1301580
1301590
1301620
1301650
1301720
1301770
1301830
1301840
1301850
1301860
1301870
1301930
1301950
1301990
1302000
1302040
1302050
1302090
1302110
1302160
1302180
1302220
1302230
1302240
1302290
1302430
1302440
1302460
1302470
1302480
1302510
1302530
1302550
1302570
1302590
1302660
1302730
1302750
1302780
1302800
1302810
1302840
1302850
1302860
1302930
1302990
1303000
1303010
1303050
1303140
1303160
1303210
1303260
1303280
1303310
1303350
1303370
1303390
1303420
1303440
1303590
1303630
1303660
1303670
1303680
1303740
1303760
1303790
1303820
1303870
1303930
1303950
1303990
1304070
1304090
1304100
1304120
1304130
1304150
1304160
1304170
1304220
1304250
1304300
1304310
1304320
1304340
1304350
1304360
1304390
1304400
1304410
1304420
1304430
1304440
1304470
1304510
1304520
1304530
1304550
1304580
1304610
1304620
1304640
1304660
1304680
1304690
1304770
1304780
1304800
1304810
1304870
1304910
1304930
1305050
1305060
1305080
1305190
1305220
1305250
1305300
1305310
1305320
1305350
1305360
1305370
1305380
1305390
1305420
1305430
1305440
1305450
1305490
1305500
1305540
1305570
1305590
1305610
1305640
1305660
1305690
1305720
1305730
1305760
1305820
1305880
1305940
1305970
1306000
1306020
1306110
1306160
1306180
1306210
1306240
1306250
1306260
1306570
1306580
1306620
1306630
1306720
1306750
1306770
1306780
1306790
1306840
1306860
1306900
1306910
1306970
1306990
1307070
1307090
1307180
1307200
1307220
1307240
1307250
1307270
1307310
1307370
1307380
1307400
1307450
1307460
1307480
1307490
1307530
1307540
1307550
1307560
1307580
1307640
1307660
1307670
1307690
1307710
1307730
1307760
1307780
1307810
1307850
1307860
1307870
1307880
1307890
1307900
1307960
1308040
1308060
1308130
1308150
1308170
1308220
1308240
1308250
1308280
1308350
1308450
1308470
1308500
1308510
1308550
1308560
1308570
1308660
1308700
1308740
1308760
1308770
1308780
1308790
1308800
1308840
1308850
1308870
1308880
1308920
1308950
1309000
1309040
1309080
1309130
1309140
1309170
1309200
1309230
1309280
1309430
1309440
1309460
1309510
1309550
1309610
1309620
1309700
1309710
1309730
1309780
1309820
1309850
1309860
1309870
1309890
1309940
1309950
1309980
1309990
1310050
1310080
1310120
1310210
1310230
1310270
1310310
1310320
1310330
1310350
1310390
1310410
1310470
1310480
1310510
1310590
1310620
1310650
1310690
1310770
1310790
1310910
1310970
1310990
1311070
1311140
1311150
1311160
1311170
1311190
1311210
1311220
1311250
1311310
1311320
1311440
1311460
1311510
1311540
1311570
1311610
1311640
1311650
1311660
1311690
1311700
1311710
1311740
1311770
1311830
1311930
1311960
1311990
1312000
1312050
1312070
1312160
1312190
1312250
1312290
1312310
1312380
1312470
1312510
1312540
1312570
1312760
1312900
1312950
1312960
1312990
1313050
1313090
1313120
1313140
1313150
1313200
1313290
1313310
1313330
1313340
1313350
1313360
1313400
1313470
1313490
1313530
1313580
1313640
1313700
1313800
1313810
1313870
1313880
1313940
1313970
1314000
1314010
1314090
1314140
1314170
1314230
1314270
1314290
1314300
1314410
1314460
1314480
1314500
1314540
1314590
1314600
1314620
1314630
1314670
1314680
1314770
1314820
1314840
1314870
1314880
1314900
1314930
1314980
1315040
1315070
1315100
1315120
1315160
1315180
1315200
1315210
1315240
1315250
1315270
1315300
1315320
1315360
1315370
1315410
1315460
1315570
1315610
1315620
1315630
1315660
1315670
1315680
1315710
1315760
1315810
1315860
1315890
1315900
1315910
1315920
1315980
1316000
1316050
1316060
1316110
1316130
1316150
1316160
1316180
1316200
1316230
1316280
1316290
1316310
1316390
1316520
1316530
1316560
1316570
1316640
1316680
1316700
1316720
1316740
1316750
1316760
1316770
1316800
1316830
1316870
1316910
1316950
1317020
1317070
1317120
1317160
1317180
1317200
1317230
1317250
1317260
1317280
1317310
1317500
1317800
1317850
1317950
1317970
1318090
1318110
1318130
1318140
1318150
1318210
1318240
1318280
1318420
1318430
1318520
1318550
1318560
1318690
1318720
1318730
1318740
1318750
1318790
1318820
1318840
1318870
1318940
1318970
1318980
1318990
1319060
1319100
1319160
1319210
1319220
1319270
1319290
1319320
1319400
1319420
1319430
1319460
1319550
1319570
1319720
1319790
1319850
1319880
1320000
1320030
1320100
1320110
1320140
1320230
1320240
1320260
1320400
1320440
1320490
1320550
1320710
1320770
1320830
1320940
1320950
1320990
1321010
1321030
1321040
1321070
1321080
1321110
1321120
1321220
1321230
1321270
1321290
1321350
1321370
1321400
1321440
1321450
1321520
1321550
1321590
1321650
1321680
1321840
1321890
1321920
1322090
1322100
1322170
1322180
1322250
1322260
1322270
1322280
1322290
1322300
1322340
1322370
1322490
1322520
1322540
1322600
1322650
1322670
1322730
1322740
1322770
1322830
1323000
1323060
1323190
1323200
1323220
1323350
1323410
1323420
1323470
1323540
1323600
1323620
1323720
1323770
1323830
1323860
1323900
1323910
1323950
1324010
1324030
1324040
1324060
1324070
1324130
1324240
1324270
1324320
1324340
1324350
1324360
1324390
1324410
1324420
1324490
1324530
1324560
1324590
1324630
1324670
1324710
1324730
1324780
1324870
1325000
1325030
1325040
1325080
1325200
1325220
1325260
1325270
1325310
1325320
1325340
1325370
1325380
1325400
1325420
1325470
1325520
1325800
1325860
1325870
1325890
1325900
1325910
1325960
1325970
1326000
1326110
1326170
1326220
1326270
1326330
1326470
1326660
1326710
1326760
1326870
1326920
1327020
1327080
1327100
1327260
1327370
1327390
1327410
1327430
1327440
1327450
1327600
1327720
1327810
1327820
1327870
1327890
1327920
1328000
1328050
1328220
1328350
1328410
1328430
1328460
1328470
1328490
1328500
1328510
1328530
1328570
1328590
1328620
1328660
1328670
1328710
1328750
1328760
1328780
1328810
1328830
1328840
1328880
1328890
1328900
1328910
1328920
1328930
1328990
1329080
1329110
1329130
1329190
1329240
1329250
1329320
1329350
1329360
1329400
1329410
1329420
1329430
1329440
1329450
1329460
1329470
1329480
1329500
1329510
1329530
1329540
1329550
1329590
1329600
1329630
1329780
1329790
1329800
1329810
1329830
1329850
1329880
1329990
1330000
1330010
1330070
1330080
1330100
1330120
1330140
1330160
1330170
1330180
1330190
1330210
1330250
1330290
1330300
1330330
1330360
1330370
1330390
1330410
1330420
1330430
1330460
1330470
1330480
1330500
1330550
1330560
1330570
1330630
1330660
1330690
1330710
1330720
1330730
1330770
1330790
1330820
1330830
1330890
1330920
1330930
1330940
1330960
1331030
1331070
1331090
1331120
1331210
1331240
1331270
1331310
1331330
1331340
1331370
1331390
1331400
1331410
1331420
1331460
1331470
1331510
1331530
1331550
1331590
1331610
1331620
1331650
1331670
1331710
1331860
1331910
1332010
1332040
1332090
1332120
1332180
1332190
1332210
1332220
1332250
1332340
1332370
1332380
1332430
1332440
1332450
1332460
1332470
1332490
1332540
1332570
1332590
1332620
1332630
1332660
1332720
1332730
1332760
1332800
1332840
1332890
1332940
1332950
1332970
1332990
1333020
1333030
1333050
1333090
1333190
1333200
1333270
1333280
1333300
1333330
1333340
1333350
1333360
1333370
1333380
1333390
1333410
1333420
1333460
1333470
1333490
1333500
1333530
1333560
1333590
1333610
1333650
1333700
1333800
1333810
1333840
1333860
1333870
1333890
1333900
1333910
1333920
1333940
1333950
1333980
1333990
1334000
1334010
1334020
1334040
1334070
1334080
1334110
1334120
1334240
1334300
1334330
1334470
1334500
1334510
1334530
1334580
1334590
1334610
1334620
1334630
1334650
1334700
1334710
1334730
1334780
1334800
1334840
1334910
1334980
1335030
1335200
1335230
1335240
1335290
1335300
1335340
1335350
1335360
1335370
1335400
1335410
1335440
1335500
1335510
1335530
1335560
1335610
1335630
1335700
1335790
1335810
1335820
1335830
1335880
1335890
1335910
1335940
1335970
1336020
1336040
1336060
1336070
1336100
1336120
1336130
1336160
1336170
1336180
1336210
1336230
1336290
1336340
1336380
1336420
1336430
1336440
1336450
1336460
1336490
1336560
1336600
1336620
1336690
1336700
1336720
1336790
1336800
1336830
1336840
1336950
1336960
1336970
1336980
1337000
1337010
1337020
1337030
1337060
1337080
1337170
1337200
1337210
1337250
1337260
1337270
1337280
1337430
1337520
1337530
1337590
1337600
1337640
1337650
1337660
1337710
1337720
1337760
1337780
1337810
1337820
1337840
1337870
1337890
1337920
1337930
1337970
1338020
1338030
1338070
1338090
1338100
1338130
1338140
1338160
1338250
1338320
1338330
1338360
1338390
1338410
1338420
1338430
1338460
1338490
1338560
1338580
1338620
1338640
1338740
1338770
1338780
1338790
1338830
1338840
1338920
1338930
1338980
1339000
1339080
1339170
1339180
1339220
1339260
1339290
1339310
1339330
1339360
1339370
1339380
1339410
1339420
1339440
1339450
1339460
1339520
1339530
1339550
1339580
1339620
1339640
1339670
1339750
1339790
1339800
1339820
1339850
1339860
1339870
1339890
1339900
1339920
1340080
1340120
1340130
1340140
1340180
1340240
1340260
1340300
1340310
1340320
1340330
1340360
1340400
1340410
1340420
1340440
1340470
1340480
1340490
1340500
1340530
1340540
1340570
1340600
1340640
1340730
1340740
1340760
1340770
1340810
1340820
1340850
1340870
1340910
1340920
1340990
1341050
1341080
1341090
1341100
1341160
1341170
1341190
1341200
1341210
1341220
1341240
1341280
1341290
1341300
1341310
1341330
1341400
1341430
1341440
1341450
1341460
1341470
1341490
1341500
1341520
1341530
1341550
1341570
1341620
1341630
1341640
1341650
1341660
1341720
1341780
1341810
1341820
1341830
1341860
1341890
1341900
1341930
1341960
1341980
1342010
1342040
1342050
1342060
1342070
1342080
1342090
1342100
1342110
1342120
1342130
1342160
1342180
1342220
1342260
1342270
1342290
1342330
1342340
1342360
1342410
1342480
1342490
1342520
1342600
1342620
1342630
1342640
1342660
1342670
1342690
1342720
1342730
1342740
1342770
1342790
1342810
1342850
1342890
1342900
1342910
1343040
1343050
1343070
1343090
1343110
1343140
1343150
1343220
1343230
1343240
1343260
1343310
1343330
1343340
1343370
1343400
1343410
1343450
1343480
1343490
1343510
1343520
1343550
1343580
1343620
1343640
1343660
1343670
1343680
1343690
1343700
1343750
1343810
1343850
1343920
1343970
1343990
1344070
1344110
1344120
1344140
1344170
1344210
1344320
1344340
1344350
1344430
1344440
1344450
1344530
1344550
1344570
1344610
1344630
1344740
1344780
1344790
1344800
1344810
1344820
1344840
1344860
1344900
1344930
1344950
1344980
1344990
1345040
1345050
1345080
1345120
1345140
1345150
1345190
1345200
1345220
1345240
1345280
1345300
1345320
1345340
1345350
1345360
1345370
1345390
1345400
1345440
1345470
1345740
1345750
1345760
1345770
1345800
1345810
1345820
1345830
1345860
1345870
1345890
1345940
1345950
1346010
1346020
1346070
1346110
1346120
1346170
1346210
1346240
1346250
1346260
1346270
1346300
1346310
1346330
1346360
1346390
1346400
1346420
1346600
1346620
1346660
1346700
1346720
1346740
1346770
1346790
1346830
1346840
1346850
1346860
1346870
1346890
1346960
1346970
1346980
1347010
1347030
1347080
1347090
1347110
1347130
1347140
1347170
1347250
1347310
1347350
1347360
1347390
1347420
1347450
1347460
1347490
1347520
1347540
1347550
1347560
1347580
1347590
1347600
1347630
1347640
1347690
1347700
1347710
1347760
1347780
1347800
1347880
1347920
1347970
1348030
1348040
1348060
1348160
1348180
1348220
1348240
1348260
1348270
1348300
1348380
1348390
1348400
1348430
1348510
1348520
1348590
1348600
1348640
1348660
1348680
1348690
1348700
1348750
1348770
1348800
1348920
1348930
1348960
1348970
1348980
1348990
1349000
1349030
1349040
1349060
1349070
1349100
1349120
1349130
1349230
1349290
1349320
1349340
1349390
1349490
1349540
1349600
1349620
1349640
1349670
1349720
1349740
1349790
1349830
1349850
1349890
1349920
1349940
1349960
1349970
1350040
1350060
1350080
1350100
1350120
1350170
1350200
1350250
1350280
1350300
1350340
1350350
1350390
1350430
1350440
1350470
1350480
1350500
1350560
1350570
1350580
1350590
1350630
1350650
1350660
1350690
1350710
1350720
1350820
1350840
1350850
1350870
1350880
1350900
1350910
1350920
1350930
1350940
1350960
1350970
1350980
1350990
1351000
1351010
1351020
1351030
1351040
1351050
1351070
1351080
1351120
1351140
1351170
1351180
1351200
1351210
1351220
1351240
1351250
1351270
1351290
1351300
1351310
1351350
1351360
1351370
1351380
1351400
1351450
1351500
1351510
1351550
1351560
1351630
1351710
1351720
1351780
1351820
1351830
1351840
1351870
1351880
1351900
1351950
1351960
1351970
1351980
1352020
1352080
1352130
1352180
1352200
1352300
1352330
1352440
1352450
1352470
1352520
1352530
1352540
1352560
1352590
1352660
1352680
1352730
1352740
1352750
1352760
1352850
1352870
1352910
1352930
1352980
1353000
1353040
1353050
1353090
1353130
1353160
1353170
1353190
1353230
1353250
1353270
1353300
1353310
1353360
1353370
1353470
1353550
1353660
1353670
1353680
1353690
1353710
1353730
1353900
1353920
1353950
1354000
1354060
1354070
1354100
1354220
1354230
1354240
1354260
1354270
1354280
1354300
1354370
1354420
1354460
1354530
1354540
1354580
1354640
1354690
1354760
1354800
1354810
1354830
1354910
1354940
1354970
1354980
1354990
1355010
1355020
1355050
1355090
1355130
1355140
1355200
1355210
1355240
1355290
1355310
1355370
1355390
1355400
1355410
1355420
1355430
1355440
1355450
1355470
1355500
1355510
1355560
1355570
1355590
1355610
1355620
1355630
1355640
1355650
1355720
1355740
1355780
1355810
1355820
1355830
1355880
1355910
1355930
1355960
1355980
1356000
1356040
1356050
1356070
1356080
1356110
1356140
1356160
1356180
1356190
1356240
1356260
1356280
1356300
1356360
1356410
1356430
1356440
1356460
1356480
1356510
1356530
1356580
1356610
1356670
1356710
1356790
1356800
1356810
1356830
1356850
1356970
1357020
1357070
1357090
1357150
1357200
1357210
1357220
1357230
1357340
1357400
1357410
1357430
1357480
1357490
1357520
1357540
1357550
1357580
1357610
1357640
1357670
1357700
1357710
1357750
1357830
1357840
1357860
1357870
1357880
1357890
1357930
1357960
1358020
1358030
1358050
1358090
1358100
1358140
1358180
1358250
1358260
1358270
1358430
1358440
1358490
1358500
1358510
1358530
1358540
1358590
1358610
1358630
1358640
1358650
1358700
1358710
1358730
1358750
1358760
1358770
1358790
1358800
1358810
1358830
1358880
1358930
1358940
1358990
1359000
1359020
1359050
1359090
1359110
1359120
1359160
1359170
1359280
1359300
1359310
1359320
1359340
1359400
1359440
1359450
1359470
1359590
1359630
1359650
1359660
1359670
1359720
1359730
1359760
1359840
1359850
1359890
1359900
1359910
1359920
1359970
1359980
1359990
1360000
1360040
1360080
1360140
1360150
1360190
1360250
1360260
1360270
1360280
1360360
1360380
1360390
1360430
1360480
1360490
1360500
1360530
1360550
1360560
1360580
1360600
1360620
1360660
1360670
1360680
1360700
1360720
1360760
1360780
1360790
1360810
1360820
1360850
1360890
1360900
1360980
1361000
1361010
1361020
1361050
1361060
1361110
1361120
1361140
1361150
1361180
1361190
1361200
1361210
1361230
1361240
1361260
1361270
1361280
1361310
1361320
1361350
1361390
1361400
1361430
1361440
1361470
1361480
1361490
1361500
1361510
1361520
1361540
1361580
1361590
1361660
1361670
1361680
1361700
1361720
1361740
1361750
1361760
1361810
1361840
1361860
1361870
1361920
1362010
1362040
1362130
1362190
1362260
1362270
1362310
1362330
1362340
1362390
1362400
1362420
1362430
1362440
1362460
1362480
1362520
1362560
1362580
1362650
1362670
1362700
1362720
1362750
1362780
1362830
1362860
1362890
1362910
1362940
1362980
1362990
1363020
1363080
1363090
1363140
1363160
1363170
1363200
1363210
1363270
1363290
1363350
1363360
1363390
1363430
1363490
1363600
1363660
1363680
1363690
1363730
1363740
1363750
1363770
1363790
1363810
1363840
1363850
1363860
1363880
1363900
1363960
1363980
1364010
1364030
1364100
1364130
1364150
1364210
1364240
1364290
1364330
1364340
1364360
1364390
1364430
1364500
1364570
1364580
1364610
1364690
1364710
1364730
1364740
1364750
1364760
1364780
1364800
1364830
1364960
1364980
1365010
1365030
1365140
1365380
1365390
1365400
1365410
1365420
1365490
1365500
1365540
1365550
1365590
1365600
1365680
1365700
1365720
1365750
1365760
1365800
1365900
1365930
1365950
1366000
1366010
1366060
1366070
1366100
1366150
1366160
1366230
1366260
1366270
1366280
1366290
1366310
1366320
1366390
1366420
1366470
1366500
1366510
1366520
1366540
1366550
1366560
1366570
1366600
1366610
1366640
1366680
1366700
1366710
1366720
1366760
1366770
1366800
1366810
1366830
1366850
1366930
1366940
1366950
1366960
1367040
1367080
1367090
1367130
1367160
1367170
1367230
1367250
1367270
1367300
1367320
1367330
1367350
1367380
1367420
1367430
1367460
1367490
1367520
1367530
1367550
1367580
1367590
1367620
1367680
1367690
1367720
1367770
1367780
1367860
1367880
1367950
1367960
1367970
1367980
1368000
1368010
1368030
1368060
1368120
1368130
1368210
1368240
1368260
1368330
1368340
1368350
1368360
1368400
1368410
1368480
1368560
1368570
1368620
1368640
1368750
1368770
1368780
1368820
1368850
1368860
1368870
1368890
1368920
1368950
1368960
1368970
1369000
1369030
1369090
1369320
1369340
1369350
1369370
1369390
1369400
1369410
1369450
1369470
1369520
1369560
1369570
1369580
1369630
1369670
1369680
1369690
1369700
1369720
1369730
1369740
1369760
1369770
1369780
1369790
1369800
1369830
1369950
1369970
1369980
1369990
1370000
1370040
1370050
1370060
1370130
1370140
1370170
1370180
1370220
1370250
1370300
1370310
1370370
1370390
1370410
1370430
1370470
1370510
1370550
1370560
1370570
1370580
1370600
1370610
1370620
1370630
1370640
1370660
1370710
1370770
1370800
1370820
1370840
1370850
1370950
1371000
1371040
1371050
1371090
1371110
1371120
1371160
1371170
1371210
1371220
1371280
1371300
1371320
1371330
1371340
1371350
1371380
1371460
1371470
1371500
1371510
1371560
1371580
1371600
1371610
1371620
1371630
1371660
1371690
1371700
1371710
1371720
1371750
1371770
1371780
1371790
1371800
1371810
1371860
1371880
1371900
1371910
1371930
1371940
1371980
1372000
1372010
1372090
1372110
1372120
1372150
1372180
1372210
1372260
1372280
1372300
1372310
1372320
1372350
1372370
1372380
1372390
1372400
1372430
1372460
1372530
1372550
1372560
1372570
1372630
1372640
1372660
1372730
1372810
1372830
1372840
1372910
1372940
1372990
1373020
1373080
1373090
1373100
1373110
1373170
1373180
1373230
1373240
1373250
1373260
1373280
1373310
1373320
1373350
1373380
1373410
1373430
1373440
1373450
1373470
1373500
1373510
1373550
1373560
1373580
1373600
1373630
1373670
1373680
1373700
1373710
1373740
1373750
1373760
1373770
1373780
1373810
1373830
1373880
1373920
1373930
1373950
1373960
1373990
1374010
1374090
1374150
1374170
1374200
1374220
1374230
1374250
1374290
1374300
1374330
1374350
1374390
1374400
1374410
1374430
1374470
1374480
1374490
1374500
1374580
1374590
1374650
1374700
1374840
1374890
1374930
1374940
1374970
1374990
1375000
1375020
1375070
1375090
1375110
1375120
1375230
1375270
1375280
1375300
1375360
1375370
1375400
1375450
1375460
1375480
1375510
1375520
1375530
1375640
1375650
1375750
1375760
1375780
1375810
1375850
1375870
1375880
1375900
1375920
1375930
1375940
1375950
1375970
1376010
1376020
1376040
1376070
1376090
1376200
1376260
1376270
1376290
1376300
1376360
1376370
1376420
1376470
1376580
1376590
1376640
1376690
1376730
1376750
1376760
1376770
1376790
1376830
1376840
1376870
1376890
1376910
1376940
1376950
1376960
1377060
1377120
1377140
1377150
1377220
1377240
1377260
1377280
1377300
1377350
1377360
1377370
1377380
1377420
1377430
1377450
1377540
1377550
1377560
1377570
1377580
1377590
1377600
1377680
1377700
1377750
1377850
1377890
1377900
1377910
1377920
1377970
1378020
1378040
1378060
1378070
1378080
1378100
1378120
1378180
1378190
1378250
1378260
1378290
1378330
1378350
1378360
1378370
1378390
1378420
1378450
1378460
1378470
1378500
1378580
1378610
1378660
1378670
1378710
1378760
1378800
1378820
1378840
1378860
1378890
1378940
1378990
1379020
1379040
1379110
1379150
1379200
1379270
1379280
1379330
1379350
1379370
1379380
1379390
1379430
1379450
1379470
1379510
1379550
1379570
1379580
1379590
1379600
1379610
1379640
1379660
1379670
1379780
1379830
1379870
1379900
1379930
1379950
1379960
1379970
1379980
1380010
1380040
1380060
1380070
1380090
1380120
1380140
1380150
1380200
1380220
1380260
1380310
1380320
1380360
1380390
1380400
1380410
1380420
1380430
1380470
1380480
1380490
1380500
1380510
1380520
1380590
1380620
1380650
1380660
1380720
1380750
1380760
1380820
1380830
1380840
1380850
1380890
1380900
1380910
1380970
1381070
1381150
1381170
1381200
1381270
1381280
1381290
1381370
1381440
1381450
1381460
1381480
1381520
1381530
1381590
1381600
1381610
1381630
1381640
1381650
1381690
1381720
1381770
1381850
1381880
1381980
1382020
1382070
1382160
1382190
1382200
1382210
1382290
1382310
1382320
1382330
1382350
1382370
1382380
1382450
1382490
1382530
1382630
1382670
1382710
1382730
1382770
1382790
1382800
1382860
1382890
1382900
1382910
1382920
1383010
1383020
1383030
1383040
1383060
1383120
1383150
1383160
1383170
1383180
1383200
1383220
1383250
1383270
1383280
1383290
1383340
1383370
1383400
1383410
1383450
1383480
1383490
1383500
1383570
1383580
1383620
1383630
1383640
1383650
1383670
1383680
1383700
1383720
1383740
1383750
1383760
1383770
1383780
1383830
1383850
1383880
1383920
1383930
1383960
1383970
1383990
1384000
1384010
1384030
1384050
1384060
1384090
1384100
1384110
1384160
1384170
1384290
1384320
1384330
1384350
1384380
1384390
1384400
1384440
1384490
1384500
1384510
1384530
1384540
1384550
1384620
1384630
1384660
1384670
1384680
1384700
1384740
1384760
1384770
1384790
1384820
1384880
1384890
1384910
1384940
1384960
1384990
1385050
1385090
1385100
1385190
1385210
1385260
1385290
1385320
1385340
1385350
1385380
1385480
1385500
1385540
1385570
1385620
1385650
1385660
1385670
1385690
1385700
1385730
1385760
1385780
1385810
1385820
1385830
1385840
1385850
1385880
1385910
1385930
1385940
1385950
1385960
1385970
1386020
1386040
1386090
1386110
1386160
1386200
1386210
1386280
1386310
1386320
1386340
1386360
1386460
1386500
1386510
1386520
1386530
1386620
1386630
1386650
1386700
1386710
1386730
1386740
1386750
1386770
1386780
1386790
1386810
1386870
1386890
1386900
1386910
1386940
1386950
1386980
1386990
1387010
1387030
1387120
1387150
1387170
1387200
1387250
1387290
1387300
1387310
1387320
1387350
1387390
1387400
1387410
1387450
1387460
1387480
1387500
1387510
1387560
1387570
1387580
1387590
1387610
1387620
1387650
1387870
1387900
1387910
1387950
1387970
1387980
1388010
1388030
1388110
1388130
1388140
1388150
1388160
1388230
1388260
1388280
1388310
1388320
1388330
1388350
1388370
1388390
1388400
1388420
1388430
1388490
1388510
1388520
1388530
1388570
1388580
1388590
1388650
1388670
1388690
1388700
1388720
1388730
1388740
1388770
1388790
1388850
1388860
1388870
1388880
1388900
1388940
1389000
1389010
1389020
1389040
1389070
1389090
1389130
1389160
1389170
1389180
1389190
1389200
1389240
1389260
1389270
1389300
1389340
1389360
1389410
1389420
1389430
1389450
1389510
1389530
1389540
1389550
1389560
1389610
1389630
1389650
1389700
1389710
1389730
1389740
1389750
1389780
1389800
1389830
1389840
1389850
1389890
1389900
1389910
1389980
1389990
1390000
1390010
1390040
1390070
1390080
1390120
1390150
1390190
1390300
1390340
1390350
1390370
1390380
1390390
1390410
1390420
1390490
1390520
1390560
1390580
1390600
1390620
1390670
1390700
1390740
1390830
1390850
1390860
1390870
1390880
1390920
1390960
1390970
1391050
1391090
1391130
1391200
1391250
1391280
1391350
1391400
1391430
1391450
1391490
1391530
1391540
1391550
1391570
1391580
1391600
1391610
1391620
1391630
1391650
1391690
1391720
1391740
1391790
1391800
1391940
1391960
1391990
1392030
1392040
1392060
1392070
1392120
1392130
1392140
1392150
1392170
1392190
1392230
1392240
1392270
1392280
1392340
1392390
1392410
1392430
1392440
1392490
1392510
1392520
1392560
1392590
1392600
1392610
1392650
1392660
1392670
1392700
1392710
1392760
1392780
1392790
1392820
1392830
1392860
1392960
1392980
1393040
1393080
1393100
1393120
1393210
1393220
1393270
1393310
1393320
1393340
1393350
1393360
1393370
1393410
1393420
1393460
1393480
1393490
1393500
1393570
1393580
1393610
1393640
1393650
1393680
1393740
1393750
1393770
1393780
1393800
1393810
1393820
1393830
1393850
1393910
1393950
1393970
1394030
1394060
1394090
1394100
1394130
1394140
1394150
1394210
1394240
1394270
1394320
1394340
1394370
1394400
1394410
1394420
1394470
1394480
1394490
1394500
1394510
1394530
1394540
1394550
1394570
1394580
1394600
1394640
1394680
1394700
1394720
1394750
1394760
1394800
1394810
1394830
1394880
1394890
1394930
1394950
1394960
1394980
1395000
1395010
1395020
1395030
1395080
1395120
1395170
1395180
1395190
1395230
1395270
1395310
1395330
1395400
1395410
1395420
1395450
1395470
1395480
1395520
1395540
1395560
1395600
1395630
1395660
1395710
1395750
1395760
1395830
1395840
1395850
1395890
1395900
1395920
1396010
1396020
1396050
1396070
1396150
1396190
1396270
1396350
1396390
1396420
1396450
1396480
1396490
1396500
1396540
1396610
1396630
1396890
1396920
1396950
1396980
1397000
1397010
1397030
1397040
1397050
1397110
1397130
1397140
1397160
1397170
1397180
1397230
1397240
1397280
1397290
1397300
1397340
1397350
1397360
1397390
1397470
1397490
1397540
1397620
1397650
1397690
1397710
1397760
1397790
1397800
1397810
1397820
1397830
1397850
1397920
1397940
1397960
1397980
1398050
1398070
1398080
1398100
1398110
1398120
1398130
1398170
1398180
1398210
1398220
1398260
1398270
1398290
1398390
1398410
1398420
1398440
1398470
1398500
1398510
1398570
1398590
1398600
1398630
1398660
1398670
1398680
1398690
1398700
1398710
1398720
1398730
1398740
1398750
1398770
1398790
1398820
1398890
1398900
1398910
1398950
1398990
1399030
1399080
1399090
1399140
1399150
1399170
1399180
1399200
1399210
1399230
1399240
1399250
1399270
1399280
1399300
1399380
1399400
1399440
1399450
1399460
1399480
1399540
1399600
1399620
1399630
1399660
1399670
1399690
1399700
1399720
1399750
1399760
1399840
1399850
1399920
1399930
1399990
1400000
1400060
1400070
1400080
1400110
1400140
1400150
1400180
1400200
1400210
1400260
1400270
1400290
1400320
1400350
1400360
1400390
1400460
1400480
1400520
1400620
1400650
1400700
1400760
1400770
1400870
1400910
1400920
1400930
1400940
1400980
1401070
1401130
1401150
1401170
1401220
1401320
1401340
1401400
1401480
1401500
1401560
1401570
1401590
1401610
1401620
1401670
1401680
1401730
1401750
1401840
1401870
1401880
1401890
1401940
1401960
1401970
1401990
1402000
1402010
1402020
1402030
1402060
1402110
1402120
1402170
1402320
1402350
1402380
1402400
1402410
1402420
1402460
1402580
1402640
1402700
1402740
1402780
1402790
1402900
1402960
1403020
1403040
1403080
1403110
1403130
1403190
1403270
1403280
1403310
1403350
1403370
1403440
1403460
1403520
1403550
1403590
1403630
1403650
1403680
1403710
1403720
1403740
1403750
1403800
1403830
1403840
1403890
1403940
1403950
1403990
1404010
1404030
1404040
1404050
1404070
1404080
1404090
1404130
1404150
1404180
1404190
1404210
1404250
1404300
1404360
1404450
1404530
1404560
1404630
1404660
1404680
1404750
1404770
1404790
1404800
1404850
1404870
1404930
1404960
1404970
1405010
1405170
1405180
1405220
1405240
1405260
1405270
1405360
1405440
1405470
1405480
1405500
1405550
1405560
1405580
1405600
1405660
1405670
1405740
1405780
1405810
1405950
1405960
1405970
1405980
1405990
1406000
1406020
1406080
1406090
1406110
1406140
1406150
1406200
1406240
1406250
1406260
1406270
1406280
1406340
1406350
1406610
1406630
1406690
1406720
1406740
1406750
1406770
1406780
1406810
1406850
1406900
1406930
1406990
1407000
1407020
1407050
1407060
1407080
1407090
1407100
1407140
1407180
1407190
1407200
1407210
1407240
1407300
1407420
1407450
1407460
1407520
1407530
1407620
1407790
1407850
1407860
1407870
1407890
1407920
1407950
1408050
1408080
1408100
1408110
1408150
1408160
1408200
1408220
1408230
1408260
1408310
1408350
1408370
1408380
1408390
1408410
1408420
1408430
1408450
1408480
1408530
1408550
1408570
1408590
1408610
1408620
1408630
1408650
1408700
1408710
1408760
1408810
1408860
1408930
1408960
1409020
1409160
1409180
1409190
1409200
1409250
1409300
1409320
1409330
1409340
1409350
1409360
1409370
1409510
1409520
1409530
1409560
1409570
1409580
1409600
1409610
1409630
1409640
1409670
1409680
1409700
1409710
1409730
1409740
1409770
1409780
1409810
1409830
1409840
1409930
1410000
1410100
1410140
1410200
1410210
1410260
1410300
1410370
1410380
1410440
1410490
1410500
1410560
1410580
1410590
1410600
1410620
1410640
1410700
1410710
1410740
1410790
1410810
1410830
1410840
1410850
1410860
1410870
1410980
1410990
1411000
1411020
1411030
1411090
1411180
1411200
1411330
1411360
1411370
1411380
1411390
1411410
1411420
1411460
1411490
1411510
1411520
1411550
1411630
1411660
1411670
1411700
1411710
1411740
1411760
1411770
1411800
1411840
1411860
1411880
1411910
1411920
1411940
1411960
1412000
1412030
1412040
1412070
1412170
1412180
1412190
1412240
1412250
1412260
1412300
1412310
1412330
1412370
1412470
1412500
1412560
1412580
1412610
1412620
1412640
1412780
1412820
1412840
1412850
1412880
1412890
1412900
1412960
1412980
1412990
1413010
1413020
1413070
1413090
1413170
1413210
1413240
1413250
1413260
1413290
1413300
1413310
1413350
1413370
1413470
1413480
1413500
1413520
1413530
1413540
1413560
1413580
1413590
1413600
1413630
1413650
1413660
1413670
1413680
1413750
1413820
1413870
1413890
1413960
1413970
1413980
1413990
1414000
1414020
1414030
1414060
1414070
1414090
1414180
1414210
1414220
1414240
1414250
1414280
1414290
1414300
1414320
1414380
1414430
1414470
1414480
1414490
1414540
1414550
1414630
1414650
1414660
1414680
1414700
1414710
1414720
1414770
1414790
1414800
1414840
1414850
1414900
1414910
1414920
1414930
1414990
1415010
1415020
1415070
1415110
1415120
1415140
1415200
1415220
1415250
1415280
1415300
1415310
1415320
1415370
1415380
1415420
1415430
1415440
1415450
1415470
1415480
1415520
1415540
1415570
1415580
1415590
1415620
1415630
1415670
1415690
1415700
1415750
1415830
1415840
1415870
1415890
1415920
1416000
1416050
1416130
1416140
1416150
1416160
1416180
1416190
1416210
1416220
1416230
1416240
1416260
1416290
1416340
1416420
1416430
1416450
1416460
1416520
1416600
1416620
1416670
1416690
1416700
1416710
1416720
1416730
1416760
1416770
1416850
1416920
1416930
1416960
1416970
1417000
1417010
1417020
1417050
1417090
1417100
1417130
1417150
1417170
1417200
1417230
1417250
1417260
1417270
1417280
1417320
1417340
1417380
1417400
1417420
1417450
1417490
1417500
1417540
1417590
1417610
1417640
1417670
1417690
1417720
1417730
1417740
1417750
1417770
1417810
1417880
1417890
1417930
1417940
1417960
1417970
1418010
1418020
1418090
1418110
1418140
1418160
1418180
1418190
1418260
1418290
1418310
1418320
1418360
1418390
1418430
1418460
1418470
1418520
1418540
1418570
1418610
1418680
1418710
1418720
1418730
1418760
1418790
1418830
1418840
1418870
1418980
1418990
1419040
1419050
1419070
1419100
1419110
1419120
1419130
1419140
1419150
1419160
1419170
1419190
1419290
1419350
1419360
1419370
1419380
1419440
1419480
1419510
1419580
1419640
1419670
1419680
1419730
1419740
1419750
1419760
1419770
1419850
1419860
1419870
1419880
1419980
1420050
1420060
1420080
1420160
1420180
1420290
1420300
1420320
1420330
1420350
1420400
1420470
1420510
1420540
1420580
1420640
1420650
1420680
1420720
1420730
1420740
1420770
1420780
1420790
1420810
1420830
1420850
1420860
1420930
1420950
1420960
1420970
1420980
1420990
1421020
1421200
1421250
1421290
1421310
1421320
1421350
1421410
1421490
1421630
1421640
1421690
1421700
1421710
1421760
1421790
1422000
1422050
1422080
1422130
1422180
1422190
1422200
1422210
1422220
1422240
1422260
1422280
1422290
1422380
1422410
1422420
1422430
1422440
1422450
1422520
1422540
1422570
1422610
1422620
1422630
1422650
1422730
1422740
1422750
1422780
1422790
1422810
1422820
1422880
1422910
1422930
1422940
1422950
1422980
1423010
1423060
1423140
1423200
1423270
1423280
1423330
1423340
1423370
1423410
1423420
1423450
1423500
1423540
1423600
1423610
1423640
1423650
1423670
1423780
1423900
1423970
1423980
1424020
1424050
1424060
1424070
1424080
1424190
1424200
1424210
1424240
1424250
1424270
1424290
1424300
1424330
1424350
1424360
1424380
1424420
1424500
1424520
1424570
1424600
1424630
1424640
1424650
1424660
1424690
1424700
1424710
1424720
1424770
1424790
1424800
1424850
1424860
1424870
1424890
1424900
1424910
1424920
1424950
1424960
1424980
1425000
1425010
1425030
1425090
1425110
1425120
1425130
1425140
1425170
1425180
1425240
1425250
1425260
1425270
1425280
1425330
1425350
1425370
1425380
1425410
1425510
1425520
1425550
1425580
1425620
1425640
1425690
1425720
1425730
1425760
1425770
1425790
1425820
1425920
1425980
1426010
1426090
1426110
1426120
1426130
1426190
1426210
1426230
1426280
1426310
1426330
1426370
1426400
1426440
1426450
1426480
1426490
1426500
1426530
1426540
1426570
1426770
1426890
1426900
1426920
1426950
1426980
1426990
1427000
1427030
1427120
1427130
1427150
1427210
1427340
1427400
1427420
1427480
1427510
1427590
1427620
1427640
1427650
1427680
1427700
1427710
1427760
1427800
1427860
1427880
1427890
1427900
1427910
1427920
1427930
1427940
1427950
1427960
1427970
1427980
1427990
1428030
1428040
1428090
1428100
1428130
1428140
1428150
1428160
1428180
1428220
1428290
1428300
1428310
1428320
1428360
1428370
1428420
1428440
1428460
1428470
1428480
1428510
1428520
1428550
1428560
1428570
1428580
1428610
1428630
1428680
1428700
1428710
1428730
1428770
1428780
1428790
1428820
1428840
1428870
1428900
1428990
1429040
1429080
1429100
1429150
1429160
1429210
1429260
1429350
1429400
1429480
1429500
1429530
1429560
1429610
1429630
1429640
1429670
1429680
1429700
1429740
1429750
1429780
1429820
1429850
1429870
1429880
1429890
1429910
1429950
1430010
1430030
1430040
1430070
1430100
1430120
1430140
1430160
1430180
1430190
1430200
1430220
1430240
1430310
1430340
1430420
1430490
1430580
1430640
1430680
1430690
1430720
1430740
1430760
1430810
1430820
1430930
1430970
1430980
1430990
1431020
1431040
1431100
1431150
1431170
1431190
1431210
1431220
1431230
1431240
1431270
1431290
1431300
1431350
1431370
1431380
1431420
1431450
1431490
1431550
1431570
1431610
1431620
1431630
1431690
1431720
1431730
1431770
1431780
1431840
1431850
1431940
1431950
1432000
1432020
1432050
1432100
1432110
1432200
1432260
1432290
1432320
1432330
1432350
1432380
1432390
1432400
1432480
1432500
1432560
1432610
1432620
1432630
1432640
1432670
1432710
1432750
1432760
1432810
1432850
1432860
1432880
1432890
1432910
1432930
1432970
1432980
1433000
1433010
1433030
1433040
1433070
1433090
1433110
1433130
1433140
1433190
1433210
1433320
1433340
1433390
1433420
1433430
1433460
1433480
1433490
1433500
1433550
1433570
1433600
1433630
1433660
1433670
1433680
1433690
1433770
1433830
1433860
1433870
1433890
1433900
1433910
1433940
1433950
1433960
1433970
1433980
1433990
1434000
1434030
1434040
1434140
1434160
1434230
1434260
1434300
1434310
1434320
1434350
1434440
1434450
1434470
1434480
1434490
1434510
1434540
1434550
1434620
1434650
1434730
1434750
1434850
1434880
1434890
1434900
1434940
1434950
1435010
1435020
1435090
1435160
1435210
1435260
1435310
1435330
1435410
1435420
1435440
1435470
1435480
1435540
1435580
1435590
1435660
1435670
1435680
1435700
1435750
1435780
1435790
1435840
1435960
1435970
1435980
1436000
1436060
1436190
1436210
1436220
1436240
1436390
1436410
1436450
1436490
1436570
1436590
1436600
1436680
1436700
1436810
1436850
1436870
1436910
1436920
1436930
1436950
1436990
1437000
1437020
1437030
1437040
1437050
1437100
1437120
1437170
1437210
1437270
1437280
1437340
1437400
1437410
1437420
1437430
1437480
1437500
1437550
1437580
1437650
1437660
1437680
1437700
1437710
1437720
1437750
1437760
1437810
1437820
1437830
1437840
1437850
1437860
1437870
1437880
1437890
1437940
1437960
1437980
1438060
1438090
1438100
1438190
1438260
1438280
1438430
1438440
1438480
1438680
1438700
1438710
1438750
1438760
1438830
1438850
1438870
1438940
1438980
1439000
1439010
1439030
1439100
1439130
1439170
1439180
1439220
1439320
1439340
1439400
1439420
1439440
1439460
1439550
1439630
1439700
1439710
1439750
1439790
1439800
1439840
1439920
1439930
1439970
1440010
1440020
1440050
1440130
1440150
1440240
1440280
1440290
1440330
1440350
1440360
1440370
1440440
1440450
1440470
1440500
1440510
1440530
1440600
1440670
1440680
1440730
1440750
1440780
1440790
1440810
1440830
1440840
1440850
1440870
1440890
1440930
1440940
1441040
1441090
1441130
1441180
1441210
1441230
1441240
1441300
1441430
1441480
1441500
1441530
1441550
1441570
1441590
1441630
1441670
1441680
1441730
1441740
1441760
1441770
1441790
1441840
1441870
1441920
1441940
1441950
1441970
1441980
1441990
1442000
1442010
1442040
1442070
1442080
1442140
1442150
1442160
1442170
1442190
1442210
1442220
1442240
1442300
1442320
1442350
1442360
1442380
1442390
1442410
1442430
1442450
1442460
1442480
1442500
1442530
1442590
1442650
1442670
1442750
1442820
1442840
1443030
1443100
1443160
1443170
1443190
1443200
1443250
1443260
1443300
1443310
1443360
1443370
1443400
1443430
1443450
1443470
1443490
1443500
1443510
1443600
1443620
1443630
1443640
1443680
1443760
1443810
1443820
1443850
1443900
1443910
1443950
1443990
1444020
1444090
1444110
1444150
1444170
1444190
1444300
1444350
1444360
1444370
1444390
1444410
1444420
1444430
1444480
1444490
1444550
1444570
1444610
1444650
1444670
1444700
1444710
1444740
1444750
1444760
1444770
1444780
1444790
1444860
1444870
1444890
1444920
1444950
1445040
1445110
1445120
1445180
1445240
1445250
1445260
1445360
1445370
1445400
1445430
1445440
1445540
1445650
1445670
1445700
1445720
1445740
1445790
1445810
1445860
1445870
1445890
1445980
1446000
1446050
1446090
1446100
1446120
1446160
1446180
1446230
1446280
1446320
1446330
1446350
1446410
1446420
1446450
1446470
1446480
1446510
1446530
1446560
1446650
1446670
1446690
1446720
1446730
1446770
1446780
1446850
1446880
1446890
1446900
1446920
1446930
1446950
1446980
1447000
1447020
1447050
1447060
1447070
1447080
1447090
1447160
1447190
1447210
1447260
1447310
1447330
1447350
1447400
1447410
1447430
1447440
1447460
1447470
1447490
1447540
1447570
1447590
1447600
1447640
1447710
1447730
1447800
1447820
1447830
1447870
1447900
1447920
1447970
1448000
1448030
1448090
1448100
1448110
1448120
1448130
1448150
1448160
1448170
1448200
1448220
1448260
1448290
1448300
1448310
1448320
1448330
1448350
1448440
1448510
1448520
1448580
1448600
1448610
1448650
1448680
1448750
1448760
1448780
1448800
1448820
1448840
1448880
1448940
1448950
1448980
1448990
1449000
1449010
1449020
1449040
1449060
1449070
1449100
1449110
1449140
1449200
1449230
1449250
1449280
1449320
1449330
1449340
1449370
1449380
1449400
1449420
1449430
1449470
1449480
1449500
1449510
1449550
1449580
1449630
1449640
1449650
1449670
1449690
1449730
1449750
1449780
1449850
1449920
1449940
1449960
1450000
1450020
1450050
1450060
1450070
1450080
1450090
1450100
1450120
1450150
1450160
1450170
1450180
1450190
1450200
1450210
1450240
1450250
1450260
1450270
1450300
1450310
1450330
1450460
1450530
1450540
1450620
1450650
1450660
1450720
1450730
1450760
1450780
1450790
1450800
1450830
1450860
1450900
1450940
1450950
1450960
1450990
1451020
1451030
1451070
1451080
1451090
1451110
1451120
1451130
1451140
1451160
1451190
1451200
1451230
1451300
1451360
1451400
1451410
1451420
1451470
1451480
1451540
1451560
1451570
1451580
1451650
1451680
1451720
1451740
1451760
1451800
1451830
1451840
1451860
1451870
1451880
1451890
1451920
1451940
1451950
1451970
1451980
1452000
1452020
1452050
1452070
1452110
1452130
1452200
1452210
1452220
1452250
1452260
1452280
1452300
1452320
1452360
1452410
1452490
1452500
1452540
1452630
1452670
1452700
1452770
1452790
1452830
1452850
1452860
1452870
1452900
1452910
1452950
1452990
1453000
1453010
1453030
1453070
1453080
1453140
1453200
1453220
1453230
1453250
1453280
1453400
1453430
1453440
1453450
1453490
1453600
1453640
1453650
1453660
1453670
1453680
1453710
1453720
1453740
1453790
1453840
1453850
1453870
1453890
1453900
1453920
1453940
1453990
1454000
1454010
1454030
1454040
1454050
1454060
1454080
1454090
1454100
1454110
1454140
1454150
1454160
1454320
1454340
1454390
1454400
1454410
1454430
1454480
1454490
1454500
1454520
1454540
1454550
1454580
1454600
1454640
1454650
1454660
1454690
1454700
1454720
1454730
1454800
1454860
1454930
1454950
1454960
1454970
1455020
1455040
1455070
1455080
1455090
1455120
1455130
1455140
1455220
1455230
1455290
1455300
1455310
1455320
1455360
1455380
1455390
1455420
1455430
1455450
1455510
1455540
1455550
1455590
1455630
1455640
1455650
1455730
1455760
1455780
1455840
1455870
1455900
1455910
1455920
1455930
1456020
1456060
1456200
1456210
1456230
1456260
1456280
1456290
1456340
1456360
1456370
1456440
1456490
1456570
1456650
1456710
1456720
1456760
1456770
1456790
1456810
1456820
1456860
1456880
1456900
1456940
1456980
1457020
1457030
1457050
1457080
1457130
1457140
1457180
1457220
1457320
1457330
1457340
1457370
1457430
1457450
1457480
1457490
1457500
1457510
1457520
1457540
1457550
1457570
1457580
1457620
1457630
1457640
1457650
1457660
1457670
1457690
1457710
1457730
1457740
1457750
1457800
1457820
1457840
1457980
1457990
1458000
1458100
1458140
1458150
1458250
1458300
1458330
1458340
1458350
1458390
1458460
1458530
1458540
1458550
1458560
1458590
1458620
1458630
1458650
1458690
1458810
1458880
1458900
1458920
1458930
1458960
1458980
1459010
1459020
1459120
1459160
1459170
1459210
1459260
1459300
1459360
1459500
1459510
1459540
1459560
1459570
1459580
1459640
1459660
1459710
1459720
1459760
1459810
1459820
1459870
1459910
1459930
1459960
1459970
1460000
1460040
1460050
1460070
1460090
1460100
1460180
1460200
1460220
1460230
1460250
1460290
1460300
1460310
1460440
1460480
1460490
1460510
1460530
1460540
1460550
1460610
1460620
1460650
1460670
1460680
1460700
1460710
1460750
1460830
1460870
1460880
1460910
1460930
1460970
1461000
1461020
1461030
1461060
1461090
1461100
1461110
1461130
1461160
1461190
1461200
1461230
1461360
1461370
1461400
1461410
1461420
1461490
1461500
1461510
1461570
1461600
1461630
1461680
1461710
1461730
1461740
1461770
1461800
1461810
1461850
1461910
1461920
1461930
1461960
1461980
1461990
1462040
1462060
1462090
1462190
1462200
1462220
1462420
1462430
1462440
1462470
1462490
1462520
1462530
1462550
1462560
1462570
1462580
1462600
1462620
1462640
1462650
1462680
1462720
1462730
1462740
1462760
1462780
1462790
1462810
1462860
1462960
1462970
1463010
1463020
1463030
1463040
1463050
1463080
1463120
1463130
1463140
1463160
1463170
1463180
1463190
1463220
1463230
1463240
1463250
1463260
1463270
1463360
1463420
1463450
1463470
1463500
1463510
1463530
1463570
1463590
1463600
1463730
1463760
1463780
1463830
1463840
1463870
1463890
1463900
1463920
1463970
1463980
1464000
1464010
1464050
1464060
1464090
1464100
1464120
1464130
1464170
1464190
1464200
1464220
1464290
1464320
1464350
1464380
1464390
1464400
1464420
1464460
1464480
1464500
1464510
1464520
1464540
1464550
1464580
1464610
1464620
1464630
1464650
1464730
1464910
1464930
1465010
1465040
1465050
1465070
1465120
1465170
1465190
1465200
1465210
1465260
1465300
1465310
1465330
1465340
1465350
1465360
1465370
1465380
1465390
1465410
1465440
1465460
1465470
1465500
1465510
1465550
1465560
1465580
1465610
1465710
1465740
1465750
1465780
1465830
1465860
1465890
1465950
1466010
1466030
1466060
1466070
1466090
1466100
1466120
1466140
1466160
1466170
1466180
1466190
1466230
1466240
1466260
1466290
1466390
1466400
1466430
1466450
1466460
1466470
1466480
1466490
1466530
1466550
1466570
1466580
1466640
1466680
1466690
1466700
1466750
1466780
1466840
1466860
1466870
1466950
1466970
1467020
1467060
1467070
1467090
1467190
1467200
1467230
1467260
1467330
1467340
1467360
1467380
1467410
1467580
1467620
1467670
1467740
1467780
1467810
1467830
1467870
1467920
1468000
1468040
1468060
1468160
1468180
1468190
1468220
1468240
1468250
1468260
1468280
1468370
1468380
1468420
1468430
1468480
1468610
1468680
1468700
1468720
1468750
1468800
1468810
1468820
1468850
1468870
1468880
1468910
1468920
1468930
1468950
1468960
1469000
1469010
1469090
1469160
1469170
1469220
1469230
1469280
1469300
1469310
1469330
1469340
1469350
1469370
1469460
1469540
1469550
1469610
1469620
1469660
1469670
1469690
1469750
1469800
1469830
1469840
1469860
1469890
1469910
1469960
1470020
1470030
1470060
1470120
1470130
1470150
1470220
1470280
1470310
1470320
1470380
1470390
1470420
1470430
1470480
1470550
1470650
1470660
1470670
1470680
1470720
1470730
1470740
1470790
1470860
1470870
1470910
1470920
1470930
1470940
1470970
1471040
1471080
1471120
1471180
1471220
1471250
1471270
1471410
1471460
1471470
1471490
1471500
1471510
1471520
1471530
1471550
1471570
1471600
1471610
1471630
1471650
1471680
1471700
1471730
1471910
1471940
1471960
1471970
1471980
1472010
1472060
1472160
1472250
1472260
1472330
1472380
1472400
1472450
1472540
1472550
1472560
1472600
1472620
1472660
1472740
1472800
1472810
1472820
1472930
1472950
1473000
1473050
1473060
1473070
1473100
1473170
1473220
1473250
1473270
1473350
1473480
1473500
1473540
1473550
1473630
1473640
1473650
1473660
1473690
1473740
1473760
1473810
1473820
1473830
1473840
1473850
1473870
1473880
1473920
1473930
1473940
1474000
1474100
1474110
1474120
1474200
1474240
1474280
1474340
1474420
1474440
1474550
1474580
1474610
1474700
1474740
1474770
1474790
1474850
1474860
1474880
1474930
1474940
1474990
1475000
1475080
1475100
1475140
1475150
1475160
1475170
1475180
1475200
1475250
1475260
1475320
1475330
1475350
1475380
1475400
1475420
1475430
1475440
1475460
1475510
1475580
1475600
1475700
1475740
1475780
1475810
1475840
1475850
1475890
1475940
1475960
1475970
1475990
1476000
1476080
1476100
1476140
1476170
1476220
1476230
1476330
1476340
1476350
1476360
1476390
1476400
1476410
1476420
1476430
1476450
1476520
1476680
1476690
1476700
1476720
1476750
1476760
1476800
1476830
1476850
1476910
1476920
1476940
1476950
1476970
1477000
1477010
1477020
1477050
1477060
1477070
1477120
1477130
1477170
1477300
1477320
1477330
1477420
1477450
1477460
1477480
1477490
1477570
1477590
1477640
1477650
1477660
1477700
1477740
1477770
1477790
1477810
1477830
1477840
1477850
1477870
1477880
1477890
1477900
1477920
1477940
1477950
1477980
1478000
1478030
1478050
1478070
1478080
1478160
1478180
1478210
1478220
1478240
1478300
1478310
1478320
1478340
1478350
1478410
1478420
1478440
1478470
1478480
1478590
1478600
1478620
1478630
1478650
1478670
1478780
1478850
1478880
1478970
1479000
1479010
1479020
1479030
1479100
1479110
1479120
1479140
1479210
1479300
1479310
1479360
1479370
1479390
1479440
1479460
1479470
1479480
1479500
1479530
1479540
1479610
1479730
1479750
1479760
1479790
1479800
1479810
1479830
1479840
1479850
1479870
1479880
1479890
1479940
1479960
1479990
1480010
1480030
1480040
1480050
1480120
1480130
1480140
1480190
1480240
1480370
1480400
1480410
1480440
1480470
1480480
1480520
1480540
1480560
1480570
1480600
1480630
1480650
1480690
1480750
1480760
1480810
1480830
1480860
1480870
1480910
1480930
1480960
1480990
1481000
1481020
1481070
1481080
1481120
1481140
1481160
1481170
1481250
1481310
1481340
1481360
1481370
1481380
1481400
1481440
1481580
1481600
1481620
1481630
1481660
1481680
1481700
1481710
1481720
1481730
1481770
1481780
1481810
1481840
1481870
1481880
1481930
1481940
1481960
1481970
1482000
1482050
1482060
1482080
1482130
1482150
1482290
1482320
1482330
1482340
1482350
1482380
1482400
1482420
1482430
1482490
1482510
1482530
1482540
1482550
1482610
1482620
1482640
1482670
1482680
1482700
1482720
1482740
1482750
1482770
1482780
1482820
1482830
1482840
1482850
1482860
1482870
1482880
1482890
1482910
1482920
1482940
1482970
1482980
1483010
1483030
1483040
1483060
1483090
1483100
1483110
1483130
1483140
1483190
1483210
1483300
1483310
1483320
1483330
1483340
1483350
1483360
1483370
1483390
1483430
1483470
1483520
1483570
1483580
1483600
1483610
1483780
1483800
1483860
1483870
1483890
1483940
1483970
1483980
1483990
1484010
1484050
1484100
1484130
1484140
1484150
1484180
1484220
1484250
1484280
1484340
1484560
1484580
1484600
1484610
1484620
1484660
1484720
1484730
1484740
1484750
1484760
1484790
1484800
1484900
1484960
1484970
1484980
1485010
1485030
1485050
1485070
1485080
1485100
1485120
1485130
1485140
1485180
1485210
1485230
1485240
1485250
1485260
1485280
1485330
1485340
1485350
1485370
1485420
1485450
1485580
1485590
1485600
1485630
1485650
1485690
1485720
1485730
1485750
1485860
1485870
1485900
1485970
1485980
1486030
1486050
1486080
1486120
1486140
1486200
1486270
1486300
1486330
1486340
1486350
1486370
1486430
1486440
1486450
1486470
1486520
1486540
1486560
1486570
1486580
1486590
1486620
1486630
1486660
1486670
1486690
1486710
1486720
1486750
1486780
1486790
1486800
1486840
1486860
1486870
1486890
1486920
1486950
1486970
1487030
1487090
1487100
1487120
1487140
1487160
1487210
1487270
1487280
1487320
1487360
1487390
1487420
1487430
1487440
1487450
1487490
1487520
1487590
1487610
1487640
1487650
1487680
1487740
1487840
1487860
1487870
1487900
1487940
1487990
1488050
1488060
1488070
1488080
1488100
1488110
1488150
1488200
1488220
1488250
1488280
1488310
1488380
1488430
1488500
1488540
1488560
1488600
1488620
1488650
1488670
1488700
1488730
1488740
1488810
1488820
1488860
1488960
1489000
1489010
1489020
1489110
1489120
1489130
1489150
1489160
1489220
1489290
1489300
1489310
1489330
1489340
1489380
1489390
1489400
1489410
1489470
1489480
1489500
1489590
1489600
1489610
1489630
1489660
1489680
1489810
1489830
1489840
1489850
1489880
1489900
1489970
1490030
1490060
1490110
1490130
1490180
1490190
1490200
1490250
1490290
1490310
1490330
1490340
1490410
1490460
1490490
1490540
1490570
1490580
1490590
1490610
1490620
1490670
1490790
1490840
1490850
1490860
1490870
1490880
1490890
1490900
1490910
1490970
1490980
1491000
1491040
1491060
1491090
1491120
1491170
1491180
1491190
1491200
1491280
1491340
1491410
1491460
1491480
1491490
1491510
1491530
1491570
1491640
1491650
1491670
1491680
1491720
1491730
1491770
1491780
1491790
1491850
1491890
1491910
1491950
1491960
1491980
1492000
1492030
1492070
1492080
1492090
1492130
1492140
1492150
1492160
1492190
1492200
1492210
1492230
1492260
1492310
1492320
1492360
1492370
1492380
1492420
1492430
1492440
1492450
1492480
1492510
1492560
1492570
1492590
1492610
1492620
1492640
1492650
1492680
1492690
1492720
1492730
1492750
1492780
1492860
1492870
1492900
1492930
1492940
1492980
1492990
1493000
1493020
1493050
1493060
1493070
1493110
1493140
1493160
1493250
1493300
1493310
1493330
1493380
1493400
1493410
1493450
1493460
1493490
1493520
1493560
1493580
1493590
1493640
1493660
1493690
1493720
1493730
1493760
1493800
1493810
1493840
1493880
1493930
1493940
1493960
1493970
1494050
1494100
1494110
1494120
1494140
1494150
1494180
1494190
1494260
1494280
1494310
1494320
1494370
1494390
1494400
1494420
1494440
1494450
1494460
1494470
1494500
1494510
1494530
1494560
1494570
1494580
1494650
1494670
1494680
1494720
1494810
1494840
1494910
1494920
1494960
1494990
1495000
1495050
1495060
1495070
1495080
1495090
1495100
1495110
1495120
1495130
1495140
1495160
1495170
1495250
1495260
1495280
1495320
1495330
1495350
1495370
1495380
1495400
1495420
1495460
1495510
1495560
1495570
1495580
1495640
1495670
1495710
1495760
1495780
1495800
1495830
1495860
1495870
1495900
1495910
1495920
1495940
1495950
1495990
1496070
1496090
1496120
1496150
1496180
1496210
1496220
1496240
1496250
1496320
1496350
1496380
1496470
1496530
1496590
1496620
1496640
1496680
1496710
1496790
1496830
1496910
1496920
1496990
1497000
1497020
1497110
1497120
1497140
1497170
1497180
1497230
1497250
1497330
1497360
1497430
1497440
1497450
1497460
1497510
1497520
1497590
1497630
1497650
1497700
1497710
1497770
1497780
1497820
1497830
1497850
1497870
1497940
1497950
1498030
1498060
1498110
1498120
1498130
1498140
1498190
1498220
1498250
1498280
1498290
1498320
1498400
1498440
1498450
1498460
1498490
1498570
1498590
1498600
1498630
1498660
1498680
1498740
1498800
1498840
1498940
1499030
1499120
1499190
1499210
1499220
1499240
1499300
1499320
1499360
1499370
1499380
1499390
1499420
1499430
1499540
1499550
1499560
1499590
1499640
1499660
1499680
1499700
1499720
1499750
1499780
1499790
1499800
1499820
1499890
1499900
1499930
1499960
1499980
1499990
1500060
1500100
1500110
1500120
1500130
1500180
1500230
1500240
1500250
1500260
1500290
1500300
1500310
1500320
1500350
1500380
1500390
1500410
1500480
1500490
1500540
1500600
1500650
1500660
1500740
1500750
1500760
1500800
1500810
1500820
1500860
1500870
1500940
1500970
1500980
1501100
1501110
1501120
1501130
1501150
1501160
1501210
1501250
1501260
1501320
1501340
1501410
1501460
1501480
1501490
1501540
1501610
1501640
1501650
1501690
1501720
1501750
1501800
1501820
1501830
1501900
1501920
1501950
1501960
1501970
1502000
1502010
1502040
1502060
1502070
1502080
1502110
1502180
1502190
1502230
1502240
1502260
1502350
1502380
1502410
1502480
1502490
1502520
1502530
1502540
1502550
1502560
1502570
1502600
1502620
1502630
1502660
1502680
1502710
1502730
1502760
1502770
1502790
1502800
1502890
1502920
1502940
1502950
1502970
1502980
1502990
1503000
1503040
1503110
1503230
1503250
1503280
1503370
1503390
1503400
1503410
1503430
1503440
1503480
1503530
1503540
1503580
1503630
1503670
1503720
1503750
1503770
1503790
1503800
1503820
1503850
1503880
1503920
1503930
1503990
1504010
1504020
1504030
1504050
1504090
1504100
1504110
1504150
1504170
1504230
1504250
1504260
1504310
1504320
1504350
1504360
1504370
1504450
1504460
1504490
1504500
1504510
1504550
1504570
1504580
1504610
1504630
1504660
1504670
1504740
1504760
1504840
1505010
1505220
1505270
1505320
1505380
1505390
1505400
1505420
1505430
1505440
1505450
1505460
1505470
1505500
1505520
1505540
1505560
1505570
1505600
1505620
1505680
1505700
1505720
1505750
1505770
1505790
1505830
1505860
1505870
1505960
1505980
1506020
1506080
1506230
1506250
1506260
1506270
1506300
1506410
1506420
1506430
1506440
1506450
1506460
1506480
1506510
1506520
1506600
1506610
1506620
1506630
1506640
1506650
1506660
1506680
1506710
1506720
1506760
1506770
1506810
1506820
1506830
1506850
1506900
1506940
1506950
1506960
1506970
1506980
1507110
1507120
1507180
1507190
1507220
1507260
1507270
1507310
1507400
1507410
1507420
1507490
1507510
1507530
1507580
1507600
1507620
1507630
1507640
1507650
1507700
1507720
1507740
1507760
1507780
1507790
1507800
1507810
1507850
1507860
1507910
1507930
1507950
1507970
1507980
1507990
1508030
1508170
1508200
1508220
1508260
1508270
1508280
1508340
1508360
1508400
1508410
1508430
1508440
1508450
1508460
1508530
1508570
1508620
1508630
1508640
1508650
1508660
1508670
1508680
1508740
1508750
1508840
1508890
1508900
1508910
1508920
1508950
1508960
1509000
1509010
1509040
1509050
1509060
1509090
1509130
1509180
1509220
1509230
1509240
1509360
1509400
1509450
1509460
1509510
1509590
1509630
1509640
1509700
1509710
1509720
1509750
1509780
1509790
1509810
1509820
1509830
1509840
1509850
1509870
1509950
1509960
1509970
1510030
1510040
1510070
1510090
1510150
1510280
1510310
1510330
1510380
1510410
1510460
1510470
1510570
1510580
1510590
1510600
1510620
1510630
1510670
1510720
1510730
1510740
1510780
1510800
1510820
1510860
1510880
1510900
1510930
1510950
1511000
1511090
1511130
1511140
1511190
1511250
1511270
1511330
1511410
1511450
1511460
1511510
1511540
1511620
1511630
1511650
1511670
1511690
1511780
1511830
1511860
1511870
1511880
1511950
1511970
1512050
1512070
1512080
1512110
1512170
1512210
1512240
1512280
1512290
1512300
1512320
1512350
1512390
1512470
1512480
1512520
1512530
1512570
1512590
1512660
1512710
1512720
1512730
1512750
1512790
1512800
1512830
1512840
1512860
1512910
1512920
1512940
1512950
1513030
1513090
1513110
1513120
1513130
1513180
1513250
1513260
1513300
1513310
1513330
1513370
1513390
1513400
1513420
1513450
1513460
1513500
1513510
1513550
1513580
1513640
1513650
1513670
1513680
1513690
1513700
1513710
1513740
1513790
1513800
1513820
1513840
1513850
1513860
1513910
1513950
1514000
1514010
1514030
1514070
1514100
1514190
1514200
1514250
1514290
1514300
1514360
1514370
1514380
1514430
1514480
1514510
1514580
1514610
1514620
1514640
1514650
1514660
1514740
1514840
1514880
1514890
1514930
1514950
1515000
1515040
1515050
1515060
1515130
1515140
1515170
1515200
1515210
1515230
1515260
1515280
1515290
1515320
1515330
1515400
1515420
1515450
1515460
1515470
1515490
1515570
1515600
1515640
1515710
1515730
1515740
1515750
1515800
1515820
1515830
1515870
1515890
1515900
1515920
1515950
1515970
1515980
1515990
1516010
1516050
1516080
1516190
1516240
1516250
1516320
1516330
1516350
1516360
1516400
1516440
1516450
1516490
1516550
1516560
1516580
1516600
1516610
1516680
1516730
1516750
1516760
1516820
1516840
1516900
1516940
1516950
1516960
1517030
1517110
1517120
1517140
1517150
1517160
1517180
1517190
1517200
1517210
1517230
1517240
1517290
1517320
1517340
1517350
1517390
1517440
1517470
1517490
1517510
1517520
1517530
1517560
1517610
1517700
1517760
1517770
1517810
1517830
1517850
1517930
1517960
1517970
1518000
1518020
1518090
1518140
1518150
1518190
1518200
1518220
1518240
1518300
1518350
1518370
1518380
1518430
1518440
1518520
1518630
1518640
1518670
1518690
1518770
1518810
1518820
1518860
1518890
1518940
1518990
1519000
1519010
1519020
1519040
1519060
1519090
1519110
1519140
1519150
1519190
1519230
1519240
1519270
1519340
1519360
1519420
1519470
1519490
1519550
1519560
1519590
1519610
1519620
1519640
1519650
1519660
1519670
1519680
1519690
1519710
1519730
1519770
1519780
1519790
1519800
1519820
1519850
1519880
1519890
1519900
1519910
1520060
1520110
1520130
1520150
1520170
1520200
1520240
1520250
1520270
1520280
1520290
1520330
1520370
1520380
1520390
1520470
1520480
1520500
1520510
1520580
1520610
1520660
1520680
1520690
1520710
1520720
1520760
1520810
1520830
1520840
1520850
1520900
1521020
1521040
1521050
1521070
1521100
1521110
1521160
1521190
1521360
1521410
1521460
1521470
1521490
1521520
1521580
1521600
1521670
1521690
1521740
1521760
1521770
1521810
1521860
1521900
1521920
1521930
1521940
1521960
1521970
1521990
1522020
1522030
1522040
1522070
1522080
1522090
1522120
1522140
1522160
1522180
1522190
1522220
1522230
1522260
1522280
1522300
1522320
1522350
1522420
1522470
1522490
1522530
1522540
1522560
1522630
1522650
1522660
1522710
1522770
1522800
1522820
1522850
1522860
1522870
1522900
1522930
1522940
1522950
1522960
1522980
1523000
1523010
1523060
1523070
1523080
1523100
1523130
1523150
1523170
1523220
1523260
1523360
1523370
1523390
1523400
1523410
1523470
1523500
1523510
1523630
1523640
1523650
1523670
1523680
1523690
1523720
1523750
1523780
1523790
1523800
1523880
1523890
1523900
1523960
1523990
1524020
1524110
1524150
1524170
1524190
1524230
1524250
1524260
1524290
1524340
1524350
1524380
1524400
1524470
1524530
1524550
1524580
1524630
1524650
1524680
1524690
1524710
1524740
1524750
1524760
1524790
1524810
1524910
1524920
1524930
1524990
1525040
1525050
1525060
1525190
1525210
1525260
1525270
1525320
1525330
1525390
1525410
1525420
1525440
1525460
1525490
1525540
1525560
1525580
1525600
1525620
1525650
1525660
1525700
1525770
1525810
1525860
1525880
1525890
1525900
1525910
1526000
1526020
1526050
1526090
1526120
1526160
1526180
1526220
1526230
1526260
1526330
1526340
1526350
1526360
1526370
1526380
1526430
1526490
1526500
1526580
1526620
1526700
1526710
1526720
1526750
1526780
1526790
1526870
1526900
1527060
1527080
1527090
1527140
1527160
1527230
1527260
1527270
1527280
1527350
1527380
1527420
1527460
1527500
1527510
1527520
1527630
1527640
1527660
1527670
1527710
1527740
1527780
1527830
1527880
1527890
1527910
1527920
1527930
1527950
1527960
1527980
1528000
1528020
1528050
1528080
1528110
1528120
1528130
1528200
1528220
1528240
1528260
1528300
1528370
1528470
1528520
1528540
1528550
1528560
1528570
1528580
1528680
1528780
1528810
1528820
1528860
1528880
1528900
1528920
1528970
1528980
1528990
1529100
1529140
1529160
1529220
1529240
1529290
1529410
1529430
1529440
1529470
1529530
1529550
1529560
1529570
1529640
1529710
1529770
1529780
1529810
1529860
1529910
1529990
1530070
1530080
1530130
1530140
1530150
1530160
1530230
1530240
1530260
1530280
1530290
1530300
1530310
1530340
1530360
1530370
1530380
1530440
1530450
1530470
1530580
1530630
1530650
1530660
1530670
1530720
1530750
1530760
1530770
1530790
1530860
1530890
1531000
1531010
1531030
1531040
1531070
1531190
1531200
1531230
1531250
1531290
1531300
1531400
1531460
1531470
1531490
1531540
1531550
1531610
1531650
1531680
1531780
1531790
1531800
1531940
1532080
1532110
1532150
1532170
1532180
1532190
1532200
1532240
1532250
1532260
1532300
1532350
1532360
1532380
1532400
1532460
1532510
1532520
1532570
1532580
1532610
1532630
1532640
1532650
1532680
1532690
1532750
1532760
1532770
1532780
1532830
1532920
1533050
1533070
1533080
1533090
1533120
1533170
1533180
1533200
1533230
1533240
1533280
1533300
1533370
1533390
1533410
1533420
1533460
1533470
1533500
1533520
1533560
1533570
1533590
1533600
1533610
1533650
1533680
1533720
1533750
1533770
1533780
1533870
1533880
1533940
1533960
1533970
1533980
1534030
1534040
1534050
1534100
1534180
1534200
1534240
1534250
1534260
1534270
1534290
1534340
1534350
1534430
1534480
1534510
1534520
1534550
1534590
1534610
1534630
1534700
1534770
1534840
1534850
1534860
1534870
1534900
1534930
1534950
1534980
1535030
1535040
1535060
1535090
1535100
1535110
1535180
1535190
1535200
1535210
1535290
1535320
1535360
1535390
1535420
1535490
1535500
1535540
1535550
1535560
1535590
1535610
1535660
1535780
1535790
1535880
1535910
1535960
1536000
1536050
1536070
1536080
1536090
1536180
1536190
1536210
1536260
1536330
1536370
1536420
1536470
1536520
1536570
1536590
1536610
1536620
1536690
1536720
1536740
1536750
1536770
1536830
1536870
1536950
1536980
1537030
1537080
1537090
1537340
1537410
1537430
1537470
1537480
1537530
1537540
1537610
1537700
1537740
1537760
1537800
1537820
1537830
1537850
1537910
1537930
1537940
1537960
1537970
1537980
1538000
1538030
1538040
1538170
1538200
1538240
1538250
1538260
1538270
1538340
1538350
1538370
1538380
1538400
1538420
1538460
1538480
1538550
1538570
1538610
1538620
1538640
1538650
1538660
1538670
1538680
1538710
1538730
1538750
1538770
1538850
1538900
1538910
1538920
1538970
1539040
1539070
1539080
1539090
1539100
1539140
1539160
1539200
1539250
1539270
1539320
1539360
1539510
1539580
1539590
1539600
1539620
1539640
1539680
1539770
1539780
1539810
1539860
1539870
1539890
1539950
1539970
1540060
1540070
1540130
1540140
1540150
1540190
1540210
1540220
1540330
1540350
1540490
1540570
1540600
1540680
1540700
1540740
1540760
1540780
1540790
1540830
1540840
1540910
1540920
1540960
1541020
1541040
1541100
1541150
1541220
1541240
1541250
1541280
1541370
1541400
1541410
1541420
1541520
1541530
1541590
1541670
1541690
1541710
1541730
1541750
1541790
1541830
1541840
1541850
1541860
1541890
1542000
1542010
1542060
1542080
1542110
1542120
1542170
1542190
1542280
1542290
1542310
1542330
1542370
1542390
1542440
1542450
1542460
1542490
1542500
1542550
1542630
1542670
1542710
1542760
1542790
1542810
1542820
1542840
1542850
1542860
1542870
1542930
1542970
1543020
1543030
1543040
1543090
1543100
1543150
1543210
1543240
1543270
1543280
1543290
1543320
1543330
1543340
1543380
1543430
1543460
1543470
1543520
1543530
1543550
1543590
1543620
1543630
1543650
1543690
1543710
1543730
1543750
1543760
1543790
1543810
1543930
1543940
1543950
1543960
1543970
1543980
1543990
1544000
1544020
1544040
1544090
1544110
1544120
1544140
1544150
1544240
1544250
1544300
1544360
1544380
1544420
1544460
1544480
1544500
1544510
1544530
1544540
1544570
1544580
1544720
1544730
1544740
1544810
1544820
1544890
1545000
1545010
1545040
1545240
1545250
1545260
1545270
1545280
1545290
1545340
1545350
1545360
1545370
1545380
1545430
1545450
1545560
1545570
1545590
1545600
1545620
1545700
1545710
1545770
1545780
1545810
1545820
1545830
1545850
1545880
1545980
1545990
1546010
1546060
1546070
1546080
1546090
1546100
1546120
1546140
1546190
1546210
1546280
1546310
1546320
1546340
1546350
1546360
1546370
1546380
1546400
1546440
1546490
1546500
1546550
1546570
1546600
1546630
1546640
1546710
1546750
1546790
1546860
1546870
1546900
1546910
1546920
1546930
1546940
1546950
1546960
1546970
1546990
1547000
1547030
1547060
1547070
1547110
1547150
1547160
1547170
1547300
1547310
1547320
1547340
1547350
1547380
1547410
1547420
1547430
1547440
1547470
1547480
1547490
1547500
1547580
1547630
1547670
1547690
1547700
1547710
1547780
1547790
1547810
1547820
1547850
1547860
1547890
1547900
1547910
1547930
1547940
1547970
1548020
1548050
1548060
1548110
1548180
1548190
1548240
1548270
1548320
1548400
1548430
1548520
1548540
1548590
1548600
1548620
1548640
1548660
1548680
1548750
1548800
1548820
1548830
1548850
1548860
1548870
1548890
1548910
1548920
1548930
1548940
1549030
1549060
1549070
1549100
1549130
1549140
1549160
1549200
1549220
1549240
1549250
1549270
1549440
1549500
1549550
1549570
1549620
1549640
1549660
1549670
1549690
1549700
1549710
1549750
1549780
1549850
1549870
1549890
1549900
1549950
1549970
1549980
1550010
1550050
1550080
1550100
1550160
1550180
1550190
1550260
1550270
1550280
1550330
1550340
1550380
1550430
1550450
1550460
1550510
1550560
1550600
1550630
1550650
1550660
1550680
1550710
1550730
1550740
1550750
1550760
1550780
1550800
1550810
1550830
1550840
1550870
1550950
1550990
1551000
1551010
1551030
1551050
1551080
1551110
1551120
1551130
1551150
1551160
1551180
1551220
1551230
1551340
1551360
1551430
1551440
1551470
1551480
1551510
1551520
1551530
1551540
1551550
1551560
1551570
1551590
1551600
1551620
1551630
1551640
1551650
1551660
1551670
1551730
1551760
1551830
1551910
1551920
1551950
1551990
1552040
1552080
1552130
1552140
1552210
1552220
1552240
1552250
1552270
1552310
1552350
1552430
1552460
1552490
1552500
1552510
1552550
1552580
1552600
1552620
1552680
1552730
1552740
1552760
1552790
1552810
1552830
1552950
1552960
1553000
1553060
1553080
1553110
1553120
1553170
1553210
1553230
1553320
1553390
1553400
1553420
1553480
1553530
1553570
1553580
1553650
1553690
1553700
1553710
1553720
1553760
1553770
1553800
1553810
1553840
1553850
1553890
1553910
1553940
1553970
1553980
1553990
1554010
1554020
1554030
1554050
1554080
1554130
1554140
1554170
1554190
1554200
1554220
1554230
1554240
1554250
1554260
1554280
1554320
1554350
1554380
1554400
1554410
1554430
1554450
1554460
1554470
1554480
1554500
1554520
1554530
1554550
1554590
1554600
1554620
1554640
1554650
1554660
1554670
1554680
1554690
1554700
1554760
1554770
1554780
1554790
1554840
1554850
1554860
1554910
1554920
1554970
1555070
1555080
1555110
1555140
1555150
1555160
1555170
1555230
1555290
1555300
1555310
1555380
1555400
1555500
1555540
1555550
1555570
1555580
1555590
1555640
1555710
1555770
1555800
1555900
1555910
1555920
1555950
1555980
1556010
1556100
1556120
1556140
1556150
1556160
1556190
1556200
1556250
1556330
1556350
1556430
1556450
1556490
1556540
1556550
1556610
1556650
1556660
1556670
1556680
1556690
1556700
1556710
1556720
1556730
1556770
1556790
1556860
1556870
1556920
1556930
1556960
1556980
1557040
1557050
1557060
1557070
1557100
1557180
1557190
1557200
1557210
1557220
1557230
1557240
1557300
1557350
1557410
1557420
1557430
1557480
1557540
1557550
1557580
1557600
1557670
1557690
1557700
1557710
1557720
1557740
1557760
1557840
1557860
1557870
1557880
1557960
1557980
1557990
1558000
1558020
1558060
1558070
1558090
1558100
1558180
1558230
1558250
1558310
1558360
1558420
1558430
1558440
1558480
1558490
1558510
1558530
1558600
1558630
1558650
1558670
1558710
1558730
1558740
1558750
1558760
1558830
1558880
1558900
1558930
1558970
1558980
1558990
1559040
1559070
1559100
1559160
1559190
1559200
1559270
1559300
1559330
1559340
1559370
1559390
1559430
1559450
1559460
1559500
1559570
1559580
1559590
1559600
1559650
1559660
1559680
1559700
1559740
1559750
1559760
1559770
1559790
1559810
1559840
1559850
1559920
1559930
1559950
1559960
1559970
1559990
1560010
1560050
1560060
1560100
1560110
1560130
1560160
1560170
1560190
1560200
1560250
1560260
1560280
1560320
1560330
1560390
1560400
1560420
1560440
1560450
1560510
1560530
1560540
1560560
1560580
1560590
1560640
1560730
1560770
1560790
1560850
1560860
1560880
1560890
1560940
1561010
1561020
1561040
1561060
1561090
1561100
1561340
1561350
1561370
1561380
1561390
1561410
1561430
1561480
1561500
1561520
1561530
1561560
1561590
1561600
1561610
1561660
1561670
1561770
1561780
1561790
1561800
1561850
1561870
1561880
1561890
1561910
1561920
1561960
1561980
1562020
1562060
1562150
1562230
1562240
1562260
1562270
1562400
1562420
1562430
1562440
1562470
1562510
1562550
1562690
1562700
1562740
1562760
1562780
1562800
1562860
1562870
1562880
1562910
1562920
1562930
1562940
1562950
1562960
1562970
1563010
1563030
1563070
1563100
1563110
1563130
1563150
1563160
1563170
1563180
1563310
1563320
1563340
1563380
1563420
1563490
1563520
1563530
1563550
1563700
1563710
1563720
1563730
1563760
1563770
1563780
1563810
1563820
1563830
1563840
1563850
1563860
1563870
1563940
1563970
1564010
1564020
1564080
1564090
1564100
1564110
1564130
1564140
1564150
1564190
1564220
1564310
1564450
1564520
1564540
1564550
1564560
1564580
1564590
1564600
1564630
1564660
1564670
1564690
1564700
1564720
1564760
1564790
1564830
1564840
1564900
1564920
1564930
1564940
1564950
1564980
1565020
1565030
1565060
1565080
1565110
1565140
1565160
1565170
1565180
1565200
1565210
1565220
1565250
1565300
1565430
1565450
1565530
1565580
1565650
1565660
1565670
1565680
1565710
1565720
1565740
1565760
1565790
1565800
1565840
1565850
1565860
1565870
1565880
1565890
1565910
1565940
1565970
1566050
1566060
1566090
1566120
1566150
1566190
1566200
1566220
1566230
1566250
1566340
1566350
1566360
1566370
1566390
1566410
1566430
1566450
1566460
1566490
1566500
1566510
1566540
1566560
1566570
1566580
1566610
1566620
1566680
1566690
1566700
1566740
1566750
1566770
1566820
1566840
1566870
1566880
1566910
1566920
1566990
1567000
1567020
1567050
1567060
1567080
1567190
1567200
1567260
1567270
1567290
1567310
1567320
1567330
1567350
1567370
1567380
1567400
1567420
1567440
1567480
1567490
1567520
1567530
1567550
1567580
1567690
1567720
1567740
1567770
1567800
1567840
1567860
1567870
1567890
1567930
1567950
1567980
1567990
1568030
1568050
1568060
1568070
1568130
1568190
1568260
1568310
1568320
1568330
1568390
1568400
1568430
1568440
1568450
1568470
1568490
1568500
1568540
1568560
1568570
1568580
1568590
1568620
1568650
1568720
1568730
1568790
1568880
1568900
1568920
1568940
1568970
1569090
1569140
1569150
1569170
1569180
1569200
1569220
1569280
1569310
1569320
1569330
1569340
1569350
1569380
1569420
1569470
1569520
1569540
1569550
1569560
1569580
1569590
1569620
1569650
1569690
1569700
1569720
1569750
1569760
1569810
1569820
1569860
1569920
1569930
1569970
1569980
1569990
1570000
1570010
1570020
1570050
1570070
1570080
1570120
1570130
1570150
1570160
1570170
1570320
1570330
1570340
1570360
1570420
1570500
1570510
1570610
1570620
1570650
1570680
1570700
1570720
1570730
1570740
1570750
1570760
1570790
1570830
1570850
1570960
1570980
1570990
1571000
1571010
1571030
1571040
1571070
1571090
1571100
1571120
1571140
1571160
1571170
1571180
1571190
1571200
1571210
1571220
1571230
1571280
1571330
1571340
1571380
1571430
1571440
1571450
1571460
1571480
1571520
1571530
1571600
1571630
1571660
1571690
1571700
1571710
1571730
1571750
1571820
1571840
1571850
1571880
1571890
1571910
1571940
1571950
1571960
1571990
1572020
1572040
1572050
1572080
1572100
1572120
1572140
1572150
1572170
1572180
1572190
1572220
1572320
1572330
1572340
1572380
1572420
1572450
1572460
1572470
1572790
1572800
1572810
1572830
1572890
1572910
1572920
1572930
1572970
1572990
1573010
1573070
1573080
1573090
1573100
1573110
1573130
1573160
1573170
1573190
1573230
1573240
1573250
1573280
1573300
1573330
1573350
1573360
1573380
1573390
1573420
1573430
1573500
1573540
1573560
1573580
1573590
1573620
1573630
1573670
1573700
1573710
1573720
1573730
1573750
1573760
1573770
1573790
1573800
1573920
1573930
1573970
1574000
1574010
1574020
1574030
1574050
1574200
1574240
1574250
1574260
1574270
1574310
1574320
1574330
1574360
1574370
1574390
1574420
1574450
1574470
1574510
1574530
1574540
1574570
1574580
1574610
1574620
1574670
1574690
1574700
1574720
1574750
1574780
1574800
1574820
1574830
1574850
1574870
1574900
1574910
1574990
1575020
1575030
1575040
1575060
1575070
1575080
1575100
1575160
1575230
1575240
1575260
1575290
1575300
1575320
1575330
1575340
1575380
1575410
1575430
1575450
1575470
1575510
1575520
1575540
1575590
1575620
1575640
1575650
1575660
1575670
1575680
1575690
1575710
1575730
1575750
1575810
1575830
1575860
1575870
1575910
1575920
1575940
1575950
1575960
1575970
1575980
1576000
1576020
1576050
1576110
1576130
1576140
1576220
1576230
1576240
1576260
1576280
1576300
1576310
1576340
1576350
1576370
1576420
1576470
1576500
1576540
1576560
1576570
1576590
1576600
1576620
1576740
1576770
1576790
1576840
1576850
1576880
1576900
1576910
1576950
1576970
1576990
1577040
1577050
1577080
1577120
1577140
1577150
1577160
1577240
1577250
1577260
1577280
1577320
1577330
1577350
1577380
1577410
1577420
1577450
1577530
1577590
1577620
1577630
1577660
1577680
1577690
1577700
1577730
1577750
1577880
1577900
1577910
1577940
1577990
1578050
1578060
1578070
1578080
1578100
1578110
1578160
1578170
1578220
1578240
1578250
1578280
1578290
1578300
1578330
1578340
1578390
1578410
1578430
1578470
1578500
1578540
1578550
1578570
1578620
1578650
1578660
1578700
1578710
1578730
1578750
1578760
1578780
1578860
1578880
1578900
1578920
1578950
1578960
1578990
1579000
1579010
1579020
1579030
1579120
1579170
1579190
1579200
1579250
1579270
1579280
1579300
1579320
1579340
1579380
1579450
1579490
1579530
1579610
1579660
1579680
1579690
1579720
1579750
1579780
1579800
1579820
1579830
1579880
1579890
1579920
1579980
1580010
1580070
1580140
1580150
1580180
1580210
1580240
1580260
1580290
1580300
1580340
1580360
1580380
1580440
1580460
1580480
1580510
1580520
1580540
1580560
1580570
1580640
1580750
1580760
1580770
1580780
1580790
1580800
1580820
1580870
1580880
1580950
1580960
1580970
1580980
1581010
1581040
1581050
1581070
1581080
1581100
1581130
1581170
1581180
1581200
1581220
1581250
1581320
1581370
1581380
1581420
1581440
1581480
1581500
1581580
1581600
1581660
1581670
1581680
1581700
1581720
1581740
1581770
1581780
1581800
1581830
1581850
1581860
1581880
1581890
1581930
1581950
1581990
1582070
1582090
1582130
1582160
1582200
1582210
1582260
1582290
1582310
1582410
1582510
1582570
1582590
1582600
1582650
1582680
1582700
1582720
1582740
1582760
1582810
1582820
1582850
1582870
1582890
1582900
1582950
1582960
1582990
1583000
1583060
1583100
1583130
1583140
1583170
1583180
1583230
1583240
1583280
1583300
1583320
1583370
1583390
1583410
1583450
1583500
1583520
1583530
1583540
1583570
1583610
1583630
1583650
1583670
1583690
1583730
1583790
1583800
1583810
1583820
1583830
1583850
1583870
1583880
1583900
1583910
1583950
1584040
1584060
1584090
1584140
1584150
1584190
1584200
1584210
1584280
1584300
1584320
1584330
1584340
1584360
1584420
1584430
1584440
1584450
1584530
1584540
1584630
1584660
1584680
1584690
1584700
1584720
1584750
1584770
1584800
1584810
1584830
1584840
1584860
1584880
1584900
1584940
1585020
1585030
1585040
1585050
1585120
1585130
1585160
1585180
1585220
1585230
1585250
1585340
1585360
1585380
1585390
1585440
1585450
1585500
1585530
1585540
1585570
1585590
1585650
1585660
1585680
1585700
1585750
1585790
1585830
1585910
1585930
1585990
1586010
1586050
1586070
1586090
1586110
1586120
1586150
1586220
1586230
1586240
1586270
1586290
1586300
1586330
1586340
1586350
1586370
1586510
1586530
1586540
1586620
1586660
1586690
1586700
1586710
1586740
1586750
1586800
1586830
1586840
1586850
1586860
1586880
1586890
1586930
1586960
1586970
1586980
1586990
1587020
1587070
1587090
1587130
1587180
1587190
1587200
1587210
1587240
1587260
1587290
1587350
1587390
1587430
1587490
1587500
1587530
1587540
1587560
1587570
1587590
1587610
1587620
1587630
1587660
1587680
1587700
1587710
1587790
1587810
1587880
1587910
1587930
1587940
1587970
1588000
1588040
1588090
1588130
1588140
1588160
1588190
1588250
1588340
1588360
1588370
1588380
1588390
1588400
1588410
1588460
1588500
1588510
1588530
1588540
1588550
1588560
1588570
1588580
1588600
1588610
1588620
1588700
1588720
1588760
1588780
1588790
1588820
1588870
1588880
1588910
1588930
1588940
1588950
1588970
1589010
1589020
1589040
1589070
1589080
1589120
1589240
1589260
1589270
1589290
1589340
1589370
1589380
1589410
1589420
1589440
1589460
1589480
1589490
1589500
1589540
1589560
1589570
1589680
1589720
1589730
1589770
1589830
1589860
1589880
1589920
1589970
1590000
1590020
1590030
1590070
1590080
1590110
1590130
1590150
1590160
1590180
1590190
1590230
1590250
1590260
1590270
1590320
1590330
1590360
1590380
1590390
1590570
1590580
1590600
1590640
1590660
1590670
1590680
1590730
1590750
1590760
1590840
1590850
1590910
1591070
1591080
1591130
1591140
1591150
1591160
1591200
1591220
1591290
1591300
1591310
1591340
1591360
1591380
1591420
1591440
1591450
1591470
1591490
1591500
1591520
1591530
1591540
1591570
1591600
1591620
1591630
1591670
1591680
1591690
1591730
1591760
1591810
1591840
1591850
1591870
1591900
1591910
1591920
1591950
1591960
1592020
1592100
1592110
1592120
1592170
1592180
1592190
1592230
1592240
1592260
1592280
1592290
1592320
1592340
1592360
1592370
1592390
1592480
1592490
1592520
1592540
1592600
1592610
1592640
1592670
1592680
1592720
1592730
1592740
1592750
1592780
1592810
1592840
1592860
1592880
1592900
1592950
1592960
1592970
1592980
1592990
1593030
1593040
1593080
1593100
1593180
1593210
1593220
1593230
1593250
1593280
1593310
1593330
1593350
1593360
1593370
1593390
1593410
1593490
1593500
1593570
1593590
1593620
1593660
1593700
1593730
1593750
1593760
1593780
1593790
1593910
1593930
1593950
1594010
1594040
1594060
1594090
1594110
1594120
1594130
1594170
1594220
1594260
1594310
1594320
1594340
1594370
1594400
1594410
1594420
1594440
1594460
1594490
1594560
1594570
1594640
1594660
1594790
1594810
1594830
1594860
1594880
1594910
1594940
1594950
1594970
1594980
1595000
1595020
1595030
1595050
1595090
1595100
1595180
1595250
1595270
1595280
1595290
1595300
1595310
1595340
1595350
1595410
1595460
1595490
1595510
1595540
1595550
1595600
1595620
1595630
1595640
1595710
1595760
1595780
1595790
1595850
1595930
1595950
1596060
1596070
1596110
1596120
1596130
1596170
1596240
1596250
1596270
1596310
1596330
1596360
1596370
1596380
1596430
1596440
1596450
1596540
1596580
1596610
1596640
1596730
1596750
1596820
1596850
1596880
1596920
1596950
1596980
1596990
1597040
1597060
1597070
1597090
1597110
1597170
1597200
1597210
1597220
1597240
1597260
1597270
1597280
1597290
1597310
1597330
1597360
1597400
1597430
1597440
1597460
1597470
1597480
1597520
1597550
1597560
1597580
1597600
1597710
1597720
1597730
1597780
1597790
1597870
1597900
1597910
1597950
1597960
1597980
1598010
1598020
1598130
1598160
1598180
1598210
1598230
1598300
1598360
1598370
1598470
1598490
1598540
1598560
1598580
1598600
1598660
1598710
1598730
1598750
1598780
1598910
1598930
1598970
1599000
1599020
1599050
1599070
1599080
1599130
1599150
1599180
1599210
1599220
1599250
1599270
1599330
1599340
1599390
1599410
1599420
1599470
1599510
1599520
1599530
1599540
1599560
1599600
1599630
1599660
1599670
1599680
1599690
1599700
1599710
1599780
1599790
1599800
1599860
1599880
1599910
1599930
1599940
1600000
1600020
1600070
1600080
1600090
1600100
1600130
1600140
1600160
1600170
1600180
1600190
1600200
1600210
1600230
1600240
1600250
1600260
1600280
1600320
1600370
1600440
1600450
1600460
1600470
1600500
1600530
1600550
1600570
1600600
1600620
1600670
1600690
1600700
1600760
1600780
1600800
1600810
1600820
1600830
1600840
1600870
1600880
1600890
1600900
1600910
1600930
1600950
1600960
1600970
1600980
1601040
1601100
1601170
1601190
1601220
1601280
1601290
1601330
1601340
1601360
1601380
1601410
1601570
1601580
1601670
1601680
1601700
1601740
1601750
1601790
1601800
1601810
1601840
1601850
1601860
1601890
1601900
1601930
1601950
1601970
1602000
1602010
1602080
1602100
1602110
1602140
1602150
1602170
1602190
1602260
1602280
1602330
1602350
1602380
1602390
1602420
1602440
1602460
1602490
1602510
1602540
1602560
1602660
1602700
1602770
1602880
1602900
1602930
1602970
1602980
1602990
1603010
1603170
1603180
1603200
1603260
1603270
1603280
1603290
1603330
1603410
1603420
1603460
1603500
1603560
1603600
1603640
1603650
1603720
1603780
1603800
1603860
1603920
1603930
1603940
1603960
1603980
1603990
1604000
1604020
1604030
1604060
1604100
1604110
1604160
1604180
1604210
1604240
1604250
1604270
1604280
1604300
1604320
1604350
1604370
1604380
1604390
1604400
1604440
1604450
1604540
1604610
1604640
1604690
1604700
1604710
1604730
1604780
1604800
1604820
1604840
1604850
1604860
1605030
1605050
1605120
1605130
1605190
1605220
1605230
1605250
1605290
1605300
1605310
1605320
1605340
1605430
1605440
1605480
1605530
1605580
1605690
1605720
1605760
1605930
1605950
1605960
1606030
1606090
1606140
1606180
1606210
1606270
1606280
1606300
1606340
1606450
1606490
1606510
1606520
1606580
1606590
1606610
1606620
1606670
1606680
1606730
1606760
1606770
1606790
1606890
1606930
1606940
1606950
1606980
1607000
1607040
1607100
1607130
1607170
1607180
1607200
1607240
1607250
1607310
1607340
1607400
1607430
1607450
1607480
1607500
1607530
1607620
1607640
1607670
1607680
1607720
1607740
1607770
1607780
1607820
1607860
1607870
1607970
1607980
1608010
1608040
1608070
1608110
1608190
1608200
1608210
1608230
1608270
1608290
1608310
1608360
1608380
1608400
1608450
1608460
1608470
1608550
1608560
1608590
1608610
1608620
1608640
1608660
1608670
1608680
1608700
1608730
1608780
1608810
1608820
1608940
1608980
1609010
1609030
1609040
1609050
1609070
1609080
1609090
1609130
1609160
1609170
1609210
1609220
1609230
1609260
1609300
1609310
1609370
1609390
1609440
1609470
1609570
1609580
1609590
1609600
1609620
1609660
1609680
1609690
1609710
1609730
1609800
1609830
1609860
1609870
1610020
1610060
1610070
1610090
1610110
1610120
1610130
1610150
1610220
1610230
1610290
1610310
1610320
1610330
1610350
1610370
1610410
1610430
1610440
1610450
1610460
1610470
1610500
1610520
1610540
1610560
1610610
1610660
1610670
1610700
1610730
1610790
1610820
1610840
1610860
1610870
1610880
1610900
1610960
1610970
1611070
1611110
1611130
1611150
1611280
1611290
1611300
1611320
1611350
1611360
1611410
1611420
1611430
1611470
1611490
1611520
1611540
1611550
1611580
1611600
1611610
1611620
1611640
1611650
1611710
1611760
1611830
1611850
1611860
1611870
1611890
1611900
1611910
1611930
1611960
1612020
1612030
1612100
1612140
1612160
1612200
1612270
1612360
1612380
1612420
1612480
1612500
1612520
1612540
1612550
1612570
1612620
1612680
1612700
1612710
1612720
1612730
1612770
1612780
1612810
1612820
1612870
1612900
1612910
1612920
1612950
1612960
1612980
1613050
1613060
1613090
1613100
1613150
1613190
1613210
1613220
1613230
1613280
1613330
1613450
1613470
1613490
1613530
1613580
1613630
1613670
1613680
1613770
1613960
1614010
1614020
1614030
1614040
1614250
1614270
1614340
1614360
1614380
1614440
1614500
1614550
1614620
1614680
1614730
1614740
1614800
1614840
1614850
1614890
1614940
1614960
1615010
1615020
1615060
1615100
1615280
1615290
1615380
1615470
1615560
1615740
1615750
1615870
1615890
1615920
1615930
1615950
1615980
1616030
1616050
1616070
1616080
1616110
1616180
1616190
1616210
1616230
1616280
1616510
1616550
1616580
1616690
1616870
1617020
1617030
1617090
1617190
1617200
1617220
1617270
1617280
1617360
1617370
1617390
1617400
1617420
1617430
1617450
1617480
1617500
1617520
1617530
1617540
1617570
1617580
1617600
1617690
1617730
1617780
1617800
1617870
1617900
1618000
1618020
1618030
1618050
1618100
1618120
1618140
1618180
1618220
1618230
1618240
1618280
1618290
1618310
1618330
1618340
1618380
1618410
1618450
1618510
1618540
1618720
1618740
1618840
1618910
1618990
1619060
1619080
1619110
1619220
1619230
1619260
1619310
1619330
1619350
1619390
1619450
1619520
1619540
1619570
1619580
1619720
1619740
1619750
1619780
1619790
1619820
1619830
1619890
1619900
1619920
1619970
1620020
1620030
1620040
1620050
1620060
1620100
1620110
1620160
1620290
1620340
1620360
1620380
1620410
1620520
1620540
1620580
1620640
1620720
1620730
1620750
1620780
1620800
1620850
1620860
1620890
1620920
1621070
1621100
1621140
1621210
1621300
1621310
1621320
1621330
1621340
1621380
1621420
1621460
1621470
1621480
1621490
1621540
1621560
1621630
1621650
1621660
1621670
1621680
1621690
1621740
1621750
1621760
1621860
1621920
1621950
1621980
1621990
1622020
1622030
1622040
1622080
1622090
1622150
1622250
1622270
1622340
1622350
1622420
1622470
1622510
1622560
1622570
1622600
1622630
1622640
1622660
1622680
1622690
1622710
1622720
1622770
1622780
1622800
1622810
1622840
1622870
1622900
1622910
1622920
1622970
1622990
1623000
1623060
1623070
1623090
1623120
1623210
1623220
1623240
1623300
1623320
1623340
1623370
1623380
1623390
1623410
1623420
1623440
1623530
1623540
1623550
1623620
1623640
1623650
1623660
1623690
1623700
1623720
1623730
1623740
1623850
1623880
1623930
1623940
1623960
1624060
1624190
1624210
1624220
1624320
1624340
1624350
1624380
1624460
1624470
1624540
1624550
1624570
1624600
1624610
1624620
1624760
1624780
1624830
1624850
1624860
1624870
1624880
1624890
1624900
1624910
1624920
1624940
1624950
1624960
1624970
1624980
1624990
1625020
1625060
1625080
1625100
1625110
1625130
1625230
1625260
1625280
1625340
1625370
1625390
1625420
1625440
1625450
1625510
1625610
1625650
1625670
1625690
1625700
1625710
1625720
1625760
1625790
1625800
1625820
1625830
1625840
1625900
1625930
1625960
1626040
1626110
1626130
1626140
1626170
1626180
1626250
1626350
1626370
1626410
1626460
1626480
1626510
1626530
1626550
1626560
1626570
1626600
1626610
1626620
1626640
1626680
1626710
1626740
1626890
1626900
1626950
1627120
1627130
1627140
1627180
1627210
1627240
1627290
1627330
1627350
1627360
1627410
1627420
1627510
1627520
1627560
1627570
1627580
1627610
1627650
1627660
1627680
1627710
1627720
1627730
1627820
1627840
1627850
1627870
1627890
1627920
1628000
1628010
1628050
1628060
1628070
1628080
1628130
1628270
1628370
1628440
1628470
1628480
1628610
1628650
1628670
1628760
1628790
1628850
1628890
1628930
1628940
1628970
1629020
1629040
1629060
1629100
1629130
1629150
1629160
1629190
1629200
1629210
1629220
1629250
1629300
1629320
1629350
1629360
1629380
1629480
1629520
1629530
1629550
1629570
1629600
1629640
1629650
1629680
1629690
1629710
1629770
1629830
1629910
1629940
1630000
1630080
1630110
1630130
1630180
1630270
1630280
1630290
1630360
1630370
1630390
1630440
1630480
1630490
1630500
1630570
1630590
1630630
1630650
1630690
1630720
1630740
1630760
1630780
1630800
1630810
1630820
1630880
1630890
1630910
1630920
1630940
1630960
1631000
1631080
1631090
1631140
1631160
1631170
1631190
1631200
1631210
1631230
1631240
1631270
1631330
1631350
1631400
1631430
1631470
1631480
1631500
1631530
1631540
1631620
1631630
1631640
1631670
1631700
1631750
1631770
1631790
1631810
1631830
1631850
1631860
1631900
1631930
1632000
1632010
1632020
1632030
1632040
1632140
1632160
1632210
1632220
1632230
1632260
1632280
1632300
1632310
1632320
1632330
1632350
1632360
1632420
1632480
1632490
1632500
1632540
1632550
1632560
1632610
1632640
1632650
1632670
1632690
1632710
1632750
1632770
1632930
1632960
1632990
1633000
1633050
1633060
1633100
1633110
1633200
1633210
1633230
1633260
1633370
1633390
1633400
1633410
1633430
1633460
1633470
1633490
1633540
1633550
1633580
1633640
1633740
1633780
1633830
1633850
1633870
1633930
1633960
1634000
1634080
1634090
1634100
1634110
1634150
1634190
1634210
1634220
1634280
1634290
1634380
1634400
1634410
1634430
1634450
1634510
1634600
1634680
1634700
1634710
1634740
1634760
1634830
1634860
1634870
1634940
1634950
1634970
1634980
1634990
1635020
1635030
1635120
1635150
1635170
1635210
1635220
1635250
1635350
1635390
1635440
1635450
1635480
1635590
1635600
1635620
1635630
1635650
1635670
1635710
1635720
1635730
1635750
1635770
1635780
1635790
1635920
1635950
1635980
1636000
1636030
1636050
1636150
1636200
1636260
1636270
1636300
1636340
1636350
1636360
1636370
1636380
1636420
1636460
1636490
1636550
1636570
1636660
1636700
1636710
1636780
1636800
1636850
1636900
1636910
1636970
1636980
1636990
1637030
1637070
1637100
1637110
1637120
1637140
1637230
1637250
1637300
1637320
1637350
1637370
1637400
1637490
1637510
1637520
1637540
1637630
1637670
1637700
1637730
1637740
1637820
1638000
1638130
1638140
1638160
1638220
1638230
1638280
1638300
1638310
1638320
1638330
1638340
1638370
1638380
1638390
1638400
1638420
1638430
1638440
1638450
1638500
1638510
1638520
1638660
1638670
1638690
1638710
1638730
1638760
1638830
1638860
1638870
1638910
1638920
1638930
1638950
1639040
1639080
1639090
1639120
1639130
1639140
1639190
1639210
1639230
1639250
1639270
1639280
1639300
1639340
1639390
1639400
1639420
1639430
1639460
1639480
1639490
1639520
1639530
1639540
1639580
1639590
1639610
1639650
1639690
1639760
1639780
1639790
1639860
1639890
1639900
1639920
1639930
1639990
1640000
1640080
1640090
1640100
1640120
1640130
1640160
1640180
1640260
1640300
1640310
1640320
1640350
1640360
1640370
1640390
1640400
1640440
1640540
1640630
1640670
1640710
1640720
1640760
1640780
1640810
1640820
1640830
1640850
1640880
1640890
1640920
1640930
1641010
1641020
1641060
1641080
1641110
1641120
1641210
1641220
1641230
1641240
1641270
1641280
1641300
1641330
1641370
1641410
1641450
1641470
1641500
1641510
1641520
1641580
1641650
1641670
1641700
1641730
1641740
1641770
1641780
1641790
1641820
1641830
1641840
1641860
1641880
1641890
1641930
1641960
1641990
1642010
1642040
1642110
1642130
1642170
1642190
1642220
1642230
1642250
1642260
1642330
1642460
1642480
1642540
1642560
1642580
1642590
1642600
1642610
1642620
1642640
1642690
1642790
1642820
1642840
1642870
1642890
1642910
1642940
1642970
1643000
1643040
1643100
1643170
1643180
1643190
1643210
1643280
1643290
1643310
1643320
1643440
1643490
1643520
1643530
1643550
1643590
1643650
1643660
1643700
1643820
1643850
1644010
1644020
1644030
1644060
1644070
1644080
1644140
1644150
1644190
1644200
1644220
1644280
1644310
1644320
1644330
1644390
1644490
1644500
1644510
1644560
1644580
1644600
1644640
1644650
1644670
1644720
1644750
1644760
1644810
1644830
1644840
1644920
1644930
1644940
1644990
1645070
1645140
1645270
1645570
1645620
1645630
1645640
1645670
1645680
1645720
1645730
1645770
1645780
1645820
1645870
1645920
1645940
1645950
1645980
1645990
1646000
1646030
1646050
1646120
1646180
1646230
1646280
1646350
1646410
1646480
1646560
1646580
1646600
1646650
1646660
1646710
1646730
1646750
1646770
1646790
1646800
1646810
1646820
1646830
1646850
1646880
1646950
1647000
1647020
1647050
1647060
1647070
1647110
1647160
1647190
1647200
1647240
1647250
1647280
1647310
1647360
1647390
1647420
1647430
1647440
1647490
1647550
1647730
1647740
1647770
1647780
1647920
1647940
1647990
1648000
1648040
1648050
1648100
1648160
1648190
1648230
1648250
1648300
1648390
1648400
1648410
1648450
1648460
1648510
1648520
1648560
1648580
1648590
1648610
1648720
1648760
1648780
1648800
1648810
1648840
1648900
1649010
1649030
1649080
1649130
1649240
1649260
1649280
1649290
1649340
1649480
1649540
1649570
1649630
1649730
1649740
1649810
1649820
1649830
1649860
1649870
1649900
1649920
1649950
1649960
1649990
1650000
1650010
1650020
1650040
1650100
1650110
1650120
1650130
1650150
1650200
1650250
1650290
1650300
1650320
1650370
1650390
1650400
1650430
1650450
1650550
1650590
1650630
1650640
1650650
1650670
1650680
1650740
1650790
1650830
1650860
1650940
1651000
1651020
1651030
1651090
1651180
1651260
1651280
1651300
1651360
1651390
1651410
1651450
1651490
1651500
1651540
1651560
1651600
1651610
1651630
1651680
1651730
1651750
1651760
1651780
1651850
1651860
1651880
1651890
1651930
1651940
1651950
1651960
1651980
1652030
1652080
1652090
1652170
1652220
1652250
1652260
1652300
1652330
1652350
1652480
1652490
1652510
1652530
1652650
1652680
1652700
1652710
1652720
1652740
1652780
1652800
1652840
1652890
1652940
1652960
1652990
1653020
1653030
1653040
1653050
1653060
1653100
1653120
1653170
1653190
1653200
1653250
1653300
1653320
1653330
1653360
1653400
1653420
1653510
1653640
1653650
1653660
1653700
1653760
1653770
1653790
1653800
1653850
1653870
1653910
1653970
1654050
1654070
1654120
1654130
1654160
1654170
1654190
1654200
1654280
1654350
1654370
1654380
1654440
1654530
1654620
1654660
1654680
1654700
1654710
1654730
1654800
1654810
1654830
1654860
1654890
1654900
1654920
1654950
1654970
1655010
1655020
1655050
1655060
1655090
1655140
1655190
1655220
1655250
1655330
1655360
1655420
1655440
1655490
1655520
1655550
1655560
1655580
1655670
1655700
1655740
1655840
1655880
1655890
1655910
1655920
1655930
1655940
1655970
1655990
1656080
1656210
1656240
1656300
1656310
1656320
1656600
1656640
1656650
1656680
1656740
1656780
1656810
1656820
1656840
1656850
1656860
1656870
1656880
1656900
1656910
1656930
1657020
1657080
1657090
1657150
1657170
1657200
1657280
1657290
1657350
1657570
1657600
1657630
1657760
1657780
1657810
1657850
1657860
1657880
1657960
1658040
1658080
1658150
1658280
1658290
1658310
1658370
1658400
1658480
1658490
1658530
1658620
1658630
1658650
1658750
1658770
1658810
1658830
1658880
1658920
1658930
1658950
1659040
1659050
1659080
1659090
1659150
1659170
1659180
1659210
1659270
1659340
1659350
1659400
1659420
1659470
1659490
1659590
1659600
1659610
1659650
1659670
1659710
1659800
1659810
1659940
1659950
1660040
1660080
1660200
1660240
1660270
1660280
1660290
1660300
1660310
1660360
1660370
1660430
1660460
1660480
1660500
1660520
1660560
1660590
1660750
1660760
1660840
1660860
1660890
1660900
1660910
1660960
1661020
1661130
1661140
1661180
1661210
1661240
1661260
1661270
1661280
1661360
1661380
1661390
1661450
1661510
1661520
1661530
1661540
1661580
1661600
1661630
1661640
1661690
1661700
1661800
1661810
1661840
1661880
1661900
1661920
1661930
1661940
1661950
1661990
1662010
1662080
1662090
1662140
1662210
1662220
1662270
1662340
1662350
1662380
1662430
1662450
1662480
1662570
1662600
1662610
1662640
1662670
1662680
1662690
1662730
1662750
1662790
1662800
1662830
1662840
1662850
1662860
1662880
1662920
1662940
1662990
1663010
1663030
1663040
1663140
1663170
1663200
1663210
1663220
1663250
1663260
1663270
1663370
1663380
1663390
1663400
1663410
1663560
1663580
1663640
1663650
1663730
1663850
1663860
1663910
1663930
1663940
1663950
1663970
1664010
1664050
1664090
1664100
1664130
1664200
1664220
1664240
1664270
1664350
1664360
1664370
1664410
1664430
1664490
1664500
1664540
1664580
1664660
1664670
1664760
1664810
1664910
1664920
1664930
1664950
1664980
1664990
1665000
1665010
1665020
1665040
1665050
1665060
1665130
1665180
1665190
1665200
1665210
1665250
1665260
1665280
1665380
1665460
1665500
1665520
1665600
1665610
1665630
1665650
1665780
1665790
1665810
1665840
1665900
1665990
1666030
1666070
1666170
1666190
1666240
1666250
1666260
1666310
1666320
1666380
1666430
1666440
1666450
1666500
1666510
1666520
1666660
1666720
1666810
1666820
1666830
1666850
1666890
1666900
1666970
1667070
1667100
1667110
1667120
1667130
1667160
1667170
1667190
1667210
1667240
1667250
1667270
1667280
1667290
1667320
1667360
1667400
1667440
1667540
1667550
1667700
1667720
1667730
1667750
1667770
1667800
1667840
1667920
1668010
1668020
1668080
1668100
1668130
1668150
1668190
1668210
1668280
1668290
1668310
1668420
1668460
1668510
1668520
1668530
1668540
1668560
1668580
1668590
1668610
1668640
1668650
1668670
1668690
1668710
1668720
1668780
1668790
1668800
1668820
1668830
1668840
1668850
1668870
1668880
1668890
1668930
1668940
1668950
1668990
1669000
1669030
1669050
1669110
1669120
1669130
1669160
1669170
1669320
1669330
1669340
1669350
1669360
1669420
1669430
1669460
1669480
1669490
1669500
1669560
1669680
1669820
1669870
1669890
1669930
1669980
1670010
1670070
1670120
1670210
1670220
1670240
1670250
1670310
1670320
1670460
1670520
1670530
1670550
1670570
1670580
1670780
1670810
1670830
1670860
1670870
1670880
1670890
1670910
1670920
1671000
1671010
1671050
1671060
1671090
1671140
1671180
1671200
1671210
1671220
1671240
1671250
1671280
1671310
1671330
1671340
1671350
1671360
1671390
1671400
1671410
1671420
1671440
1671480
1671490
1671510
1671550
1671570
1671590
1671600
1671610
1671630
1671650
1671670
1671710
1671720
1671740
1671770
1672140
1672170
1672200
1672240
1672280
1672310
1672340
1672350
1672360
1672400
1672420
1672460
1672470
1672490
1672500
1672630
1672670
1672680
1672690
1672780
1672810
1672830
1672840
1672880
1672920
1672930
1672970
1673000
1673040
1673090
1673140
1673180
1673190
1673220
1673240
1673250
1673300
1673320
1673360
1673370
1673470
1673520
1673540
1673550
1673560
1673570
1673580
1673600
1673620
1673630
1673650
1673670
1673720
1673740
1673780
1673800
1673830
1673840
1673850
1673920
1673930
1673940
1673990
1674010
1674020
1674030
1674040
1674060
1674100
1674150
1674160
1674170
1674180
1674200
1674240
1674270
1674320
1674340
1674420
1674480
1674490
1674530
1674620
1674640
1674660
1674670
1674680
1674690
1674720
1674770
1674780
1674790
1674810
1674820
1674830
1674840
1674880
1674890
1674900
1674910
1674920
1674960
1674980
1675000
1675020
1675030
1675040
1675070
1675090
1675100
1675110
1675140
1675150
1675170
1675270
1675300
1675330
1675430
1675480
1675510
1675530
1675600
1675620
1675640
1675670
1675760
1675830
1675920
1675940
1676010
1676050
1676060
1676090
1676130
1676150
1676200
1676260
1676320
1676330
1676350
1676380
1676390
1676420
1676450
1676520
1676530
1676550
1676560
1676570
1676580
1676590
1676600
1676610
1676620
1676630
1676670
1676700
1676710
1676720
1676740
1676770
1676840
1676860
1676870
1676880
1676910
1676920
1676970
1677020
1677080
1677090
1677100
1677110
1677140
1677150
1677180
1677190
1677220
1677280
1677300
1677310
1677350
1677360
1677380
1677400
1677410
1677430
1677480
1677520
1677570
1677620
1677630
1677650
1677710
1677730
1677740
1677770
1677800
1677840
1677890
1677900
1677920
1677970
1677980
1678030
1678050
1678060
1678090
1678100
1678140
1678150
1678250
1678260
1678280
1678310
1678340
1678410
1678420
1678430
1678450
1678520
1678630
1678640
1678710
1678740
1678750
1678760
1678770
1678790
1678930
1678950
1678960
1678980
1679010
1679070
1679130
1679140
1679180
1679200
1679210
1679220
1679270
1679290
1679320
1679330
1679340
1679360
1679410
1679470
1679490
1679510
1679530
1679590
1679630
1679690
1679700
1679740
1679770
1679800
1679830
1679870
1679900
1679910
1679930
1679960
1679990
1680000
1680020
1680050
1680070
1680250
1680270
1680310
1680340
1680380
1680400
1680440
1680500
1680550
1680560
1680650
1680660
1680670
1680690
1680700
1680770
1680880
1680890
1680900
1680920
1680940
1680970
1680990
1681010
1681050
1681060
1681080
1681090
1681120
1681160
1681170
1681350
1681360
1681380
1681400
1681430
1681480
1681510
1681520
1681540
1681560
1681600
1681620
1681640
1681670
1681730
1681810
1681840
1681870
1681880
1681900
1681920
1681970
1681990
1682010
1682030
1682050
1682060
1682070
1682120
1682200
1682210
1682260
1682290
1682300
1682320
1682330
1682340
1682410
1682420
1682450
1682490
1682510
1682520
1682530
1682550
1682580
1682600
1682610
1682620
1682790
1682820
1682840
1682870
1682920
1682950
1682970
1682980
1682990
1683000
1683010
1683020
1683050
1683070
1683100
1683140
1683150
1683200
1683240
1683260
1683270
1683300
1683310
1683320
1683340
1683370
1683380
1683400
1683410
1683420
1683430
1683510
1683560
1683580
1683590
1683620
1683670
1683690
1683700
1683710
1683720
1683730
1683750
1683800
1683820
1683860
1683870
1683890
1683900
1683910
1683950
1683960
1684010
1684080
1684100
1684150
1684160
1684170
1684210
1684220
1684230
1684240
1684330
1684350
1684400
1684410
1684440
1684480
1684510
1684530
1684610
1684660
1684670
1684710
1684720
1684750
1684760
1684780
1684820
1684830
1684840
1684860
1684870
1684880
1684890
1684930
1684990
1685010
1685260
1685290
1685460
1685500
1685510
1685520
1685550
1685610
1685660
1685720
1685730
1685750
1685790
1685840
1685850
1685870
1685880
1685910
1685920
1685950
1686010
1686030
1686050
1686060
1686130
1686150
1686290
1686340
1686350
1686370
1686390
1686430
1686440
1686470
1686520
1686530
1686600
1686620
1686640
1686680
1686690
1686710
1686790
1686810
1686820
1686840
1686850
1686870
1686880
1686940
1686960
1686970
1687000
1687020
1687040
1687050
1687060
1687080
1687090
1687100
1687190
1687200
1687250
1687350
1687430
1687460
1687480
1687530
1687550
1687590
1687670
1687700
1687730
1687780
1687840
1687940
1687950
1687960
1687980
1687990
1688000
1688080
1688100
1688200
1688240
1688250
1688270
1688290
1688310
1688320
1688340
1688390
1688400
1688440
1688460
1688470
1688530
1688540
1688580
1688690
1688750
1688780
1688800
1688850
1688980
1688990
1689000
1689010
1689020
1689030
1689060
1689070
1689080
1689090
1689150
1689180
1689190
1689200
1689220
1689250
1689270
1689280
1689310
1689350
1689390
1689410
1689420
1689480
1689500
1689510
1689520
1689530
1689550
1689620
1689640
1689680
1689730
1689750
1689870
1689880
1689910
1689930
1689980
1690030
1690060
1690150
1690180
1690190
1690200
1690210
1690240
1690250
1690270
1690330
1690340
1690360
1690380
1690390
1690440
1690470
1690500
1690510
1690530
1690640
1690650
1690660
1690670
1690690
1690710
1690730
1690740
1690820
1690860
1690990
1691010
1691110
1691130
1691140
1691170
1691190
1691230
1691270
1691280
1691290
1691300
1691320
1691370
1691380
1691390
1691400
1691420
1691480
1691490
1691510
1691560
1691600
1691620
1691700
1691750
1691780
1691790
1691800
1691830
1691860
1691890
1691910
1691930
1691940
1691970
1692000
1692010
1692060
1692080
1692120
1692150
1692170
1692210
1692220
1692240
1692270
1692280
1692290
1692340
1692390
1692430
1692480
1692490
1692510
1692520
1692570
1692590
1692620
1692630
1692700
1692890
1692900
1693000
1693010
1693040
1693050
1693070
1693100
1693140
1693150
1693180
1693190
1693200
1693210
1693230
1693250
1693260
1693280
1693310
1693340
1693360
1693380
1693390
1693420
1693430
1693460
1693480
1693530
1693540
1693580
1693610
1693620
1693650
1693660
1693680
1693750
1693760
1693850
1693900
1693930
1693950
1693960
1693980
1693990
1694020
1694070
1694100
1694110
1694120
1694160
1694200
1694230
1694260
1694270
1694290
1694300
1694310
1694360
1694380
1694420
1694430
1694450
1694500
1694510
1694520
1694530
1694550
1694560
1694600
1694610
1694620
1694640
1694670
1694720
1694750
1694800
1694810
1694860
1694880
1694960
1694970
1695000
1695040
1695080
1695150
1695230
1695260
1695300
1695310
1695400
1695480
1695500
1695510
1695600
1695620
1695670
1695680
1695730
1695790
1695830
1695840
1695870
1695970
1696020
1696030
1696040
1696080
1696090
1696120
1696130
1696200
1696220
1696230
1696240
1696290
1696300
1696310
1696380
1696440
1696530
1696610
1696670
1696720
1696740
1696810
1696820
1696880
1696900
1696930
1696960
1697040
1697050
1697060
1697080
1697160
1697170
1697190
1697210
1697220
1697230
1697250
1697260
1697310
1697420
1697460
1697470
1697480
1697560
1697580
1697600
1697620
1697630
1697680
1697700
1697710
1697720
1697780
1697790
1697810
1697870
1697880
1697940
1697960
1698000
1698020
1698030
1698040
1698050
1698080
1698110
1698120
1698220
1698250
1698290
1698340
1698380
1698400
1698430
1698440
1698470
1698480
1698520
1698550
1698570
1698630
1698640
1698670
1698690
1698790
1698810
1698850
1698870
1698910
1698920
1698930
1698960
1699030
1699100
1699120
1699130
1699170
1699200
1699260
1699280
1699290
1699320
1699340
1699360
1699380
1699390
1699450
1699460
1699480
1699660
1699690
1699740
1699770
1699780
1699790
1699820
1699830
1699860
1699870
1699880
1699890
1699960
1699970
1700010
1700040
1700110
1700130
1700140
1700220
1700240
1700250
1700270
1700300
1700310
1700360
1700380
1700420
1700550
1700600
1700630
1700680
1700690
1700780
1700800
1700840
1700860
1700870
1700890
1700900
1700940
1700960
1701040
1701060
1701090
1701130
1701140
1701190
1701200
1701300
1701320
1701330
1701370
1701380
1701400
1701460
1701470
1701520
1701560
1701600
1701650
1701660
1701670
1701690
1701740
1701760
1701800
1701830
1701850
1701890
1701930
1701950
1702010
1702140
1702180
1702190
1702220
1702260
1702330
1702350
1702370
1702380
1702390
1702430
1702540
1702550
1702590
1702670
1702740
1702760
1702780
1702810
1702830
1702880
1702900
1702970
1702980
1702990
1703010
1703020
1703030
1703040
1703060
1703070
1703090
1703100
1703140
1703150
1703180
1703210
1703220
1703230
1703340
1703460
1703470
1703480
1703500
1703600
1703610
1703620
1703640
1703650
1703740
1703930
1703950
1704060
1704070
1704080
1704100
1704110
1704130
1704180
1704250
1704260
1704450
1704460
1704490
1704530
1704540
1704550
1704620
1704630
1704640
1704760
1704780
1704820
1704830
1704920
1704980
1705020
1705030
1705140
1705150
1705180
1705220
1705350
1705390
1705400
1705410
1705470
1705480
1705500
1705520
1705540
1705560
1705580
1705590
1705610
1705730
1705760
1705860
1705870
1705910
1705920
1705930
1705990
1706060
1706090
1706120
1706130
1706150
1706170
1706190
1706210
1706220
1706240
1706260
1706310
1706340
1706360
1706390
1706450
1706470
1706480
1706540
1706570
1706640
1706650
1706670
1706690
1706710
1706720
1706770
1706800
1706810
1706820
1706850
1706870
1706920
1706930
1706940
1706970
1707030
1707040
1707050
1707090
1707110
1707120
1707280
1707310
1707320
1707400
1707450
1707470
1707530
1707540
1707550
1707560
1707570
1707610
1707620
1707630
1707650
1707690
1707710
1707770
1707780
1707790
1707840
1707870
1707880
1707890
1707990
1708010
1708030
1708110
1708150
1708180
1708190
1708250
1708290
1708320
1708340
1708390
1708460
1708470
1708570
1708610
1708620
1708660
1708690
1708710
1708730
1708770
1708800
1708810
1708820
1708850
1708870
1709000
1709010
1709040
1709050
1709060
1709070
1709080
1709090
1709140
1709150
1709170
1709180
1709200
1709210
1709240
1709260
1709290
1709320
1709350
1709450
1709550
1709570
1709580
1709590
1709630
1709660
1709700
1709730
1709780
1709820
1709870
1709880
1709900
1709920
1709950
1710040
1710060
1710070
1710080
1710100
1710120
1710140
1710170
1710200
1710220
1710250
1710290
1710310
1710340
1710390
1710400
1710490
1710500
1710520
1710530
1710540
1710550
1710570
1710580
1710590
1710600
1710620
1710650
1710660
1710670
1710690
1710710
1710720
1710740
1710750
1710820
1710830
1710840
1710870
1710880
1710890
1710920
1710930
1710990
1711070
1711080
1711120
1711160
1711190
1711230
1711300
1711390
1711400
1711460
1711480
1711490
1711520
1711530
1711540
1711600
1711610
1711620
1711680
1711690
1711700
1711740
1711770
1711820
1711840
1711930
1711950
1711980
1712020
1712050
1712100
1712120
1712150
1712170
1712310
1712350
1712360
1712390
1712420
1712490
1712530
1712570
1712590
1712670
1712680
1712690
1712700
1712720
1712730
1712780
1712810
1712820
1712830
1712840
1712880
1712890
1712950
1713050
1713060
1713070
1713100
1713140
1713160
1713170
1713190
1713200
1713290
1713310
1713330
1713350
1713400
1713470
1713530
1713550
1713610
1713620
1713640
1713660
1713680
1713710
1713720
1713740
1713750
1713770
1713810
1713870
1713880
1713910
1713990
1714010
1714020
1714040
1714050
1714080
1714090
1714100
1714160
1714180
1714190
1714240
1714250
1714270
1714280
1714300
1714310
1714320
1714330
1714350
1714360
1714420
1714430
1714440
1714460
1714530
1714550
1714580
1714590
1714640
1714650
1714660
1714680
1714730
1714760
1714860
1714900
1714910
1714920
1714960
1714970
1715000
1715030
1715130
1715160
1715220
1715250
1715280
1715290
1715330
1715350
1715380
1715390
1715410
1715420
1715440
1715450
1715460
1715470
1715480
1715490
1715500
1715530
1715550
1715580
1715590
1715600
1715610
1715690
1715720
1715730
1715750
1715780
1715830
1715840
1715850
1715900
1715910
1715950
1715970
1715980
1716050
1716070
1716090
1716120
1716140
1716160
1716170
1716180
1716190
1716200
1716210
1716220
1716230
1716240
1716250
1716260
1716270
1716310
1716340
1716360
1716390
1716400
1716440
1716480
1716600
1716660
1716720
1716740
1716770
1716790
1716810
1716820
1716860
1716910
1716940
1716950
1717020
1717050
1717080
1717090
1717130
1717160
1717170
1717190
1717250
1717260
1717270
1717290
1717370
1717400
1717410
1717420
1717510
1717570
1717580
1717610
1717640
1717650
1717770
1717800
1717810
1717880
1717920
1717940
1717970
1718020
1718040
1718070
1718160
1718240
1718290
1718300
1718340
1718360
1718400
1718430
1718460
1718560
1718570
1718650
1718660
1718700
1718740
1718750
1718860
1718870
1718900
1718910
1718960
1718970
1719000
1719040
1719100
1719130
1719180
1719210
1719220
1719240
1719250
1719310
1719350
1719390
1719440
1719460
1719470
1719480
1719520
1719540
1719630
1719660
1719670
1719680
1719690
1719730
1719770
1719790
1719800
1719810
1719880
1719890
1719910
1719920
1719960
1719990
1720050
1720090
1720140
1720160
1720180
1720200
1720220
1720240
1720370
1720470
1720540
1720560
1720580
1720600
1720650
1720750
1720770
1720790
1720800
1720850
1720860
1720960
1721010
1721020
1721060
1721090
1721110
1721130
1721170
1721210
1721240
1721250
1721270
1721300
1721350
1721410
1721440
1721460
1721470
1721520
1721530
1721570
1721620
1721630
1721680
1721720
1721800
1721870
1721890
1721910
1721930
1721960
1721980
1722010
1722020
1722040
1722100
1722110
1722140
1722300
1722310
1722390
1722420
1722440
1722520
1722570
1722590
1722620
1722660
1722700
1722750
1722760
1722770
1722780
1722830
1722840
1722860
1722870
1722890
1723040
1723060
1723170
1723260
1723320
1723390
1723400
1723420
1723430
1723440
1723490
1723530
1723570
1723640
1723660
1723700
1723720
1723740
1723760
1723770
1723780
1723790
1723920
1723930
1723960
1724000
1724010
1724030
1724040
1724050
1724060
1724070
1724100
1724120
1724140
1724160
1724180
1724190
1724230
1724280
1724290
1724300
1724320
1724390
1724410
1724420
1724440
1724470
1724490
1724510
1724530
1724540
1724570
1724580
1724670
1724700
1724740
1724750
1724770
1724810
1724860
1724910
1724920
1724940
1724980
1725140
1725190
1725270
1725330
1725340
1725350
1725360
1725430
1725440
1725480
1725500
1725570
1725620
1725640
1725660
1725680
1725720
1725730
1725840
1725850
1725860
1725880
1725910
1725950
1725990
1726020
1726050
1726120
1726130
1726160
1726190
1726230
1726280
1726290
1726330
1726360
1726390
1726400
1726410
1726520
1726530
1726570
1726590
1726720
1726730
1726750
1726760
1726790
1726850
1726860
1726870
1727000
1727020
1727040
1727090
1727100
1727180
1727210
1727220
1727250
1727270
1727300
1727310
1727320
1727400
1727420
1727430
1727440
1727450
1727490
1727520
1727550
1727600
1727620
1727650
1727660
1727670
1727750
1727790
1727810
1727860
1727880
1727910
1727930
1727990
1728130
1728160
1728170
1728180
1728230
1728240
1728290
1728300
1728310
1728320
1728390
1728410
1728430
1728460
1728490
1728520
1728550
1728560
1728590
1728610
1728640
1728660
1728740
1728830
1728880
1728960
1728980
1729050
1729070
1729080
1729090
1729120
1729140
1729150
1729160
1729180
1729210
1729250
1729260
1729290
1729300
1729340
1729370
1729410
1729420
1729570
1729580
1729590
1729600
1729640
1729660
1729680
1729710
1729730
1729740
1729770
1729790
1729820
1729830
1729840
1729890
1729900
1729940
1729950
1729970
1730020
1730050
1730080
1730090
1730100
1730110
1730140
1730150
1730160
1730190
1730240
1730250
1730260
1730290
1730310
1730360
1730380
1730390
1730450
1730470
1730540
1730550
1730590
1730630
1730650
1730670
1730680
1730700
1730750
1730760
1730800
1730840
1730850
1730910
1730920
1730930
1730980
1731000
1731040
1731070
1731080
1731100
1731120
1731200
1731240
1731260
1731270
1731330
1731360
1731390
1731450
1731460
1731470
1731520
1731630
1731690
1731700
1731720
1731730
1731820
1731850
1731860
1731870
1731880
1731940
1731960
1732050
1732060
1732070
1732090
1732130
1732140
1732180
1732190
1732210
1732220
1732240
1732260
1732330
1732340
1732390
1732420
1732430
1732480
1732650
1732660
1732720
1732730
1732740
1732750
1732760
1732800
1732920
1733030
1733060
1733080
1733110
1733140
1733170
1733230
1733240
1733250
1733280
1733300
1733310
1733400
1733460
1733470
1733480
1733500
1733610
1733620
1733660
1733670
1733830
1733840
1733860
1733870
1733880
1733890
1734070
1734110
1734250
1734270
1734280
1734320
1734330
1734390
1734400
1734470
1734500
1734610
1734680
1734700
1734730
1734790
1734810
1734820
1734870
1734890
1734960
1734980
1735010
1735060
1735090
1735160
1735230
1735300
1735400
1735420
1735610
1735640
1735670
1735680
1735700
1735710
1735720
1735790
1735930
1735950
1735980
1736000
1736090
1736100
1736140
1736250
1736260
1736270
1736290
1736300
1736310
1736360
1736400
1736450
1736490
1736510
1736550
1736590
1736630
1736670
1736710
1736730
1736740
1736840
1736900
1736980
1737010
1737050
1737070
1737100
1737110
1737130
1737150
1737170
1737200
1737220
1737240
1737280
1737340
1737380
1737400
1737440
1737450
1737480
1737600
1737630
1737640
1737690
1737730
1737760
1737840
1737870
1737920
1737930
1737980
1738100
1738250
1738420
1738490
1738500
1738520
1738540
1738550
1738570
1738610
1738620
1738630
1738670
1738710
1738740
1738850
1738880
1738890
1738990
1739000
1739060
1739070
1739100
1739130
1739150
1739160
1739300
1739340
1739360
1739400
1739420
1739480
1739500
1739530
1739560
1739650
1739680
1739770
1739800
1739850
1739880
1739890
1739900
1739910
1739930
1740010
1740050
1740070
1740080
1740100
1740120
1740130
1740140
1740150
1740170
1740230
1740240
1740250
1740270
1740300
1740310
1740320
1740420
1740470
1740490
1740520
1740540
1740550
1740570
1740600
1740610
1740630
1740660
1740680
1740710
1740720
1740730
1740760
1740850
1740890
1740930
1740950
1740980
1740990
1741020
1741030
1741040
1741080
1741120
1741130
1741140
1741150
1741160
1741180
1741190
1741220
1741230
1741260
1741300
1741350
1741370
1741380
1741420
1741490
1741510
1741520
1741530
1741540
1741620
1741640
1741670
1741760
1742020
1742080
1742120
1742150
1742170
1742220
1742290
1742330
1742340
1742350
1742360
1742450
1742470
1742500
1742510
1742530
1742590
1742600
1742610
1742620
1742690
1742730
1742750
1742800
1742820
1742850
1742880
1742900
1742910
1742930
1742940
1742970
1743010
1743050
1743080
1743120
1743140
1743180
1743230
1743260
1743290
1743350
1743370
1743380
1743410
1743580
1743610
1743650
1743660
1743710
1743720
1743810
1743820
1743830
1743840
1743850
1743880
1743940
1744020
1744060
1744070
1744120
1744140
1744200
1744260
1744270
1744310
1744330
1744370
1744380
1744400
1744420
1744430
1744450
1744460
1744510
1744540
1744550
1744570
1744580
1744610
1744620
1744630
1744640
1744670
1744750
1744790
1744910
1744970
1744980
1745000
1745030
1745040
1745050
1745140
1745170
1745200
1745220
1745260
1745280
1745310
1745340
1745360
1745370
1745380
1745410
1745430
1745480
1745510
1745520
1745530
1745550
1745560
1745620
1745640
1745650
1745680
1745690
1745700
1745710
1745740
1745750
1745790
1745800
1745840
1745880
1745960
1745980
1746030
1746080
1746120
1746130
1746150
1746210
1746220
1746230
1746280
1746340
1746370
1746400
1746420
1746500
1746560
1746620
1746630
1746640
1746650
1746690
1746730
1746760
1746770
1746780
1746830
1746870
1746890
1746900
1746930
1746970
1747030
1747050
1747080
1747110
1747160
1747190
1747210
1747220
1747300
1747310
1747330
1747340
1747370
1747430
1747440
1747450
1747500
1747510
1747520
1747560
1747580
1747590
1747650
1747670
1747680
1747690
1747760
1747780
1747790
1747810
1747830
1747850
1747890
1747900
1747940
1747980
1748050
1748070
1748090
1748160
1748170
1748210
1748230
1748290
1748300
1748310
1748330
1748370
1748390
1748400
1748600
1748610
1748620
1748640
1748660
1748740
1748750
1748810
1748890
1748900
1748910
1748920
1748930
1748970
1748980
1748990
1749010
1749020
1749030
1749080
1749120
1749170
1749200
1749210
1749260
1749290
1749300
1749310
1749350
1749360
1749410
1749420
1749430
1749460
1749480
1749630
1749680
1749710
1749720
1749750
1749800
1749840
1749860
1749980
1750000
1750030
1750060
1750070
1750110
1750170
1750200
1750240
1750260
1750280
1750290
1750320
1750330
1750350
1750410
1750470
1750490
1750570
1750600
1750640
1750690
1750710
1750740
1750770
1750810
1750900
1750980
1750990
1751070
1751100
1751110
1751160
1751190
1751270
1751310
1751320
1751350
1751370
1751400
1751430
1751470
1751480
1751560
1751590
1751610
1751630
1751700
1751710
1751780
1751800
1751850
1751890
1751920
1751980
1751990
1752060
1752090
1752130
1752150
1752190
1752250
1752300
1752310
1752320
1752400
1752410
1752430
1752450
1752460
1752500
1752540
1752550
1752610
1752630
1752660
1752690
1752730
1752740
1752760
1752780
1752810
1752830
1752840
1752850
1752890
1752920
1753010
1753050
1753090
1753100
1753170
1753220
1753250
1753400
1753410
1753440
1753490
1753520
1753530
1753550
1753670
1753690
1753730
1753760
1753790
1753800
1753810
1753890
1753900
1754150
1754160
1754170
1754200
1754230
1754310
1754350
1754380
1754390
1754440
1754480
1754490
1754510
1754520
1754690
1754700
1754720
1754740
1754750
1754760
1754770
1754790
1754840
1754860
1754870
1754910
1754940
1754960
1755000
1755030
1755060
1755100
1755110
1755130
1755160
1755170
1755180
1755240
1755250
1755280
1755290
1755300
1755350
1755420
1755510
1755530
1755550
1755570
1755580
1755600
1755620
1755630
1755650
1755670
1755680
1755740
1755790
1755800
1755810
1755830
1755870
1755880
1755890
1755910
1755920
1755950
1755980
1755990
1756020
1756050
1756060
1756080
1756090
1756120
1756130
1756150
1756160
1756180
1756190
1756320
1756330
1756340
1756400
1756450
1756480
1756490
1756560
1756600
1756610
1756680
1756710
1756750
1756770
1756800
1756810
1756840
1756900
1756920
1756930
1756960
1756970
1756990
1757080
1757090
1757240
1757260
1757300
1757360
1757400
1757430
1757440
1757470
1757490
1757560
1757570
1757580
1757640
1757680
1757690
1757750
1757760
1757780
1757820
1757890
1757960
1757970
1758030
1758050
1758070
1758120
1758200
1758220
1758320
1758350
1758360
1758390
1758410
1758440
1758450
1758470
1758500
1758520
1758530
1758540
1758570
1758600
1758640
1758750
1758810
1758870
1758910
1758920
1758930
1758940
1758950
1758990
1759000
1759130
1759190
1759260
1759350
1759370
1759380
1759400
1759430
1759440
1759460
1759480
1759650
1759700
1759780
1759840
1759870
1759920
1759930
1759980
1760000
1760090
1760140
1760160
1760240
1760290
1760320
1760330
1760340
1760420
1760510
1760590
1760630
1760670
1760690
1760700
1760710
1760780
1760940
1760950
1760990
1761010
1761040
1761130
1761220
1761250
1761260
1761290
1761320
1761380
1761390
1761420
1761440
1761450
1761530
1761550
1761560
1761590
1761620
1761630
1761660
1761680
1761710
1761740
1761750
1761770
1761780
1761790
1761820
1761860
1761870
1761890
1761900
1761980
1762010
1762120
1762130
1762140
1762270
1762370
1762390
1762400
1762410
1762450
1762480
1762490
1762510
1762520
1762550
1762560
1762570
1762640
1762690
1762710
1762720
1762830
1762840
1762920
1762930
1763030
1763050
1763060
1763100
1763110
1763120
1763150
1763170
1763180
1763190
1763210
1763230
1763250
1763290
1763330
1763350
1763460
1763510
1763520
1763550
1763590
1763600
1763610
1763620
1763740
1763830
1763900
1763990
1764000
1764010
1764140
1764150
1764240
1764270
1764300
1764380
1764390
1764400
1764530
1764550
1764630
1764650
1764700
1764710
1764730
1764740
1764790
1764810
1764890
1764910
1764950
1764960
1764970
1765040
1765060
1765090
1765130
1765150
1765160
1765180
1765240
1765260
1765280
1765300
1765310
1765320
1765350
1765470
1765480
1765510
1765520
1765540
1765560
1765690
1765700
1765720
1765780
1765800
1765820
1765850
1765960
1765980
1766000
1766010
1766020
1766060
1766100
1766150
1766160
1766180
1766200
1766230
1766270
1766280
1766300
1766310
1766320
1766350
1766380
1766390
1766400
1766420
1766440
1766540
1766550
1766580
1766720
1766740
1766750
1766790
1766810
1766830
1767060
1767070
1767090
1767100
1767150
1767160
1767170
1767180
1767190
1767220
1767250
1767270
1767310
1767320
1767420
1767450
1767480
1767550
1767560
1767570
1767580
1767590
1767610
1767680
1767690
1767710
1767730
1767740
1767760
1767780
1767840
1767860
1767890
1767910
1767930
1767940
1767950
1767990
1768000
1768090
1768100
1768200
1768260
1768270
1768280
1768300
1768340
1768350
1768400
1768470
1768480
1768530
1768540
1768550
1768590
1768610
1768640
1768650
1768660
1768730
1768770
1768780
1768830
1768840
1768880
1768920
1768980
1769010
1769100
1769130
1769150
1769160
1769170
1769220
1769270
1769280
1769320
1769360
1769380
1769390
1769420
1769510
1769540
1769570
1769630
1769640
1769710
1769720
1769750
1769760
1769770
1769830
1769980
1770020
1770040
1770050
1770140
1770160
1770180
1770190
1770210
1770230
1770350
1770360
1770380
1770390
1770400
1770430
1770440
1770450
1770460
1770480
1770490
1770500
1770540
1770550
1770570
1770580
1770600
1770630
1770660
1770760
1770810
1770820
1770830
1770840
1770850
1770860
1770870
1771070
1771110
1771130
1771180
1771210
1771260
1771300
1771310
1771340
1771360
1771380
1771400
1771430
1771440
1771520
1771550
1771600
1771620
1771670
1771680
1771700
1771730
1771780
1771830
1771880
1771920
1771930
1771960
1771980
1771990
1772050
1772060
1772070
1772130
1772180
1772270
1772310
1772330
1772340
1772350
1772370
1772410
1772490
1772530
1772620
1772650
1772710
1772720
1772730
1772750
1772810
1772820
1772830
1772840
1772910
1772950
1773090
1773110
1773180
1773200
1773320
1773330
1773360
1773390
1773410
1773490
1773540
1773560
1773570
1773700
1773800
1773830
1773880
1773890
1773940
1773960
1774080
1774100
1774130
1774160
1774220
1774380
1774390
1774450
1774490
1774560
1774580
1774630
1774670
1774700
1774770
1774810
1774890
1774910
1774970
1775000
1775080
1775100
1775110
1775150
1775160
1775170
1775300
1775320
1775360
1775410
1775430
1775470
1775490
1775500
1775510
1775520
1775530
1775550
1775640
1775680
1775730
1775740
1775750
1775770
1775840
1775860
1775960
1775980
1775990
1776000
1776020
1776120
1776160
1776170
1776250
1776260
1776290
1776350
1776380
1776400
1776500
1776540
1776560
1776590
1776600
1776640
1776650
1776670
1776700
1776730
1776780
1776840
1776860
1776900
1776920
1776930
1776940
1776950
1776970
1777000
1777090
1777110
1777130
1777150
1777160
1777210
1777280
1777350
1777380
1777390
1777410
1777420
1777430
1777440
1777510
1777520
1777560
1777620
1777650
1777730
1777750
1777790
1777800
1777820
1777830
1777840
1777910
1777940
1777950
1777960
1777990
1778030
1778060
1778090
1778190
1778200
1778210
1778270
1778280
1778290
1778310
1778330
1778390
1778430
1778470
1778490
1778500
1778520
1778560
1778590
1778630
1778720
1778760
1778770
1778810
1778820
1778830
1778840
1778850
1778910
1778950
1779030
1779040
1779070
1779080
1779130
1779180
1779190
1779200
1779240
1779270
1779460
1779500
1779530
1779550
1779560
1779580
1779590
1779630
1779650
1779670
1779680
1779690
1779710
1779720
1779730
1779760
1779770
1779790
1779810
1779830
1779840
1779940
1779950
1779960
1779990
1780010
1780060
1780070
1780150
1780250
1780260
1780270
1780280
1780300
1780340
1780370
1780380
1780410
1780420
1780450
1780470
1780480
1780490
1780520
1780530
1780690
1780720
1780730
1780780
1780790
1780800
1780810
1780820
1780830
1780850
1780880
1780900
1780940
1780960
1780970
1780990
1781000
1781010
1781030
1781040
1781050
1781070
1781100
1781120
1781140
1781160
1781170
1781230
1781260
1781270
1781330
1781350
1781380
1781500
1781580
1781590
1781640
1781710
1781720
1781750
1781760
1781780
1781840
1781880
1781890
1781920
1781960
1781980
1782050
1782070
1782080
1782120
1782130
1782150
1782160
1782210
1782220
1782230
1782260
1782270
1782320
1782330
1782380
1782390
1782420
1782460
1782520
1782530
1782570
1782600
1782620
1782640
1782670
1782710
1782740
1782760
1782790
1782810
1782860
1782880
1782940
1782960
1782970
1783050
1783060
1783090
1783110
1783150
1783180
1783190
1783280
1783350
1783360
1783470
1783490
1783500
1783510
1783560
1783620
1783640
1783650
1783680
1783690
1783700
1783740
1783750
1783780
1783800
1783810
1783900
1783910
1783960
1784020
1784100
1784130
1784180
1784220
1784390
1784400
1784410
1784470
1784500
1784520
1784530
1784550
1784570
1784600
1784630
1784650
1784720
1784730
1784780
1784890
1784940
1784950
1784980
1784990
1785000
1785020
1785080
1785110
1785120
1785150
1785200
1785220
1785270
1785280
1785300
1785320
1785370
1785420
1785430
1785440
1785450
1785460
1785510
1785560
1785650
1785680
1785700
1785750
1785800
1785820
1785840
1785910
1785930
1785940
1785980
1786010
1786020
1786100
1786110
1786200
1786230
1786250
1786260
1786270
1786280
1786290
1786300
1786330
1786350
1786480
1786570
1786580
1786590
1786640
1786660
1786670
1786680
1786690
1786710
1786730
1786750
1786760
1786770
1786780
1786790
1786800
1786810
1786820
1786830
1786930
1786950
1786960
1787010
1787030
1787040
1787050
1787080
1787090
1787100
1787110
1787120
1787150
1787160
1787170
1787180
1787190
1787250
1787270
1787320
1787390
1787400
1787420
1787450
1787470
1787480
1787500
1787520
1787600
1787630
1787640
1787650
1787660
1787670
1787730
1787760
1787770
1787790
1787800
1787810
1787840
1787860
1787870
1787900
1787920
1787960
1787980
1787990
1788000
1788040
1788100
1788120
1788170
1788210
1788220
1788270
1788370
1788380
1788390
1788410
1788430
1788490
1788500
1788520
1788530
1788560
1788580
1788610
1788700
1788710
1788730
1788780
1788790
1788800
1788840
1788850
1788860
1788880
1788890
1788900
1788910
1788920
1788930
1788940
1788950
1788960
1788970
1788980
1789030
1789050
1789060
1789090
1789100
1789130
1789160
1789180
1789190
1789200
1789240
1789270
1789340
1789380
1789470
1789480
1789490
1789560
1789620
1789650
1789660
1789670
1789680
1790230
1790250
1790340
1790360
1790370
1790380
1790420
1790470
1790490
1790560
1790580
1790600
1790630
1790700
1790710
1790740
1790760
1790770
1790800
1790860
1790870
1790890
1790930
1790960
1790990
1791030
1791080
1791090
1791120
1791240
1791250
1791300
1791310
1791330
1791400
1791410
1791430
1791460
1791470
1791510
1791580
1791590
1791610
1791650
1791660
1791670
1791680
1791700
1791720
1791790
1791820
1791870
1791880
1791910
1791990
1792010
1792070
1792180
1792230
1792250
1792270
1792280
1792290
1792380
1792500
1792520
1792600
1792610
1792650
1792660
1792700
1792810
1792820
1792860
1792890
1792980
1792990
1793020
1793030
1793040
1793060
1793090
1793110
1793120
1793150
1793170
1793200
1793210
1793220
1793240
1793250
1793260
1793330
1793340
1793350
1793360
1793370
1793380
1793400
1793420
1793440
1793470
1793560
1793740
1793780
1793800
1793840
1793870
1793900
1793910
1793960
1793970
1794020
1794160
1794170
1794190
1794250
1794300
1794320
1794330
1794370
1794380
1794390
1794420
1794440
1794470
1794490
1794520
1794530
1794580
1794620
1794680
1794710
1794730
1794740
1794760
1794780
1794830
1794840
1794860
1794880
1794910
1794920
1794930
1794950
1794960
1794970
1795010
1795050
1795070
1795080
1795110
1795170
1795180
1795190
1795310
1795340
1795370
1795380
1795390
1795410
1795430
1795440
1795470
1795500
1795510
1795540
1795550
1795560
1795570
1795640
1795650
1795750
1795770
1795780
1795830
1795880
1795970
1795980
1796060
1796080
1796100
1796130
1796150
1796170
1796180
1796200
1796210
1796220
1796270
1796350
1796360
1796400
1796410
1796420
1796440
1796470
1796500
1796550
1796570
1796580
1796590
1796610
1796630
1796640
1796720
1796750
1796790
1796840
1796870
1796900
1796910
1796920
1796930
1796950
1796980
1797040
1797060
1797140
1797210
1797250
1797300
1797310
1797410
1797450
1797480
1797490
1797500
1797510
1797580
1797590
1797610
1797630
1797680
1797710
1797730
1797790
1797840
1797880
1797930
1797940
1798010
1798020
1798120
1798130
1798160
1798170
1798210
1798220
1798300
1798320
1798410
1798470
1798480
1798520
1798540
1798560
1798570
1798600
1798640
1798690
1798720
1798740
1798770
1798780
1798800
1798810
1798820
1798870
1798910
1798950
1798970
1799000
1799020
1799060
1799110
1799160
1799180
1799190
1799220
1799250
1799260
1799280
1799290
1799330
1799370
1799380
1799390
1799480
1799520
1799530
1799560
1799570
1799580
1799590
1799650
1799660
1799670
1799720
1799730
1799820
1799850
1799890
1799930
1799950
1800000
1800010
1800030
1800070
1800150
1800290
1800300
1800340
1800360
1800370
1800390
1800430
1800480
1800510
1800520
1800570
1800600
1800650
1800730
1800780
1800790
1800860
1800890
1800910
1800920
1800940
1800950
1800970
1800980
1801010
1801030
1801060
1801090
1801110
1801190
1801220
1801230
1801280
1801400
1801460
1801490
1801520
1801620
1801630
1801640
1801650
1801850
1801860
1801920
1801960
1802080
1802110
1802120
1802190
1802210
1802260
1802330
1802340
1802420
1802430
1802460
1802560
1802570
1802590
1802620
1802630
1802700
1802720
1802820
1802830
1802850
1802860
1802870
1802880
1802920
1802930
1802950
1802970
1802980
1803060
1803150
1803170
1803190
1803220
1803290
1803380
1803390
1803400
1803410
1803420
1803450
1803490
1803510
1803530
1803550
1803560
1803570
1803580
1803600
1803610
1803630
1803640
1803690
1803720
1803760
1803780
1803810
1803840
1803870
1803920
1803940
1803960
1804000
1804010
1804020
1804070
1804130
1804140
1804170
1804180
1804270
1804290
1804320
1804340
1804390
1804440
1804450
1804460
1804470
1804500
1804510
1804570
1804580
1804590
1804600
1804610
1804650
1804700
1804710
1804740
1804760
1804820
1804870
1804890
1804900
1804970
1804980
1804990
1805000
1805040
1805070
1805080
1805100
1805110
1805130
1805140
1805150
1805190
1805200
1805210
1805220
1805240
1805250
1805260
1805270
1805290
1805310
1805320
1805340
1805390
1805480
1805490
1805500
1805510
1805530
1805560
1805570
1805600
1805610
1805650
1805670
1805700
1805720
1805810
1805930
1805960
1805970
1805980
1806000
1806030
1806040
1806060
1806070
1806110
1806120
1806130
1806180
1806280
1806330
1806400
1806420
1806440
1806550
1806570
1806580
1806610
1806630
1806640
1806670
1806690
1806700
1806830
1806840
1806860
1806940
1807000
1807080
1807090
1807140
1807150
1807200
1807220
1807240
1807250
1807300
1807310
1807320
1807360
1807370
1807380
1807410
1807450
1807460
1807480
1807500
1807540
1807560
1807570
1807590
1807600
1807610
1807640
1807660
1807690
1807730
1807750
1807810
1807920
1807930
1807940
1807960
1807980
1808040
1808060
1808080
1808110
1808130
1808140
1808210
1808230
1808240
1808250
1808260
1808320
1808330
1808350
1808360
1808400
1808420
1808480
1808490
1808500
1808570
1808620
1808630
1808640
1808680
1808690
1808700
1808780
1808800
1808810
1808820
1808860
1808900
1808910
1808980
1808990
1809040
1809150
1809160
1809190
1809200
1809250
1809300
1809310
1809420
1809480
1809490
1809500
1809530
1809540
1809560
1809570
1809610
1809620
1809660
1809700
1809710
1809730
1809740
1809760
1809770
1809850
1809860
1809900
1809930
1810000
1810050
1810110
1810130
1810190
1810210
1810220
1810230
1810290
1810310
1810320
1810340
1810350
1810410
1810430
1810490
1810500
1810580
1810600
1810610
1810620
1810670
1810700
1810720
1810810
1810820
1810840
1810910
1810960
1810980
1811020
1811040
1811070
1811080
1811140
1811290
1811300
1811330
1811340
1811400
1811410
1811430
1811440
1811480
1811500
1811550
1811590
1811600
1811650
1811710
1811740
1811750
1811770
1811780
1811820
1811830
1811900
1811910
1811930
1811940
1811950
1811990
1812060
1812070
1812090
1812130
1812160
1812180
1812200
1812210
1812280
1812290
1812300
1812350
1812370
1812390
1812400
1812410
1812420
1812430
1812440
1812450
1812470
1812480
1812560
1812580
1812620
1812650
1812710
1812760
1812820
1812840
1812850
1812860
1812880
1812910
1812920
1812930
1812950
1812970
1813050
1813080
1813090
1813100
1813130
1813140
1813170
1813190
1813240
1813270
1813300
1813310
1813320
1813330
1813340
1813370
1813400
1813420
1813430
1813440
1813470
1813540
1813550
1813560
1813570
1813650
1813670
1813690
1813810
1813820
1813860
1813870
1813890
1813910
1814010
1814060
1814100
1814110
1814150
1814160
1814170
1814200
1814250
1814260
1814270
1814310
1814360
1814390
1814450
1814460
1814480
1814490
1814510
1814520
1814540
1814560
1814570
1814590
1814600
1814630
1814660
1814670
1814710
1814770
1814780
1814850
1814920
1814930
1814950
1814980
1814990
1815000
1815010
1815030
1815050
1815060
1815140
1815160
1815170
1815230
1815260
1815270
1815290
1815310
1815340
1815350
1815370
1815400
1815430
1815440
1815450
1815530
1815550
1815570
1815580
1815660
1815670
1815720
1815730
1815750
1815780
1815800
1815820
1815860
1815880
1815890
1815970
1816050
1816070
1816080
1816100
1816140
1816270
1816280
1816300
1816370
1816380
1816390
1816410
1816420
1816520
1816550
1816560
1816570
1816590
1816630
1816650
1816660
1816690
1816710
1816890
1816900
1816910
1816920
1816930
1816950
1817000
1817020
1817070
1817110
1817120
1817140
1817190
1817200
1817230
1817250
1817260
1817290
1817310
1817400
1817430
1817470
1817490
1817500
1817560
1817610
1817670
1817750
1817800
1817910
1817940
1818080
1818150
1818170
1818180
1818230
1818240
1818250
1818280
1818300
1818310
1818340
1818370
1818450
1818570
1818590
1818600
1818610
1818640
1818690
1818790
1818800
1818810
1818820
1818830
1818840
1818940
1818960
1819020
1819040
1819120
1819160
1819180
1819190
1819210
1819230
1819240
1819250
1819270
1819280
1819290
1819300
1819360
1819370
1819430
1819450
1819460
1819470
1819540
1819560
1819570
1819580
1819620
1819630
1819660
1819720
1819730
1819770
1819780
1819800
1819860
1819870
1819900
1819950
1819970
1820000
1820010
1820020
1820030
1820050
1820060
1820100
1820130
1820140
1820160
1820170
1820200
1820310
1820320
1820330
1820340
1820350
1820380
1820390
1820460
1820470
1820540
1820560
1820570
1820620
1820650
1820670
1820690
1820710
1820720
1820740
1820770
1820810
1820890
1820910
1820930
1820940
1820970
1820980
1821000
1821060
1821090
1821140
1821150
1821170
1821310
1821340
1821410
1821420
1821440
1821460
1821490
1821530
1821570
1821580
1821710
1821800
1821810
1821820
1821870
1821910
1821920
1821960
1822010
1822020
1822030
1822040
1822060
1822100
1822120
1822130
1822190
1822230
1822240
1822300
1822340
1822400
1822450
1822460
1822490
1822500
1822530
1822550
1822560
1822640
1822710
1822850
1822860
1822870
1822900
1822910
1822970
1822990
1823030
1823070
1823080
1823100
1823170
1823190
1823200
1823320
1823340
1823350
1823370
1823380
1823390
1823470
1823490
1823520
1823530
1823570
1823590
1823600
1823610
1823710
1823720
1823730
1823740
1823760
1823830
1823910
1823930
1823940
1823950
1823980
1823990
1824010
1824040
1824070
1824080
1824110
1824120
1824130
1824150
1824160
1824170
1824210
1824220
1824250
1824260
1824380
1824390
1824430
1824440
1824450
1824520
1824540
1824570
1824580
1824630
1824710
1824740
1824750
1824760
1824800
1824830
1824840
1824910
1824930
1824960
1824970
1824990
1825010
1825050
1825060
1825080
1825110
1825130
1825150
1825160
1825180
1825200
1825210
1825350
1825380
1825390
1825440
1825460
1825480
1825530
1825620
1825650
1825670
1825690
1825700
1825740
1825880
1825900
1825930
1825970
1825990
1826030
1826060
1826080
1826090
1826160
1826210
1826290
1826410
1826450
1826480
1826540
1826570
1826640
1826660
1826710
1826760
1826860
1826910
1826920
1826980
1827040
1827180
1827230
1827240
1827300
1827350
1827450
1827460
1827490
1827500
1827520
1827550
1827570
1827600
1827650
1827680
1827690
1827700
1827720
1827740
1827760
1827770
1827780
1827870
1827940
1827950
1827960
1827980
1828010
1828080
1828090
1828100
1828140
1828160
1828220
1828320
1828340
1828400
1828410
1828510
1828540
1828630
1828640
1828650
1828660
1828690
1828700
1828710
1828720
1828740
1828770
1828780
1828800
1828870
1828900
1828910
1828940
1828950
1828970
1829110
1829120
1829200
1829290
1829310
1829360
1829370
1829420
1829450
1829470
1829490
1829500
1829520
1829540
1829620
1829640
1829650
1829700
1829730
1829800
1829810
1829830
1829870
1829910
1829940
1829960
1829980
1830000
1830050
1830100
1830210
1830240
1830270
1830280
1830320
1830430
1830480
1830490
1830540
1830550
1830620
1830630
1830640
1830660
1830700
1830720
1830740
1830780
1830800
1830830
1830840
1830850
1830870
1830910
1830930
1830950
1830970
1830980
1831010
1831020
1831050
1831060
1831090
1831100
1831130
1831140
1831150
1831160
1831190
1831250
1831260
1831290
1831320
1831400
1831410
1831450
1831480
1831520
1831530
1831550
1831560
1831580
1831600
1831670
1831680
1831700
1831720
1831740
1831790
1831800
1831830
1831840
1831870
1831900
1831930
1831960
1831970
1831980
1831990
1832010
1832040
1832050
1832070
1832140
1832220
1832230
1832240
1832250
1832280
1832290
1832300
1832560
1832590
1832640
1832680
1832690
1832770
1832780
1832790
1832950
1832980
1833040
1833190
1833200
1833300
1833350
1833360
1833380
1833400
1833410
1833420
1833430
1833440
1833490
1833540
1833600
1833650
1833670
1833680
1833710
1833730
1833760
1833820
1833840
1833850
1833880
1833890
1833900
1833910
1833920
1833940
1833960
1834000
1834110
1834120
1834290
1834310
1834390
1834420
1834470
1834540
1834550
1834610
1834620
1834690
1834710
1834740
1834760
1834820
1834870
1834920
1834960
1834980
1835020
1835060
1835070
1835090
1835120
1835190
1835200
1835210
1835220
1835240
1835280
1835290
1835310
1835350
1835360
1835370
1835440
1835510
1835530
1835560
1835580
1835640
1835690
1835740
1835750
1835790
1835810
1835820
1835830
1835840
1835850
1835870
1835930
1835970
1836030
1836120
1836160
1836170
1836180
1836210
1836220
1836240
1836270
1836280
1836290
1836310
1836360
1836390
1836420
1836450
1836500
1836550
1836560
1836590
1836600
1836680
1836690
1836730
1836740
1836770
1836790
1836850
1836860
1836880
1836890
1836900
1836920
1836940
1836950
1836970
1837060
1837110
1837120
1837130
1837160
1837200
1837210
1837220
1837230
1837280
1837330
1837340
1837360
1837400
1837440
1837480
1837510
1837530
1837570
1837580
1837620
1837630
1837650
1837700
1837780
1837800
1837820
1837850
1837870
1837900
1837920
1837970
1837980
1838030
1838070
1838080
1838100
1838130
1838140
1838220
1838250
1838260
1838290
1838340
1838380
1838400
1838410
1838430
1838510
1838560
1838650
1838660
1838670
1838680
1838740
1838750
1838790
1838800
1838820
1838830
1838860
1838880
1838920
1838970
1839040
1839060
1839070
1839080
1839160
1839180
1839190
1839260
1839290
1839300
1839320
1839340
1839350
1839360
1839420
1839430
1839440
1839450
1839510
1839540
1839570
1839590
1839600
1839610
1839660
1839680
1839710
1839750
1839760
1839790
1839810
1839820
1839840
1839860
1839880
1839930
1839940
1839950
1839960
1839980
1840080
1840100
1840120
1840130
1840140
1840150
1840260
1840330
1840350
1840430
1840440
1840450
1840480
1840490
1840510
1840520
1840540
1840580
1840590
1840600
1840610
1840620
1840650
1840660
1840700
1840710
1840720
1840770
1840780
1840790
1840800
1840820
1840850
1840860
1840870
1840920
1840940
1840980
1841020
1841030
1841040
1841060
1841070
1841100
1841150
1841190
1841220
1841230
1841240
1841250
1841270
1841350
1841360
1841390
1841520
1841620
1841630
1841640
1841700
1841710
1841720
1841760
1841780
1841810
1841820
1841850
1841880
1842050
1842130
1842190
1842200
1842220
1842270
1842300
1842320
1842330
1842360
1842370
1842380
1842390
1842410
1842430
1842450
1842470
1842480
1842510
1842610
1842690
1842730
1842800
1842810
1842880
1842890
1842900
1842930
1842960
1842970
1842980
1843030
1843050
1843090
1843100
1843110
1843120
1843190
1843260
1843270
1843310
1843330
1843350
1843470
1843500
1843540
1843610
1843660
1843710
1843730
1843750
1843760
1843800
1843840
1843860
1843880
1843920
1843940
1843980
1844030
1844060
1844080
1844100
1844110
1844130
1844140
1844150
1844170
1844220
1844240
1844260
1844270
1844280
1844300
1844330
1844340
1844380
1844400
1844560
1844580
1844610
1844640
1844650
1844720
1844790
1844840
1844860
1844870
1844930
1844970
1844990
1845030
1845180
1845230
1845280
1845300
1845310
1845370
1845420
1845460
1845480
1845560
1845610
1845630
1845660
1845670
1845710
1845760
1845780
1845790
1845840
1845880
1845910
1845940
1846000
1846020
1846040
1846060
1846130
1846170
1846200
1846240
1846270
1846300
1846330
1846340
1846370
1846380
1846390
1846460
1846480
1846510
1846630
1846650
1846800
1846820
1846830
1846850
1846890
1846920
1846960
1846990
1847020
1847030
1847060
1847090
1847100
1847110
1847120
1847130
1847150
1847160
1847200
1847210
1847220
1847230
1847240
1847250
1847290
1847370
1847380
1847390
1847440
1847460
1847500
1847510
1847600
1847750
1847810
1847820
1847830
1847860
1847870
1847900
1847920
1847970
1847990
1848070
1848080
1848120
1848130
1848150
1848160
1848200
1848220
1848240
1848250
1848270
1848280
1848290
1848310
1848330
1848380
1848420
1848440
1848450
1848520
1848570
1848590
1848640
1848650
1848680
1848710
1848840
1848860
1848890
1848910
1848940
1848960
1848970
1849000
1849040
1849070
1849190
1849200
1849210
1849230
1849250
1849260
1849270
1849300
1849350
1849360
1849370
1849380
1849430
1849440
1849490
1849510
1849530
1849560
1849570
1849680
1849740
1849760
1849790
1849800
1849820
1849860
1849870
1849880
1849890
1849900
1849930
1850010
1850020
1850050
1850070
1850150
1850160
1850230
1850240
1850270
1850280
1850380
1850390
1850400
1850420
1850510
1850520
1850550
1850570
1850610
1850620
1850640
1850680
1850730
1850740
1850790
1850930
1850960
1850980
1850990
1851000
1851010
1851020
1851030
1851060
1851120
1851190
1851200
1851220
1851230
1851280
1851300
1851320
1851330
1851370
1851380
1851390
1851410
1851450
1851480
1851530
1851560
1851570
1851610
1851620
1851630
1851680
1851730
1851790
1851850
1851860
1851910
1851970
1852000
1852050
1852060
1852090
1852100
1852110
1852120
1852140
1852380
1852490
1852520
1852530
1852610
1852650
1852660
1852710
1852760
1852830
1852840
1852860
1852870
1852890
1852940
1852990
1853080
1853090
1853140
1853200
1853260
1853270
1853410
1853510
1853530
1853600
1853640
1853650
1853660
1853680
1853720
1853740
1853760
1853780
1853810
1853820
1853830
1853840
1853850
1853880
1853890
1853920
1853970
1854050
1854090
1854120
1854130
1854140
1854160
1854190
1854230
1854250
1854270
1854290
1854400
1854430
1854510
1854520
1854580
1854590
1854710
1854730
1854740
1854790
1854800
1854810
1854840
1854860
1854890
1854900
1854940
1854960
1854970
1854980
1855020
1855030
1855040
1855070
1855100
1855110
1855170
1855180
1855190
1855220
1855240
1855270
1855340
1855380
1855480
1855490
1855500
1855580
1855610
1855620
1855660
1855670
1855690
1855710
1855750
1855760
1855800
1855890
1855910
1855920
1855950
1856000
1856020
1856030
1856080
1856130
1856160
1856170
1856190
1856320
1856370
1856480
1856490
1856540
1856550
1856570
1856600
1856620
1856630
1856660
1856680
1856730
1856740
1856750
1856830
1856840
1856850
1856900
1856910
1856930
1856970
1856990
1857010
1857020
1857040
1857070
1857080
1857090
1857140
1857150
1857160
1857220
1857270
1857280
1857290
1857340
1857370
1857540
1857550
1857570
1857580
1857650
1857660
1857700
1857710
1857730
1857740
1857850
1857870
1857890
1857940
1857950
1857970
1858060
1858070
1858120
1858240
1858260
1858270
1858300
1858400
1858450
1858500
1858520
1858530
1858540
1858580
1858610
1858620
1858630
1858650
1858750
1858760
1858780
1858860
1858870
1858920
1858940
1858980
1859010
1859020
1859030
1859060
1859080
1859100
1859110
1859130
1859140
1859220
1859270
1859280
1859290
1859360
1859370
1859430
1859470
1859490
1859500
1859520
1859530
1859540
1859580
1859620
1859630
1859640
1859650
1859670
1859680
1859720
1859760
1859770
1859800
1859860
1859890
1859910
1859940
1859980
1859990
1860090
1860110
1860120
1860150
1860260
1860270
1860350
1860370
1860410
1860440
1860490
1860500
1860510
1860530
1860540
1860550
1860560
1860570
1860590
1860600
1860700
1860710
1860750
1860760
1860800
1860850
1860860
1860870
1860900
1860930
1861080
1861090
1861100
1861110
1861120
1861130
1861190
1861230
1861250
1861290
1861310
1861340
1861390
1861400
1861440
1861490
1861500
1861610
1861630
1861670
1861700
1861760
1861870
1861880
1861970
1861980
1862010
1862020
1862030
1862070
1862100
1862150
1862180
1862200
1862210
1862220
1862230
1862240
1862250
1862280
1862430
1862500
1862520
1862530
1862600
1862660
1862710
1862730
1862790
1862800
1862830
1862840
1862850
1862860
1862880
1862960
1863010
1863020
1863040
1863080
1863100
1863250
1863280
1863290
1863300
1863390
1863420
1863430
1863450
1863520
1863540
1863550
1863560
1863570
1863610
1863630
1863650
1863670
1863700
1863750
1863820
1863920
1863960
1863980
1863990
1864000
1864080
1864180
1864190
1864210
1864320
1864460
1864490
1864560
1864580
1864590
1864620
1864630
1864650
1864670
1864680
1864760
1864790
1864830
1864850
1864860
1864880
1864950
1865010
1865050
1865060
1865130
1865200
1865210
1865220
1865280
1865340
1865370
1865440
1865470
1865510
1865590
1865670
1865680
1865730
1865880
1865930
1865940
1865960
1866090
1866110
1866120
1866130
1866180
1866220
1866260
1866300
1866310
1866320
1866390
1866420
1866430
1866470
1866610
1866630
1866640
1866780
1866840
1866880
1866890
1866960
1866970
1866980
1867000
1867050
1867070
1867100
1867190
1867200
1867260
1867270
1867280
1867290
1867330
1867350
1867400
1867450
1867480
1867510
1867520
1867530
1867550
1867580
1867590
1867610
1867630
1867640
1867670
1867680
1867690
1867700
1867710
1867740
1867790
1867810
1867820
1868000
1868020
1868030
1868050
1868060
1868070
1868080
1868120
1868140
1868170
1868180
1868240
1868280
1868300
1868360
1868400
1868410
1868450
1868470
1868510
1868520
1868550
1868650
1868710
1868840
1868850
1868870
1868980
1869020
1869070
1869080
1869090
1869200
1869270
1869280
1869290
1869310
1869330
1869370
1869390
1869430
1869500
1869590
1869630
1869690
1869710
1869730
1869780
1869820
1869880
1869890
1869900
1869910
1869980
1870080
1870120
1870140
1870150
1870170
1870180
1870190
1870200
1870210
1870280
1870300
1870310
1870320
1870350
1870410
1870430
1870440
1870490
1870500
1870570
1870580
1870630
1870700
1870710
1870910
1870950
1870970
1871000
1871010
1871020
1871090
1871170
1871290
1871310
1871350
1871390
1871430
1871470
1871480
1871500
1871510
1871590
1871600
1871620
1871670
1871700
1871740
1871750
1871780
1871790
1871830
1871920
1871960
1871970
1871990
1872040
1872130
1872160
1872250
1872330
1872470
1872500
1872510
1872550
1872680
1872710
1872730
1872740
1872750
1872790
1872860
1872870
1872920
1873000
1873030
1873040
1873080
1873120
1873130
1873140
1873230
1873270
1873300
1873320
1873330
1873400
1873410
1873420
1873430
1873440
1873510
1873540
1873550
1873570
1873740
1873800
1873860
1873870
1873880
1873920
1873960
1873990
1874000
1874010
1874170
1874190
1874220
1874260
1874340
1874380
1874400
1874420
1874490
1874500
1874510
1874530
1874560
1874570
1874590
1874660
1874680
1874720
1874770
1874780
1874810
1874850
1874870
1874880
1874890
1874920
1874950
1874990
1875060
1875100
1875140
1875160
1875280
1875310
1875320
1875360
1875470
1875530
1875540
1875580
1875590
1875610
1875640
1875660
1875710
1875720
1875750
1875760
1875800
1875810
1875830
1875850
1875890
1875980
1876000
1876030
1876050
1876120
1876150
1876220
1876240
1876280
1876340
1876350
1876390
1876410
1876450
1876460
1876470
1876530
1876540
1876560
1876590
1876640
1876660
1876670
1876680
1876720
1876730
1876750
1876810
1876830
1876850
1876880
1876890
1876920
1876930
1876980
1877000
1877020
1877060
1877100
1877120
1877160
1877190
1877240
1877330
1877360
1877460
1877500
1877580
1877650
1877710
1877760
1877790
1877800
1877820
1877830
1877840
1877930
1877960
1877980
1878000
1878070
1878200
1878210
1878220
1878450
1878460
1878490
1878530
1878570
1878580
1878620
1878660
1878670
1878710
1878720
1878740
1878770
1878810
1878840
1878850
1878910
1878920
1878940
1878970
1879030
1879040
1879100
1879140
1879170
1879180
1879190
1879200
1879220
1879240
1879330
1879340
1879350
1879380
1879400
1879480
1879560
1879570
1879620
1879640
1879670
1879680
1879700
1879730
1879740
1879750
1879790
1879820
1879850
1879910
1879950
1879970
1880020
1880160
1880180
1880200
1880230
1880250
1880260
1880270
1880280
1880330
1880400
1880470
1880490
1880550
1880610
1880620
1880640
1880650
1880670
1880690
1880710
1880720
1880770
1880840
1880860
1880890
1880910
1880930
1880980
1881040
1881120
1881140
1881160
1881200
1881210
1881240
1881250
1881260
1881270
1881290
1881340
1881350
1881420
1881430
1881440
1881480
1881490
1881520
1881540
1881610
1881670
1881690
1881700
1881710
1881800
1881850
1881940
1882000
1882040
1882050
1882120
1882130
1882140
1882160
1882190
1882200
1882240
1882260
1882270
1882280
1882330
1882350
1882370
1882420
1882500
1882510
1882520
1882550
1882560
1882580
1882590
1882600
1882640
1882650
1882670
1882680
1882700
1882750
1882780
1882820
1882880
1882930
1882950
1883000
1883050
1883090
1883110
1883120
1883200
1883220
1883260
1883320
1883370
1883480
1883540
1883550
1883570
1883580
1883600
1883630
1883650
1883670
1883680
1883710
1883800
1883820
1883840
1883980
1883990
1884030
1884160
1884210
1884300
1884310
1884350
1884380
1884390
1884420
1884430
1884440
1884540
1884560
1884570
1884650
1884720
1884750
1884780
1884800
1884850
1884890
1884910
1884990
1885010
1885030
1885110
1885120
1885130
1885140
1885160
1885240
1885250
1885370
1885380
1885460
1885480
1885520
1885530
1885540
1885570
1885640
1885660
1885670
1885690
1885750
1885820
1885880
1885930
1885980
1886070
1886120
1886150
1886200
1886210
1886260
1886290
1886320
1886380
1886400
1886480
1886530
1886630
1886830
1886840
1886850
1886870
1886910
1886930
1886960
1886980
1887010
1887020
1887030
1887050
1887130
1887140
1887150
1887190
1887200
1887250
1887260
1887280
1887310
1887330
1887340
1887360
1887400
1887490
1887560
1887730
1887760
1887840
1887900
1887930
1887960
1887990
1888000
1888010
1888060
1888070
1888080
1888090
1888120
1888130
1888160
1888300
1888330
1888350
1888380
1888450
1888470
1888480
1888490
1888520
1888560
1888570
1888590
1888620
1888640
1888660
1888750
1888800
1888810
1888920
1888930
1889000
1889030
1889040
1889100
1889120
1889130
1889190
1889200
1889320
1889330
1889430
1889440
1889490
1889520
1889540
1889560
1889620
1889630
1889640
1889650
1889660
1889740
1889760
1889770
1889790
1889890
1889920
1889930
1889980
1890010
1890070
1890120
1890170
1890200
1890220
1890340
1890360
1890430
1890440
1890520
1890550
1890650
1890680
1890740
1890750
1890760
1890810
1890950
1891010
1891030
1891040
1891090
1891140
1891210
1891220
1891270
1891350
1891430
1891440
1891560
1891600
1891620
1891640
1891680
1891700
1891740
1891780
1891840
1891900
1891930
1891940
1892030
1892040
1892110
1892140
1892210
1892220
1892240
1892290
1892340
1892370
1892400
1892410
1892420
1892430
1892450
1892470
1892500
1892510
1892520
1892570
1892600
1892620
1892670
1892700
1892750
1892790
1892850
1892900
1892910
1892950
1892970
1893020
1893050
1893100
1893150
1893200
1893210
1893310
1893330
1893350
1893420
1893440
1893460
1893530
1893590
1893600
1893620
1893770
1893800
1893810
1893820
1893860
1893870
1893880
1893940
1894080
1894100
1894150
1894210
1894220
1894320
1894370
1894430
1894450
1894460
1894510
1894550
1894570
1894600
1894680
1894720
1894730
1894790
1894860
1894880
1894980
1894990
1895050
1895080
1895130
1895240
1895300
1895330
1895350
1895370
1895410
1895530
1895540
1895550
1895560
1895630
1895640
1895660
1895670
1895720
1895740
1895760
1895780
1895810
1895820
1895860
1895870
1895880
1895890
1895900
1895920
1895950
1896010
1896020
1896090
1896140
1896160
1896170
1896180
1896190
1896200
1896390
1896450
1896510
1896570
1896610
1896620
1896630
1896650
1896660
1896700
1896710
1896750
1896770
1896780
1896800
1896810
1896820
1896830
1896840
1896880
1896900
1896930
1896940
1896980
1897000
1897010
1897050
1897060
1897110
1897120
1897140
1897150
1897330
1897350
1897380
1897400
1897410
1897420
1897430
1897480
1897490
1897520
1897530
1897580
1897600
1897630
1897650
1897720
1897740
1897810
1897820
1897830
1897870
1897960
1897970
1897980
1898050
1898130
1898210
1898280
1898290
1898300
1898410
1898420
1898430
1898500
1898530
1898550
1898570
1898610
1898670
1898680
1898690
1898700
1898790
1898830
1898860
1898870
1898880
1898950
1898960
1898970
1899010
1899060
1899150
1899160
1899170
1899180
1899270
1899290
1899300
1899350
1899400
1899430
1899450
1899580
1899620
1899680
1899700
1899710
1899760
1899790
1899800
1899810
1899820
1899830
1899950
1899980
1900020
1900070
1900130
1900160
1900230
1900250
1900280
1900300
1900310
1900340
1900480
1900490
1900530
1900540
1900650
1900680
1900690
1900720
1900770
1900780
1900790
1900810
1900820
1900890
1900930
1900970
1901010
1901030
1901040
1901060
1901120
1901130
1901200
1901260
1901300
1901370
1901410
1901450
1901480
1901490
1901560
1901580
1901610
1901620
1901730
1901780
1901810
1901830
1901870
1901900
1901910
1901940
1901950
1901970
1901990
1902020
1902050
1902120
1902150
1902200
1902240
1902260
1902290
1902300
1902490
1902650
1902690
1902710
1902750
1902830
1902850
1902870
1902880
1902900
1902940
1902960
1902990
1903000
1903060
1903080
1903100
1903130
1903200
1903270
1903280
1903290
1903310
1903340
1903370
1903400
1903420
1903480
1903490
1903510
1903530
1903560
1903580
1903590
1903600
1903620
1903630
1903640
1903670
1903690
1903730
1903750
1903770
1903780
1903810
1903880
1903910
1903970
1903990
1904040
1904050
1904160
1904190
1904320
1904390
1904400
1904410
1904430
1904480
1904520
1904530
1904550
1904560
1904570
1904580
1904590
1904600
1904610
1904620
1904640
1904650
1904690
1904700
1904790
1904800
1904820
1904860
1904880
1904920
1905020
1905050
1905060
1905080
1905110
1905160
1905180
1905200
1905220
1905260
1905310
1905420
1905430
1905510
1905530
1905540
1905700
1905900
1905940
1905950
1905980
1906000
1906020
1906050
1906070
1906100
1906130
1906140
1906150
1906160
1906220
1906250
1906320
1906400
1906410
1906480
1906510
1906570
1906590
1906640
1906660
1906670
1906680
1906800
1906830
1906870
1906880
1906890
1906910
1906950
1907000
1907020
1907040
1907060
1907070
1907140
1907150
1907170
1907180
1907230
1907280
1907350
1907380
1907420
1907430
1907440
1907450
1907500
1907570
1907590
1907620
1907640
1907720
1907900
1907980
1908140
1908150
1908200
1908240
1908250
1908260
1908320
1908430
1908440
1908460
1908480
1908490
1908500
1908560
1908570
1908590
1908600
1908640
1908650
1908660
1908670
1908680
1908730
1908740
1908790
1908870
1908900
1909020
1909030
1909040
1909090
1909100
1909140
1909150
1909160
1909220
1909230
1909240
1909250
1909270
1909280
1909320
1909330
1909340
1909350
1909370
1909380
1909420
1909450
1909560
1909650
1909670
1909750
1909760
1909770
1909800
1909810
1909820
1909830
1909840
1909850
1909880
1909920
1909950
1909960
1910020
1910050
1910070
1910080
1910090
1910130
1910150
1910180
1910210
1910240
1910260
1910320
1910330
1910360
1910370
1910400
1910420
1910550
1910560
1910580
1910600
1910680
1910720
1910740
1910780
1910790
1910830
1910860
1910890
1911010
1911030
1911050
1911120
1911150
1911170
1911200
1911220
1911230
1911360
1911390
1911420
1911450
1911510
1911520
1911530
1911560
1911590
1911600
1911610
1911640
1911800
1911860
1911900
1911940
1911960
1911980
1912030
1912040
1912050
1912070
1912080
1912090
1912100
1912110
1912120
1912130
1912170
1912230
1912260
1912340
1912350
1912370
1912380
1912420
1912460
1912480
1912590
1912620
1912660
1912700
1912710
1912740
1912750
1912760
1912770
1912820
1912970
1912980
1913020
1913160
1913190
1913200
1913210
1913230
1913270
1913320
1913330
1913360
1913370
1913420
1913530
1913550
1913610
1913620
1913670
1913680
1913690
1913720
1913740
1913780
1913840
1913860
1913870
1913940
1913960
1913970
1913980
1914000
1914010
1914020
1914050
1914060
1914100
1914110
1914190
1914200
1914240
1914270
1914390
1914460
1914470
1914570
1914580
1914680
1914700
1914740
1914750
1914760
1914770
1914800
1914810
1914840
1914880
1914900
1914940
1914950
1914960
1914970
1914980
1915040
1915050
1915170
1915220
1915330
1915340
1915380
1915460
1915480
1915510
1915520
1915550
1915620
1915660
1915700
1915740
1915780
1915800
1915840
1915910
1915940
1916000
1916090
1916100
1916150
1916270
1916280
1916290
1916310
1916320
1916350
1916380
1916420
1916450
1916480
1916510
1916540
1916630
1916660
1916690
1916710
1916740
1916750
1916830
1916850
1916880
1916890
1916920
1916930
1916940
1916950
1916960
1916970
1917090
1917170
1917260
1917310
1917320
1917350
1917370
1917390
1917450
1917550
1917600
1917610
1917630
1917660
1917710
1917740
1917760
1917780
1917840
1917850
1917860
1917920
1917970
1918030
1918040
1918080
1918110
1918130
1918170
1918240
1918250
1918260
1918300
1918310
1918340
1918370
1918410
1918420
1918450
1918480
1918520
1918530
1918540
1918550
1918590
1918670
1918680
1918700
1918790
1918880
1918920
1918930
1918970
1919040
1919060
1919070
1919100
1919140
1919150
1919220
1919240
1919270
1919320
1919350
1919400
1919440
1919460
1919470
1919500
1919540
1919550
1919570
1919600
1919610
1919700
1919710
1919720
1919740
1919750
1919800
1919820
1919850
1919900
1919920
1919990
1920000
1920010
1920100
1920110
1920270
1920390
1920400
1920410
1920420
1920430
1920440
1920450
1920460
1920480
1920490
1920500
1920510
1920520
1920540
1920650
1920660
1920700
1920760
1920780
1920790
1920800
1920810
1920820
1920920
1920940
1920950
1920960
1921050
1921090
1921120
1921140
1921160
1921180
1921210
1921240
1921250
1921270
1921330
1921340
1921390
1921440
1921460
1921470
1921480
1921500
1921510
1921530
1921550
1921560
1921570
1921680
1921740
1921760
1921770
1921780
1921850
1921900
1921950
1921980
1922000
1922010
1922020
1922030
1922040
1922060
1922070
1922100
1922120
1922130
1922140
1922150
1922180
1922200
1922210
1922260
1922320
1922340
1922360
1922390
1922400
1922430
1922530
1922540
1922550
1922560
1922620
1922670
1922740
1922750
1922960
1922980
1923060
1923070
1923080
1923170
1923290
1923340
1923360
1923450
1923470
1923480
1923540
1923630
1923650
1923670
1923680
1923690
1923720
1923730
1923790
1923800
1923840
1923920
1924020
1924040
1924050
1924100
1924140
1924170
1924180
1924270
1924310
1924330
1924340
1924360
1924370
1924400
1924430
1924470
1924480
1924490
1924510
1924550
1924680
1924710
1924720
1924730
1924740
1924780
1924810
1924820
1924840
1924880
1924910
1924940
1925010
1925020
1925030
1925050
1925060
1925090
1925100
1925210
1925230
1925250
1925270
1925310
1925320
1925340
1925400
1925500
1925530
1925550
1925560
1925620
1925700
1925730
1925740
1925760
1925830
1925860
1925870
1925930
1925940
1925950
1925960
1925970
1926120
1926170
1926190
1926240
1926260
1926270
1926340
1926360
1926370
1926390
1926470
1926490
1926520
1926590
1926620
1926630
1926660
1926680
1926690
1926710
1926780
1926800
1926810
1926820
1926870
1926890
1926920
1927010
1927020
1927040
1927050
1927070
1927080
1927090
1927100
1927110
1927140
1927150
1927220
1927250
1927270
1927300
1927380
1927410
1927440
1927480
1927540
1927560
1927570
1927580
1927650
1927710
1927720
1927740
1927780
1927920
1927930
1927950
1928010
1928020
1928030
1928080
1928090
1928100
1928120
1928210
1928300
1928310
1928320
1928350
1928370
1928390
1928410
1928420
1928430
1928440
1928460
1928500
1928510
1928520
1928540
1928590
1928600
1928620
1928630
1928650
1928660
1928670
1928690
1928710
1928770
1928790
1928800
1928810
1928870
1928940
1928950
1928960
1928980
1929080
1929200
1929210
1929230
1929240
1929250
1929270
1929290
1929330
1929360
1929420
1929450
1929480
1929610
1929620
1929630
1929650
1929670
1929810
1929830
1929860
1929870
1929900
1929930
1929970
1929990
1930030
1930040
1930060
1930070
1930090
1930100
1930110
1930120
1930130
1930140
1930160
1930170
1930180
1930230
1930310
1930340
1930360
1930380
1930390
1930420
1930440
1930530
1930580
1930600
1930640
1930660
1930690
1930740
1930770
1930820
1930920
1930960
1931010
1931020
1931050
1931080
1931090
1931180
1931200
1931240
1931370
1931380
1931400
1931440
1931490
1931510
1931540
1931550
1931600
1931640
1931680
1931690
1931710
1931730
1931750
1931770
1931780
1931830
1931890
1931940
1931950
1931960
1931970
1931980
1931990
1932040
1932100
1932160
1932190
1932210
1932220
1932230
1932260
1932280
1932330
1932350
1932360
1932470
1932480
1932490
1932570
1932590
1932640
1932680
1932690
1932700
1932730
1932740
1932790
1932860
1932890
1932960
1933020
1933050
1933060
1933070
1933090
1933170
1933180
1933190
1933250
1933290
1933320
1933330
1933370
1933390
1933450
1933490
1933580
1933640
1933650
1933660
1933670
1933680
1933700
1933710
1933720
1933740
1933770
1933780
1933800
1933820
1933830
1933840
1933850
1933890
1933930
1933970
1933980
1933990
1934030
1934040
1934060
1934070
1934080
1934090
1934100
1934180
1934300
1934330
1934340
1934360
1934370
1934420
1934490
1934540
1934550
1934570
1934680
1934720
1934740
1934790
1934800
1934810
1934860
1934900
1934910
1934930
1934980
1934990
1935080
1935100
1935130
1935160
1935200
1935240
1935250
1935330
1935370
1935400
1935410
1935470
1935490
1935580
1935630
1935660
1935710
1935790
1935800
1935830
1935850
1935940
1935960
1936020
1936060
1936070
1936130
1936190
1936200
1936210
1936250
1936360
1936450
1936480
1936490
1936520
1936700
1936710
1936740
1936810
1936840
1936940
1936990
1937110
1937120
1937130
1937160
1937170
1937180
1937230
1937260
1937300
1937500
1937510
1937520
1937540
1937550
1937570
1937600
1937620
1937650
1937670
1937690
1937700
1937710
1937750
1937780
1937820
1937840
1937850
1937880
1937900
1937910
1937970
1938010
1938040
1938050
1938090
1938120
1938150
1938180
1938200
1938210
1938260
1938290
1938300
1938360
1938370
1938380
1938410
1938430
1938460
1938490
1938530
1938550
1938590
1938630
1938670
1938680
1938690
1938740
1938770
1938800
1938830
1938850
1938920
1938990
1939040
1939070
1939080
1939100
1939130
1939140
1939160
1939210
1939260
1939270
1939290
1939310
1939350
1939430
1939500
1939560
1939570
1939600
1939630
1939640
1939690
1939750
1939790
1939830
1939890
1939920
1939930
1939940
1939970
1940030
1940040
1940140
1940180
1940190
1940200
1940310
1940340
1940370
1940410
1940490
1940790
1940870
1940880
1940980
1941000
1941110
1941130
1941170
1941180
1941310
1941330
1941340
1941390
1941410
1941480
1941510
1941540
1941720
1941740
1941750
1941760
1941780
1941840
1941940
1942000
1942010
1942030
1942050
1942080
1942100
1942110
1942120
1942280
1942360
1942380
1942390
1942440
1942450
1942480
1942510
1942530
1942540
1942610
1942720
1942860
1942890
1942920
1943030
1943060
1943220
1943230
1943240
1943280
1943360
1943370
1943400
1943440
1943450
1943460
1943490
1943500
1943510
1943520
1943530
1943610
1943690
1943710
1943730
1943750
1943760
1943790
1943850
1943890
1943930
1943950
1944000
1944020
1944050
1944060
1944200
1944210
1944240
1944250
1944280
1944310
1944330
1944340
1944360
1944430
1944500
1944520
1944570
1944600
1944630
1944670
1944710
1944730
1944750
1944780
1944790
1944910
1944920
1944940
1944970
1944980
1945000
1945030
1945060
1945170
1945200
1945210
1945220
1945230
1945250
1945260
1945310
1945510
1945540
1945560
1945590
1945600
1945620
1945670
1945750
1945760
1945780
1945820
1945840
1945850
1945880
1945890
1945910
1945930
1945970
1945980
1946070
1946100
1946110
1946130
1946140
1946150
1946160
1946180
1946280
1946300
1946310
1946330
1946360
1946430
1946480
1946490
1946550
1946590
1946610
1946650
1946700
1946740
1946810
1946840
1946930
1946940
1946970
1946980
1946990
1947050
1947060
1947070
1947110
1947240
1947260
1947270
1947280
1947300
1947360
1947460
1947500
1947530
1947660
1947750
1947910
1947930
1947940
1947950
1947970
1948100
1948180
1948190
1948210
1948240
1948280
1948330
1948390
1948430
1948440
1948450
1948470
1948490
1948580
1948600
1948620
1948650
1948680
1948700
1948750
1948800
1948870
1948890
1948920
1948930
1948980
1949000
1949010
1949030
1949100
1949170
1949180
1949190
1949220
1949290
1949370
1949380
1949410
1949420
1949440
1949480
1949490
1949570
1949640
1949670
1949700
1949720
1949740
1949750
1949770
1949810
1949840
1949850
1949880
1949890
1949960
1949970
1949980
1950000
1950020
1950130
1950200
1950240
1950250
1950330
1950420
1950440
1950450
1950460
1950490
1950520
1950570
1950610
1950620
1950680
1950690
1950700
1950710
1950830
1950920
1950930
1951010
1951040
1951050
1951090
1951220
1951230
1951280
1951300
1951380
1951410
1951520
1951530
1951540
1951660
1951750
1951780
1951840
1951880
1951940
1951950
1951970
1952030
1952160
1952170
1952180
1952210
1952250
1952260
1952270
1952310
1952370
1952420
1952430
1952440
1952470
1952480
1952490
1952520
1952540
1952550
1952560
1952590
1952650
1952690
1952740
1952750
1952760
1952770
1952780
1952890
1952910
1952930
1952950
1952970
1953000
1953020
1953040
1953060
1953070
1953110
1953170
1953230
1953380
1953470
1953490
1953510
1953520
1953530
1953540
1953620
1953670
1953680
1953760
1953780
1953860
1953870
1953900
1953960
1953970
1954010
1954020
1954050
1954070
1954100
1954130
1954160
1954190
1954200
1954300
1954340
1954420
1954430
1954440
1954520
1954550
1954570
1954640
1954750
1954830
1954840
1954880
1954900
1955000
1955010
1955030
1955040
1955110
1955160
1955230
1955330
1955340
1955380
1955390
1955400
1955440
1955490
1955500
1955520
1955650
1955690
1955800
1955820
1955830
1955950
1956040
1956100
1956110
1956120
1956280
1956300
1956330
1956360
1956370
1956410
1956430
1956490
1956520
1956600
1956620
1956630
1956670
1956680
1956690
1956740
1956770
1956800
1956820
1956860
1956960
1957010
1957040
1957060
1957070
1957100
1957110
1957130
1957150
1957170
1957210
1957220
1957230
1957240
1957270
1957300
1957330
1957560
1957590
1957620
1957650
1957660
1957680
1957700
1957760
1957780
1957790
1957820
1957880
1957910
1957990
1958020
1958120
1958130
1958140
1958190
1958220
1958230
1958240
1958270
1958340
1958350
1958390
1958400
1958420
1958460
1958540
1958560
1958600
1958750
1958810
1958850
1958860
1958890
1958900
1958950
1958970
1959120
1959140
1959150
1959160
1959260
1959350
1959380
1959390
1959400
1959440
1959470
1959480
1959490
1959510
1959520
1959530
1959550
1959780
1959880
1959900
1959960
1960010
1960060
1960070
1960100
1960110
1960120
1960190
1960200
1960270
1960320
1960330
1960380
1960400
1960480
1960570
1960590
1960630
1960650
1960710
1960780
1960790
1960800
1960830
1960870
1960880
1960890
1960900
1960920
1960950
1960970
1961020
1961040
1961060
1961160
1961190
1961210
1961240
1961260
1961300
1961380
1961390
1961460
1961480
1961490
1961500
1961520
1961600
1961610
1961740
1961750
1961760
1961770
1961780
1961790
1961840
1961860
1961870
1961910
1961950
1961970
1962030
1962060
1962170
1962260
1962330
1962400
1962430
1962440
1962450
1962480
1962520
1962530
1962540
1962560
1962570
1962590
1962600
1962650
1962670
1962700
1962760
1962770
1962840
1962890
1962920
1962980
1963000
1963010
1963040
1963060
1963180
1963200
1963210
1963360
1963370
1963460
1963470
1963480
1963510
1963550
1963570
1963580
1963590
1963610
1963630
1963660
1963670
1963740
1963900
1963950
1963990
1964000
1964040
1964060
1964070
1964100
1964140
1964200
1964220
1964250
1964260
1964300
1964310
1964360
1964380
1964470
1964480
1964490
1964500
1964540
1964570
1964590
1964610
1964620
1964640
1964690
1964750
1964760
1964770
1964780
1964800
1964810
1964820
1964870
1964940
1964970
1964980
1964990
1965020
1965050
1965060
1965090
1965120
1965130
1965190
1965220
1965270
1965280
1965370
1965390
1965410
1965420
1965430
1965560
1965580
1965610
1965620
1965640
1965670
1965680
1965800
1965840
1965860
1965870
1965890
1965920
1965970
1966070
1966080
1966100
1966110
1966130
1966170
1966220
1966260
1966300
1966310
1966370
1966420
1966440
1966500
1966540
1966580
1966590
1966620
1966630
1966660
1966690
1966700
1966720
1966740
1966780
1966800
1966860
1966870
1966900
1966910
1966930
1966940
1966970
1967040
1967090
1967100
1967110
1967130
1967140
1967180
1967220
1967260
1967310
1967340
1967380
1967430
1967450
1967460
1967470
1967480
1967510
1967520
1967550
1967630
1967640
1967650
1967680
1967690
1967740
1967750
1967760
1967790
1967800
1967820
1967830
1967840
1967870
1967890
1967920
1967940
1967950
1968040
1968140
1968160
1968190
1968240
1968270
1968320
1968340
1968420
1968430
1968530
1968570
1968600
1968610
1968630
1968650
1968660
1968710
1968730
1968780
1968790
1968810
1968820
1968840
1968870
1968950
1969060
1969080
1969100
1969130
1969150
1969260
1969280
1969310
1969320
1969370
1969420
1969430
1969440
1969460
1969570
1969740
1969800
1969810
1969820
1969830
1969840
1969860
1969870
1969910
1969920
1969960
1970020
1970030
1970060
1970160
1970210
1970260
1970300
1970360
1970440
1970450
1970460
1970520
1970530
1970540
1970550
1970560
1970580
1970590
1970700
1970710
1970730
1970740
1970750
1970770
1970780
1970820
1970980
1971100
1971170
1971250
1971330
1971370
1971400
1971560
1971570
1971630
1971650
1971750
1971770
1971820
1971850
1971870
1971880
1972160
1972180
1972190
1972230
1972300
1972400
1972410
1972440
1972450
1972460
1972470
1972490
1972550
1972630
1972670
1972710
1972740
1972820
1972830
1972870
1972890
1972920
1972960
1972970
1972990
1973010
1973020
1973040
1973080
1973090
1973100
1973110
1973170
1973200
1973240
1973280
1973310
1973320
1973350
1973360
1973370
1973410
1973450
1973470
1973530
1973580
1973630
1973640
1973700
1973710
1973730
1973740
1973770
1973800
1973840
1973850
1973950
1973970
1974040
1974050
1974080
1974090
1974220
1974230
1974290
1974310
1974320
1974400
1974510
1974520
1974540
1974610
1975090
1975100
1975120
1975160
1975170
1975180
1975280
1975320
1975340
1975350
1975360
1975420
1975440
1975450
1975480
1975520
1975580
1975590
1975670
1975730
1975810
1975890
1976000
1976030
1976100
1976130
1976160
1976230
1976310
1976390
1976450
1976460
1976490
1976520
1976590
1976660
1976730
1976740
1976950
1976980
1977030
1977050
1977070
1977170
1977190
1977200
1977230
1977280
1977360
1977440
1977450
1977530
1977570
1977640
1977660
1977730
1977740
1977890
1977900
1977910
1977960
1978000
1978010
1978030
1978090
1978100
1978150
1978180
1978200
1978210
1978260
1978290
1978330
1978350
1978380
1978470
1978490
1978500
1978580
1978590
1978610
1978690
1978720
1978750
1978760
1978790
1978800
1978890
1978900
1978920
1979130
1979160
1979200
1979210
1979220
1979240
1979280
1979320
1979390
1979410
1979440
1979460
1979470
1979480
1979570
1979640
1979700
1979850
1979930
1979970
1979980
1980010
1980240
1980260
1980350
1980390
1980400
1980420
1980440
1980500
1980520
1980530
1980570
1980680
1980770
1980820
1980830
1980860
1980890
1980930
1980980
1981000
1981010
1981020
1981030
1981050
1981090
1981160
1981190
1981250
1981290
1981300
1981350
1981380
1981410
1981420
1981500
1981530
1981540
1981550
1981560
1981570
1981610
1981690
1981700
1981710
1981730
1981740
1981780
1981820
1981830
1981970
1982050
1982120
1982150
1982200
1982230
1982240
1982310
1982340
1982360
1982430
1982630
1982660
1982670
1982680
1982730
1982810
1982880
1982900
1982940
1983000
1983010
1983020
1983100
1983120
1983150
1983180
1983220
1983230
1983260
1983270
1983280
1983300
1983330
1983430
1983480
1983520
1983540
1983560
1983580
1983600
1983650
1983670
1983690
1983700
1983710
1983770
1983780
1983830
1983850
1983880
1983950
1983970
1983990
1984000
1984020
1984030
1984040
1984070
1984110
1984140
1984190
1984220
1984230
1984240
1984270
1984350
1984390
1984400
1984490
1984590
1984670
1984710
1984720
1984750
1984790
1984800
1984810
1984840
1984890
1985040
1985050
1985100
1985150
1985160
1985200
1985250
1985260
1985300
1985320
1985350
1985360
1985420
1985450
1985500
1985510
1985610
1985620
1985630
1985660
1985680
1985690
1985710
1985740
1985770
1985810
1985820
1985930
1985960
1986010
1986040
1986070
1986120
1986170
1986180
1986230
1986240
1986310
1986350
1986370
1986390
1986470
1986550
1986610
1986620
1986630
1986740
1986750
1986760
1986770
1986780
1986790
1986800
1986840
1986880
1986900
1986930
1986940
1986980
1987030
1987050
1987060
1987080
1987120
1987140
1987150
1987160
1987170
1987220
1987260
1987290
1987400
1987420
1987440
1987470
1987480
1987490
1987500
1987550
1987570
1987590
1987630
1987750
1987780
1987900
1987970
1987980
1987990
1988010
1988030
1988080
1988090
1988100
1988130
1988150
1988190
1988430
1988440
1988500
1988530
1988540
1988550
1988600
1988620
1988630
1988670
1988710
1988720
1988750
1988770
1988810
1988820
1988830
1988850
1988880
1988890
1988920
1988930
1988940
1988990
1989070
1989090
1989150
1989180
1989200
1989230
1989270
1989320
1989450
1989560
1989580
1989630
1989660
1989740
1989760
1989770
1989800
1989820
1989840
1989850
1989920
1989940
1989950
1989990
1990040
1990050
1990060
1990110
1990190
1990210
1990260
1990270
1990280
1990300
1990310
1990340
1990370
1990380
1990400
1990480
1990530
1990540
1990550
1990570
1990580
1990590
1990600
1990610
1990620
1990690
1990710
1990730
1990740
1990790
1990810
1990820
1990830
1990880
1990900
1990940
1991030
1991040
1991230
1991300
1991340
1991360
1991450
1991470
1991480
1991520
1991570
1991590
1991690
1991700
1991770
1991780
1991800
1991820
1991850
1991860
1991900
1991910
1991950
1991980
1991990
1992020
1992110
1992120
1992210
1992250
1992370
1992430
1992500
1992520
1992530
1992560
1992580
1992590
1992640
1992700
1992770
1992840
1992850
1992860
1992890
1992930
1992940
1992950
1992960
1992980
1993010
1993030
1993060
1993110
1993120
1993140
1993150
1993180
1993190
1993200
1993450
1993480
1993520
1993560
1993710
1993820
1993830
1993910
1994010
1994060
1994170
1994220
1994230
1994350
1994430
1994440
1994450
1994480
1994520
1994630
1994670
1994680
1994710
1994760
1994850
1994860
1994940
1994960
1995030
1995100
1995110
1995120
1995230
1995240
1995280
1995290
1995300
1995310
1995320
1995330
1995470
1995520
1995580
1995590
1995600
1995680
1995700
1995710
1995760
1995780
1995830
1995870
1995880
1995890
1995930
1995940
1995980
1996000
1996010
1996020
1996050
1996210
1996230
1996310
1996390
1996420
1996430
1996470
1996500
1996550
1996600
1996630
1996710
1996760
1996770
1996810
1996930
1997040
1997060
1997070
1997080
1997110
1997120
1997130
1997140
1997150
1997190
1997250
1997300
1997410
1997420
1997430
1997440
1997460
1997470
1997480
1997490
1997520
1997550
1997560
1997610
1997630
1997660
1997670
1997680
1997700
1997730
1997740
1997780
1997800
1997830
1997880
1997900
1997920
1997980
1998030
1998050
1998090
1998100
1998130
1998200
1998250
1998260
1998310
1998330
1998340
1998350
1998390
1998420
1998440
1998450
1998470
1998510
1998530
1998550
1998580
1998590
1998660
1998760
1998840
1998850
1998870
1998920
1998940
1998950
1998970
1998980
1999010
1999020
1999090
1999120
1999140
1999170
1999320
1999360
1999430
1999500
1999520
1999620
1999630
1999680
1999700
1999720
1999730
1999740
1999850
1999870
1999880
1999920
1999940
1999950
1999970
1999990
2000040
2000090
2000120
2000150
2000160
2000170
2000180
2000190
2000220
2000280
2000310
2000320
2000360
2000540
2000590
2000600
2000750
2000760
2000770
2000780
2000800
2000890
2000950
2000960
2000970
2000980
2001050
2001060
2001070
2001090
2001110
2001120
2001150
2001220
2001280
2001340
2001360
2001380
2001460
2001510
2001570
2001870
2001890
2001900
2001970
2002010
2002220
2002250
2002280
2002410
2002430
2002450
2002480
2002510
2002550
2002560
2002570
2002600
2002700
2002720
2002790
2002850
2002860
2002870
2002880
2003050
2003060
2003220
2003270
2003350
2003370
2003400
2003420
2003590
2003600
2003620
2003680
2003730
2003740
2003750
2003760
2003790
2003830
2003870
2003880
2003970
2003990
2004030
2004070
2004080
2004140
2004180
2004200
2004210
2004220
2004290
2004300
2004320
2004360
2004370
2004380
2004390
2004430
2004440
2004460
2004490
2004520
2004590
2004640
2004670
2004680
2004700
2004730
2004740
2004770
2004870
2004880
2004890
2004970
2004980
2005000
2005010
2005020
2005050
2005090
2005150
2005160
2005210
2005310
2005320
2005350
2005390
2005400
2005490
2005570
2005630
2005680
2005750
2005780
2005790
2005800
2005870
2005950
2006090
2006140
2006160
2006170
2006230
2006300
2006310
2006330
2006470
2006490
2006530
2006540
2006560
2006730
2006840
2006870
2006990
2007010
2007120
2007130
2007180
2007240
2007410
2007420
2007450
2007470
2007530
2007570
2007710
2007770
2007930
2007980
2008040
2008100
2008180
2008200
2008250
2008290
2008300
2008350
2008400
2008410
2008420
2008480
2008510
2008600
2008850
2008870
2008920
2008980
2008990
2009010
2009100
2009170
2009220
2009270
2009310
2009340
2009350
2009380
2009390
2009450
2009460
2009470
2009510
2009560
2009620
2009650
2009670
2009720
2009730
2009770
2009780
2009850
2009860
2009890
2009900
2009920
2010030
2010110
2010120
2010140
2010150
2010170
2010210
2010220
2010240
2010250
2010310
2010320
2010340
2010360
2010370
2010380
2010390
2010400
2010420
2010450
2010460
2010510
2010530
2010540
2010570
2010690
2010700
2010720
2010740
2010790
2010830
2010900
2010920
2010960
2011110
2011130
2011140
2011160
2011190
2011230
2011240
2011310
2011330
2011340
2011410
2011440
2011470
2011480
2011550
2011580
2011650
2011750
2011780
2011810
2011820
2011860
2011870
2011900
2012000
2012010
2012070
2012100
2012140
2012190
2012270
2012290
2012320
2012390
2012440
2012450
2012500
2012510
2012520
2012530
2012540
2012590
2012610
2012620
2012650
2012670
2012790
2012820
2012830
2012840
2012910
2012970
2012990
2013030
2013060
2013070
2013080
2013120
2013130
2013150
2013180
2013240
2013300
2013360
2013420
2013480
2013520
2013580
2013640
2013650
2013670
2013680
2013730
2013740
2013780
2013850
2013870
2013880
2013900
2013970
2013990
2014240
2014370
2014380
2014390
2014470
2014480
2014510
2014540
2014550
2014600
2014610
2014620
2014650
2014690
2014740
2014750
2014780
2014910
2014930
2014980
2015040
2015080
2015100
2015160
2015200
2015240
2015270
2015280
2015430
2015440
2015490
2015500
2015580
2015610
2015620
2015650
2015700
2015860
2015930
2015940
2015960
2016080
2016190
2016210
2016220
2016250
2016290
2016350
2016410
2016460
2016510
2016540
2016580
2016590
2016650
2016820
2016890
2016910
2017010
2017020
2017080
2017130
2017160
2017200
2017210
2017230
2017270
2017290
2017330
2017340
2017370
2017490
2017540
2017580
2017590
2017600
2017610
2017620
2017630
2017640
2017700
2017840
2017890
2017910
2017960
2017980
2018010
2018030
2018100
2018130
2018190
2018230
2018310
2018320
2018340
2018350
2018380
2018490
2018500
2018530
2018560
2018640
2018740
2018810
2018820
2018830
2018840
2018850
2018870
2018900
2018930
2018960
2019020
2019110
2019140
2019220
2019240
2019260
2019270
2019300
2019340
2019360
2019370
2019380
2019580
2019630
2019640
2019650
2019670
2019680
2019710
2019730
2019760
2019790
2019810
2019830
2019840
2019860
2019920
2019950
2019990
2020030
2020040
2020090
2020180
2020270
2020330
2020380
2020420
2020460
2020480
2020490
2020500
2020510
2020520
2020530
2020540
2020550
2020570
2020670
2020710
2020750
2020850
2020860
2021030
2021070
2021130
2021210
2021230
2021280
2021410
2021520
2021530
2021540
2021600
2021690
2021710
2021840
2021880
2021910
2022030
2022090
2022120
2022140
2022180
2022230
2022270
2022290
2022330
2022360
2022470
2022550
2022570
2022630
2022670
2022680
2022740
2022750
2022780
2022850
2022880
2022910
2022920
2022930
2022970
2022980
2022990
2023000
2023010
2023020
2023050
2023070
2023160
2023170
2023180
2023200
2023230
2023250
2023330
2023360
2023430
2023500
2023610
2023630
2023640
2023790
2023800
2023810
2023840
2023880
2023910
2023920
2023960
2024070
2024150
2024160
2024210
2024220
2024230
2024300
2024390
2024410
2024860
2024890
2024950
2024990
2025060
2025080
2025140
2025280
2025310
2025320
2025330
2025440
2025520
2025550
2025610
2025650
2025660
2025680
2025700
2025750
2025780
2025930
2025960
2026000
2026060
2026070
2026080
2026150
2026270
2026280
2026290
2026340
2026370
2026430
2026440
2026460
2026470
2026520
2026550
2026560
2026580
2026590
2026750
2026790
2026820
2026860
2026870
2026880
2026990
2027000
2027040
2027130
2027150
2027170
2027220
2027290
2027300
2027310
2027330
2027350
2027360
2027370
2027380
2027390
2027400
2027420
2027470
2027490
2027530
2027550
2027560
2027570
2027590
2027600
2027860
2027920
2027960
2027970
2050050
2050080
2050150
2050200
2050210
2050260
2050310
2050380
2050400
2050450
2050470
2050480
2050490
2050510
2050530
2050540
2050560
2050590
2050650
2050680
2050720
2050740
2050800
2050820
2050830
2050840
2050890
2050910
2050920
2051000
2051020
2051050
2051060
2051080
2051100
2051110
2051120
2051130
2051210
2051420
2051440
2051450
2051500
2051590
2051620
2051630
2051650
2051820
2051840
2051880
2051970
2052040
2052080
2052160
2052270
2052290
2052360
2052380
2052410
2052420
2052460
2052680
2052720
2052730
2052760
2052770
2052780
2052790
2052820
2052940
2052960
2052990
2053100
2053110
2053220
2053250
2053280
2053320
2053360
2053450
2053580
2053750
2053810
2053850
2053860
2053870
2053880
2053910
2053930
2053940
2053950
2054050
2054060
2054090
2054200
2054220
2054280
2054340
2054380
2054620
2054640
2054660
2054670
2054680
2054690
2054730
2054740
2054770
2054800
2054810
2054850
2054910
2054970
2055050
2055090
2055130
2055220
2055270
2055290
2055330
2055360
2055370
2055390
2055410
2055490
2055500
2055540
2055590
2055600
2055650
2055680
2055750
2055790
2055910
2056090
2056110
2056150
2056180
2056190
2056200
2056210
2056220
2056260
2056310
2056320
2056340
2056370
2056490
2056550
2056560
2056570
2056620
2056640
2056690
2056830
2056880
2056910
2056920
2056940
2056970
2057000
2057020
2057030
2057080
2057170
2057300
2057310
2057360
2057430
2057460
2057490
2057550
2057600
2057610
2057690
2057760
2057770
2057790
2057810
2057820
2057830
2057930
2057970
2057980
2058030
2058060
2058090
2058100
2058120
2058130
2058140
2058150
2058170
2058180
2058190
2058200
2058220
2058260
2058340
2058360
2058460
2058500
2058530
2058570
2058650
2058730
2058750
2058850
2058970
2058980
2059060
2059090
2059170
2059210
2059250
2059280
2059290
2059300
2059310
2059350
2059480
2059530
2059550
2059580
2059650
2059660
2059670
2059740
2059760
2059770
2059790
2059810
2059960
2060000
2060130
2060160
2060170
2060240
2060270
2060280
2060310
2060320
2060450
2060460
2060480
2060510
2060520
2060530
2060540
2060550
2060590
2060730
2060740
2060750
2060760
2060790
2060870
2061020
2061040
2061060
2061100
2061150
2061230
2061250
2061260
2061270
2061280
2061290
2061330
2061430
2061440
2061460
2061510
2061540
2061580
2061620
2061630
2061710
2061750
2061820
2061850
2061870
2061890
2061900
2061980
2061990
2062030
2062130
2062180
2062210
2062330
2062350
2062390
2062430
2062460
2062480
2062520
2062550
2062610
2062660
2062690
2062740
2062780
2062820
2062860
2062910
2062920
2062930
2062990
2063050
2063090
2063110
2063180
2063210
2063240
2063310
2063340
2063370
2063400
2063420
2063430
2063480
2063530
2063560
2063580
2063610
2063660
2063680
2063700
2063770
2063790
2063850
2063870
2063890
2063930
2063950
2063960
2063970
2064090
2064150
2064180
2064320
2064380
2064450
2064490
2064590
2064610
2064650
2064810
2064870
2064950
2064970
2065000
2065100
2065110
2065170
2065200
2065260
2065280
2065300
2065330
2065470
2065510
2065520
2065560
2065570
2065630
2065770
2065800
2065810
2065820
2065840
2065870
2066020
2066110
2066170
2066190
2066200
2066230
2066240
2066270
2066300
2066320
2066330
2066360
2066420
2066460
2066480
2066490
2066520
2066530
2066550
2066690
2066780
2066880
2066910
2066920
2066940
2066950
2066960
2066980
2067000
2067020
2067030
2067050
2067080
2067160
2067220
2067260
2067270
2067310
2067350
2067430
2067490
2067570
2067590
2067610
2067670
2067700
2067750
2067760
2067780
2067790
2067850
2067920
2067930
2067950
2067970
2068040
2068070
2068080
2068120
2068200
2068210
2068220
2068230
2068280
2068350
2068360
2068370
2068400
2068460
2068520
2068550
2068560
2068580
2068630
2068670
2068710
2068930
2068980
2069000
2069040
2069090
2069110
2069220
2069250
2069310
2069340
2069380
2069410
2069420
2069480
2069500
2069550
2069580
2069640
2069750
2069760
2069800
2069900
2069990
2070000
2070030
2070060
2070120
2070170
2070270
2070280
2070370
2070420
2070440
2070540
2070550
2070560
2070580
2070680
2070760
2070830
2070850
2070860
2070880
2070900
2070990
2071040
2071050
2071120
2071200
2071280
2071300
2071330
2071360
2071400
2071430
2071500
2071510
2071520
2071530
2071540
2071560
2071600
2071690
2071700
2071720
2071750
2071930
2071980
2072030
2072040
2072080
2072110
2072130
2072140
2072150
2072170
2072230
2072360
2072400
2072420
2072430
2072440
2072450
2072470
2072490
2072510
2072540
2072550
2072560
2072580
2072590
2072640
2072660
2072680
2072780
2072820
2072840
2072890
2072970
2072980
2073030
2073050
2073110
2073140
2073220
2073250
2073280
2073410
2073420
2073450
2073470
2073530
2073570
2073620
2073630
2073640
2073710
2073790
2073820
2073830
2073850
2073880
2073900
2073910
2073970
2074000
2074040
2074050
2074200
2074210
2074260
2074310
2074320
2074330
2074360
2074370
2074460
2074480
2074500
2074530
2074550
2074580
2074630
2074690
2074700
2074710
2074740
2074750
2074780
2074800
2074810
2074890
2074900
2074920
2074940
2074980
2075050
2075070
2075100
2075140
2075240
2075290
2075340
2075370
2075390
2075410
2075480
2075490
2075510
2075580
2075630
2075660
2075720
2075920
2075980
2076010
2076030
2076140
2076150
2076220
2076240
2076250
2076290
2076320
2076370
2076390
2076430
2076450
2076560
2076580
2076740
2076800
2076810
2076820
2076840
2076850
2076890
2076910
2076950
2077020
2077040
2077080
2077100
2077130
2077150
2077170
2077180
2077270
2077310
2077380
2077400
2077430
2077460
2077530
2077550
2077590
2077650
2077720
2077750
2077770
2077800
2077820
2077850
2077870
2077910
2077940
2077950
2077990
2078000
2078010
2078040
2078070
2078160
2078210
2078220
2078230
2078290
2078350
2078360
2078450
2078460
2078510
2078610
2078680
2078780
2078820
2078830
2078910
2079010
2079040
2079080
2079120
2079180
2079230
2079370
2079380
2079500
2079520
2079590
2079600
2079610
2079710
2079810
2079890
2079950
2079980
2079990
2080010
2080140
2080210
2080240
2080250
2080290
2080350
2080580
2080640
2080690
2080730
2080820
2080850
2080930
2080950
2080980
2081010
2081080
2081180
2081230
2081240
2081310
2081340
2081400
2081420
2081430
2081460
2081470
2081480
2081490
2081630
2081640
2081670
2081690
2081750
2081830
2081860
2081870
2081880
2081930
2082060
2082170
2082260
2082270
2082290
2082320
2082350
2082370
2082410
2082510
2082520
2082540
2082550
2082560
2082580
2082650
2082840
2082860
2082950
2082990
2083010
2083060
2083160
2083180
2083210
2083240
2083250
2083320
2083360
2083380
2083450
2083540
2083560
2083600
2083630
2083640
2083690
2083700
2083790
2083800
2083840
2083860
2083900
2083910
2083920
2084000
2084010
2084050
2084090
2084110
2084180
2084220
2084230
2084270
2084300
2084380
2084450
2084470
2084520
2084590
2084620
2084660
2084720
2084730
2084820
2084930
2084940
2084970
2085000
2085040
2085100
2085160
2085230
2085260
2085270
2085330
2085360
2085370
2085410
2085440
2085460
2085490
2085510
2085540
2085550
2085620
2085790
2085800
2085890
2085910
2085920
2085970
2086050
2086060
2086120
2086140
2086150
2086180
2086220
2086280
2086360
2086370
2086380
2086430
2086460
2086520
2086540
2086570
2086580
2086680
2086850
2086890
2086970
2086980
2086990
2087000
2087030
2087180
2087290
2087300
2087390
2087430
2087450
2087460
2087470
2087480
2087610
2087910
2087940
2087960
2088000
2088030
2088080
2088160
2088250
2088270
2088280
2088340
2088360
2088400
2088520
2088550
2088570
2088600
2088630
2088650
2088670
2088680
2088750
2088770
2088840
2088850
2088920
2088930
2089000
2089040
2089060
2089120
2089140
2089170
2089180
2089250
2089330
2089340
2089350
2089450
2089490
2089500
2089510
2089520
2089590
2089600
2089630
2089710
2089730
2089750
2089800
2089810
2089830
2089840
2089920
2089980
2090040
2090100
2090140
2090150
2090170
2090180
2090220
2090250
2090260
2090270
2090370
2090390
2090450
2090600
2090630
2090650
2090760
2090800
2090810
2090830
2090840
2090850
2090890
2090920
2090980
2091020
2091160
2091220
2091250
2091280
2091300
2091330
2091350
2091370
2091410
2091440
2091500
2091510
2091520
2091610
2091620
2091630
2091640
2091680
2091720
2091730
2091750
2091760
2091790
2091820
2091830
2091850
2091880
2091930
2091960
2091980
2092040
2092050
2092070
2092130
2092170
2092180
2092190
2092240
2092260
2092270
2092460
2092520
2092530
2092560
2092620
2092660
2092700
2092710
2092730
2092750
2092790
2092840
2092850
2092970
2093000
2093010
2093020
2093050
2093060
2093070
2093100
2093200
2093250
2093270
2093290
2093330
2093340
2093380
2093410
2093420
2093590
2093610
2093640
2093680
2093760
2093800
2093850
2093860
2093870
2093880
2093900
2093910
2093920
2093940
2093970
2093980
2094070
2094090
2094140
2094160
2094170
2094180
2094190
2094230
2094250
2094270
2094300
2094320
2094340
2094350
2094370
2094380
2094390
2094440
2094550
2094580
2094600
2094620
2094640
2094680
2094730
2094750
2094760
2094850
2094910
2094920
2094930
2095000
2095040
2095070
2095080
2095090
2095120
2095130
2095140
2095180
2095190
2095230
2095250
2095290
2095300
2095330
2095340
2095420
2095430
2095450
2095510
2095530
2095540
2095550
2095570
2095650
2095740
2095760
2095770
2095870
2095890
2095900
2095960
2096030
2096040
2096080
2096130
2096150
2096220
2096380
2096400
2096480
2096510
2096560
2096570
2096580
2096600
2096610
2096620
2096680
2096770
2096800
2096860
2097030
2097100
2097160
2097180
2097230
2097290
2097320
2097360
2097410
2097480
2097490
2097540
2097570
2097620
2097720
2097730
2097740
2097750
2097770
2097840
2097850
2097880
2097890
2097910
2097960
2098070
2098100
2098110
2098120
2098130
2098140
2098150
2098160
2098210
2098230
2098290
2098350
2098370
2098450
2098470
2098510
2098550
2098560
2098760
2098790
2098820
2098840
2098870
2098940
2098950
2098970
2099000
2099010
2099030
2099040
2099080
2099110
2099150
2099160
2099220
2099240
2099370
2099440
2099670
2099680
2099790
2099870
2099900
2099930
2099940
2099990
2100000
2100040
2100090
2100140
2100150
2100160
2100180
2100200
2100230
2100280
2100300
2100460
2100540
2100610
2100710
2100720
2100730
2100780
2100790
2100840
2100850
2100940
2100980
2101110
2101130
2101190
2101210
2101220
2101230
2101240
2101250
2101260
2101270
2101280
2101290
2101330
2101340
2101350
2101380
2101390
2101400
2101410
2101440
2101480
2101490
2101500
2101600
2101630
2101680
2101710
2101730
2101740
2101760
2101800
2101860
2101890
2101960
2101990
2102000
2102020
2102040
2102080
2102110
2102200
2102220
2102280
2102320
2102410
2102440
2102450
2102480
2102490
2102500
2102520
2102530
2102610
2102640
2102670
2102680
2102750
2102760
2102830
2102880
2102940
2103020
2103070
2103090
2103130
2103140
2103160
2103180
2103190
2103200
2103230
2103320
2103330
2103340
2103350
2103370
2103390
2103400
2103470
2103480
2103510
2103530
2103560
2103640
2103680
2103690
2103710
2103940
2104010
2104060
2104120
2104320
2104330
2104340
2104360
2104450
2104460
2104520
2104530
2104560
2104570
2104600
2104670
2104750
2104760
2104770
2104840
2104860
2104870
2104880
2104890
2104920
2105000
2105020
2105090
2105130
2105250
2105370
2105400
2105480
2105660
2105690
2105720
2105750
2105760
2105860
2105910
2105940
2105960
2105980
2105990
2106040
2106110
2106170
2106290
2106450
2106520
2106560
2106610
2106630
2106670
2106680
2106720
2106760
2106770
2106810
2106820
2106840
2106850
2106860
2107030
2107040
2107090
2107130
2107150
2107170
2107180
2107270
2107280
2107290
2107520
2107540
2107550
2107710
2107850
2107860
2108060
2108110
2108180
2108210
2108240
2108280
2108290
2108400
2108410
2108420
2108440
2108550
2108560
2108580
2108600
2108630
2108760
2108820
2109010
2109020
2109060
2109090
2109160
2109270
2109300
2109310
2109340
2109370
2109380
2109390
2109400
2109430
2109460
2109470
2109570
2109640
2109690
2109700
2109730
2109750
2109840
2109850
2109880
2110110
2110300
2110360
2110430
2110460
2110510
2110530
2110540
2110550
2110600
2110700
2110740
2110750
2110820
2110890
2110960
2110990
2111020
2111040
2111060
2111070
2111090
2111170
2111190
2111200
2111220
2111280
2111360
2111400
2111410
2111420
2111470
2111490
2111520
2111540
2111590
2111610
2111630
2111710
2111760
2111780
2111870
2111920
2111980
2112090
2112150
2112160
2112200
2112210
2112230
2112270
2112290
2112380
2112520
2112540
2112580
2112680
2112730
2112750
2112810
2112880
2113000
2113040
2113050
2113120
2113150
2113290
2113330
2113410
2113450
2113490
2113500
2113530
2113540
2113570
2113630
2113650
2113660
2113690
2113770
2113790
2113850
2113900
2113920
2113970
2113990
2114020
2114100
2114180
2114190
2114240
2114320
2114330
2114350
2114360
2114370
2114380
2114500
2114560
2114580
2114660
2114670
2114680
2114710
2114740
2114750
2114760
2114770
2114790
2114810
2114820
2114890
2114920
2114970
2114980
2114990
2115060
2115120
2115130
2115170
2115340
2115390
2115400
2115440
2115450
2115460
2115470
2115480
2115500
2115510
2115530
2115610
2115650
2115720
2115760
2115770
2115800
2115820
2115850
2115920
2115950
2116000
2116060
2116070
2116120
2116180
2116260
2116300
2116380
2116510
2116520
2116600
2116620
2116680
2116690
2116750
2116780
2116790
2116800
2116840
2116850
2116920
2116930
2116980
2117120
2117130
2117140
2117230
2117290
2117400
2117420
2117430
2117510
2117580
2117670
2117680
2117700
2117770
2117780
2117930
2117960
2118120
2118130
2118250
2118280
2118360
2118370
2118420
2118500
2118540
2118570
2118580
2118610
2118680
2118730
2118740
2118750
2118810
2118850
2118880
2118910
2118940
2119000
2119050
2119160
2119210
2119240
2119440
2119550
2119580
2119590
2119640
2119650
2119660
2119670
2119680
2119740
2119800
2119830
2119840
2119850
2119920
2119940
2119970
2120060
2120070
2120120
2120250
2120310
2120320
2120670
2120680
2120730
2120750
2120810
2120840
2120850
2120870
2120900
2120950
2120960
2121100
2121150
2121190
2121210
2121320
2121350
2121360
2121370
2121430
2121490
2121620
2121840
2121980
2122010
2122040
2122050
2122070
2122090
2122110
2122130
2122140
2122160
2122170
2122190
2122360
2122430
2122500
2122550
2122800
2122810
2122880
2122960
2123000
2123030
2123100
2123120
2123140
2123150
2123290
2123320
2123350
2123380
2123390
2123430
2123450
2123470
2123510
2123640
2123800
2123840
2123890
2124070
2124100
2124120
2124230
2124240
2124380
2124390
2124420
2124440
2124460
2124470
2124490
2124570
2124650
2124660
2124740
2124770
2124780
2124790
2124810
2124870
2124930
2125070
2125090
2125160
2125250
2125300
2125340
2125370
2125420
2125430
2125500
2125540
2125550
2125580
2125720
2125770
2125800
2125810
2125930
2125950
2126010
2126020
2126100
2126130
2126170
2126190
2126300
2126370
2126400
2126500
2126590
2126600
2126620
2126630
2126650
2126680
2126790
2126820
2126870
2126940
2126970
2126980
2126990
2127010
2127030
2127100
2127230
2127300
2127310
2127350
2127420
2127430
2127660
2127790
2127800
2127830
2127920
2128010
2128020
2128030
2128040
2128050
2128120
2128130
2128180
2128220
2128270
2128300
2128330
2128410
2128440
2128480
2128490
2128530
2128540
2128690
2128750
2128770
2128810
2128870
2128910
2128940
2129000
2129020
2129090
2129150
2129160
2129200
2129220
2129230
2129280
2129290
2129390
2129490
2129530
2129540
2129650
2129670
2129720
2129770
2129800
2129810
2129820
2129830
2129850
2129910
2129970
2130000
2130060
2130080
2130150
2130170
2130180
2130230
2130380
2130430
2130460
2130470
2130500
2130540
2130550
2130590
2130650
2130680
2130740
2130750
2130960
2131010
2131050
2131150
2131180
2131200
2131350
2131380
2131430
2131550
2131620
2131630
2131640
2131650
2131680
2131690
2131710
2131780
2131800
2131820
2131920
2131960
2131980
2132040
2132070
2132350
2132370
2132380
2132430
2132450
2132480
2132540
2132560
2132570
2132690
2132770
2132840
2132850
2132890
2132930
2133040
2133050
2133070
2133080
2133100
2133190
2133240
2133250
2133330
2133360
2133400
2133470
2133520
2133530
2133590
2133760
2133830
2133870
2133930
2134030
2134170
2134300
2134320
2134330
2134410
2134540
2134560
2134580
2134600
2134630
2134650
2134760
2134770
2134860
2134920
2134970
2134980
2135030
2135060
2135070
2135080
2135090
2135130
2135150
2135190
2135380
2135430
2135500
2135580
2135630
2135640
2135690
2135850
2135960
2135970
2135980
2136020
2136060
2136090
2136110
2136130
2136180
2136210
2136380
2136400
2136450
2136550
2136700
2136770
2136800
2136810
2136820
2136950
2136990
2137090
2137140
2137220
2137250
2137300
2137350
2137370
2137400
2137460
2137470
2137560
2137600
2137660
2137680
2137700
2137740
2137760
2137770
2137790
2137840
2137880
2138000
2138010
2138090
2138100
2138130
2138140
2138150
2138180
2138250
2138290
2138300
2138320
2138330
2138350
2138360
2138370
2138450
2138480
2138510
2138520
2138570
2138580
2138600
2138610
2138700
2138710
2138720
2138780
2138790
2138830
2138930
2138960
2138990
2139020
2139290
2139300
2139310
2139350
2139440
2139460
2139520
2139530
2139630
2139650
2139690
2139730
2139800
2139840
2139870
2139890
2139990
2140000
2140010
2140020
2140050
2140070
2140100
2140150
2140220
2140410
2140480
2140510
2140570
2140590
2140600
2140610
2140650
2140700
2140810
2140840
2140850
2140870
2140880
2140900
2140960
2141040
2141050
2141090
2141100
2141200
2141250
2141260
2141330
2141470
2141520
2141580
2141590
2141690
2141700
2141710
2141730
2141770
2141810
2141820
2141910
2141960
2141970
2141980
2141990
2142090
2142110
2142160
2142220
2142230
2142240
2142250
2142260
2142330
2142370
2142450
2142470
2142510
2142530
2142540
2142630
2142640
2142680
2142710
2142780
2142790
2142810
2142820
2142830
2142840
2142850
2142860
2142870
2142920
2143010
2143030
2143050
2143140
2143160
2143170
2143200
2143340
2143420
2143450
2143540
2143620
2143680
2143770
2143810
2143870
2143880
2143930
2143980
2144040
2144050
2144080
2144180
2144220
2144230
2144260
2144270
2144280
2144290
2144320
2144350
2144360
2144390
2144460
2144480
2144560
2144590
2144600
2144620
2144640
2144690
2144700
2144710
2144740
2144830
2145000
2145080
2145110
2145220
2145460
2145530
2145780
2145810
2146040
2146050
2146060
2146070
2146140
2146170
2146180
2146190
2146230
2146300
2146390
2146430
2146440
2146450
2146490
2146560
2146570
2146600
2146610
2146680
2146720
2146770
2146790
2146950
2146960
2147020
2147030
2147050
2147080
2147110
2147130
2147220
2147260
2147340
2147380
2147450
2147490
2147530
2147580
2147600
2147640
2147670
2147680
2147710
2147730
2147950
2148170
2148220
2148280
2148320
2148400
2148560
2148580
2148610
2148720
2148740
2148750
2148760
2148830
2148850
2148900
2148930
2148940
2148970
2149070
2149120
2149190
2149200
2149280
2149290
2149400
2149420
2149430
2149480
2149530
2149580
2149610
2149630
2149660
2149690
2149840
2149900
2149940
2149980
2150170
2150310
2150370
2150490
2150510
2150560
2150630
2150660
2150820
2150870
2150910
2150930
2150950
2150970
2151040
2151070
2151130
2151190
2151200
2151220
2151290
2151310
2151420
2151430
2151450
2151480
2151580
2151600
2151630
2151660
2151700
2151710
2151770
2151790
2151820
2151830
2151900
2151950
2152000
2152050
2152070
2152080
2152090
2152100
2152190
2152250
2152290
2152350
2152440
2152460
2152540
2152560
2152610
2152630
2152740
2152780
2152810
2152940
2152990
2153000
2153050
2153140
2153190
2153280
2153310
2153330
2153340
2153350
2153360
2153390
2153410
2153420
2153430
2153570
2153590
2153610
2153630
2153640
2153660
2153750
2153770
2153780
2153870
2153920
2154070
2154140
2154230
2154240
2154250
2154270
2154290
2154330
2154380
2154400
2154530
2154570
2154630
2154640
2154650
2154720
2154730
2154800
2154840
2154940
2154960
2154990
2155010
2155050
2155060
2155100
2155180
2155220
2155280
2155290
2155480
2155500
2155600
2155710
2155720
2155750
2155770
2155800
2155970
2155980
2156010
2156250
2156270
2156410
2156440
2156610
2156620
2156770
2156830
2156870
2156880
2156960
2157000
2157060
2157070
2157110
2157210
2157250
2157340
2157440
2157450
2157510
2157560
2157630
2157650
2157680
2157710
2157830
2157860
2157910
2158030
2158130
2158160
2158270
2158340
2158430
2158500
2158530
2158600
2158620
2158650
2158670
2158690
2158700
2158730
2158740
2158810
2158850
2158900
2159050
2159060
2159090
2159120
2159190
2159210
2159230
2159300
2159370
2159450
2159470
2159500
2159520
2159530
2159590
2159650
2159670
2159680
2159720
2159730
2159740
2159770
2159780
2159860
2159870
2159880
2159900
2159960
2160000
2160190
2160220
2160230
2160240
2160360
2160420
2160430
2160460
2160470
2160480
2160780
2160840
2161000
2161050
2161090
2161110
2161190
2161270
2161300
2161410
2161430
2161440
2161450
2161590
2161600
2161620
2161700
2161810
2161870
2161900
2161940
2162020
2162050
2162070
2162130
2162160
2162250
2162380
2162390
2162520
2162610
2162680
2162720
2162750
2162780
2162790
2162800
2162810
2162820
2162900
2162950
2162960
2162970
2162980
2163000
2163030
2163050
2163060
2163100
2163140
2163160
2163190
2163210
2163220
2163330
2163430
2163450
2163460
2163480
2163520
2163540
2163590
2163620
2163680
2163710
2163730
2163860
2163890
2164030
2164220
2164240
2164280
2164310
2164390
2164490
2164630
2164670
2164690
2164750
2164760
2164780
2164790
2164810
2164870
2164930
2164970
2165030
2165140
2165340
2165350
2165370
2165380
2165390
2165440
2165470
2165550
2165610
2165620
2165690
2165740
2165800
2165890
2166020
2166050
2166060
2166070
2166140
2166170
2166190
2166200
2166260
2166370
2166430
2166450
2166470
2166490
2166500
2166510
2166530
2166540
2166610
2166640
2166710
2166720
2166750
2166780
2166820
2166850
2166880
2166910
2166920
2166990
2167040
2167110
2167130
2167220
2167260
2167330
2167340
2167370
2167430
2167530
2167580
2167600
2167700
2167710
2167750
2167760
2167770
2167790
2167800
2167830
2167840
2167860
2167880
2167890
2167900
2167960
2167990
2168080
2168090
2168150
2168200
2168240
2168260
2168450
2168490
2168530
2168600
2168610
2168630
2168660
2168680
2168690
2168760
2168810
2168870
2168880
2168910
2169000
2169120
2169140
2169200
2169220
2169300
2169350
2169460
2169680
2169730
2169760
2169770
2169790
2169800
2169830
2169950
2170050
2170070
2170100
2170160
2170230
2170240
2170370
2170410
2170430
2170450
2170520
2170590
2170700
2170740
2170760
2170890
2170960
2170970
2171010
2171100
2171120
2171160
2171170
2171180
2171230
2171240
2171270
2171280
2171290
2171300
2171420
2171440
2171450
2171460
2171500
2171540
2171550
2171560
2171570
2171630
2171640
2171650
2171680
2171690
2171720
2171750
2171790
2171830
2171840
2171880
2171920
2171930
2171970
2172010
2172030
2172110
2172150
2172180
2172190
2172260
2172290
2172320
2172410
2172420
2172470
2172490
2172500
2172520
2172580
2172630
2172690
2172750
2172760
2172780
2172870
2172900
2172940
2172980
2173300
2173380
2173460
2173550
2173560
2173570
2173580
2173600
2173640
2173650
2173660
2173680
2173700
2173730
2173760
2173800
2173870
2173880
2173890
2173900
2173910
2173920
2173940
2173950
2174070
2174080
2174110
2174160
2174170
2174320
2174330
2174420
2174440
2174460
2174500
2174560
2174600
2174620
2174720
2174840
2174900
2174930
2175040
2175090
2175100
2175140
2175150
2175190
2175200
2175250
2175260
2175280
2175390
2175450
2175490
2175510
2175540
2175570
2175640
2175650
2175700
2175770
2175780
2175800
2175900
2175920
2175960
2176060
2176070
2176130
2176140
2176160
2176180
2176190
2176200
2176240
2176310
2176320
2176400
2176430
2176450
2176460
2176510
2176560
2176570
2176630
2176670
2176760
2176790
2176850
2176900
2176930
2176940
2177010
2177030
2177040
2177150
2177160
2177170
2177200
2177210
2177290
2177320
2177410
2177420
2177490
2177540
2177550
2177570
2177600
2177610
2177670
2177680
2177700
2177710
2177720
2177730
2177800
2177820
2177930
2177980
2178010
2178070
2178090
2178170
2178180
2178310
2178330
2178340
2178380
2178410
2178430
2178480
2178490
2178540
2178560
2178570
2178590
2178620
2178670
2178860
2178920
2178930
2178970
2178990
2179030
2179060
2179100
2179170
2179220
2179260
2179270
2179290
2179300
2179350
2179360
2179370
2179380
2179420
2179440
2179460
2179470
2179490
2179520
2179630
2179650
2179770
2179790
2179850
2179860
2180000
2180010
2180030
2180050
2180070
2180210
2180320
2180330
2180340
2180350
2180410
2180430
2180470
2180520
2180550
2180560
2180600
2180610
2180680
2180700
2180710
2180740
2180750
2180800
2180820
2180840
2180890
2180920
2180980
2181000
2181060
2181100
2181140
2181180
2181220
2181230
2181440
2181450
2181560
2181610
2181620
2181640
2181650
2181720
2181730
2181800
2181830
2181930
2181940
2181950
2181980
2182020
2182070
2182080
2182110
2182130
2182160
2182350
2182370
2182390
2182400
2182420
2182450
2182530
2182630
2182640
2182660
2182680
2182690
2182710
2182750
2182790
2182820
2182840
2182850
2182950
2183030
2183070
2183080
2183120
2183170
2183190
2183200
2183230
2183240
2183300
2183310
2183320
2183530
2183600
2183650
2183660
2183670
2183720
2183770
2183790
2183870
2183900
2183910
2183930
2184010
2184100
2184110
2184130
2184150
2184230
2184270
2184350
2184380
2184390
2184400
2184410
2184420
2184440
2184470
2184490
2184540
2184570
2184580
2184590
2184600
2184610
2184620
2184630
2184650
2184720
2184770
2184980
2185030
2185050
2185060
2185080
2185180
2185190
2185240
2185290
2185350
2185400
2185470
2185490
2185560
2185570
2185580
2185600
2185630
2185730
2185760
2185770
2185780
2185810
2185840
2185850
2185870
2185880
2185890
2185900
2185920
2185930
2185990
2186000
2186010
2186080
2186100
2186240
2186270
2186300
2186320
2186360
2186380
2186400
2186490
2186500
2186530
2186570
2186580
2186680
2186690
2186700
2186740
2186780
2186970
2186980
2186990
2187020
2187030
2187050
2187130
2187160
2187210
2187220
2187230
2187290
2187300
2187320
2187340
2187370
2187430
2187570
2187640
2187690
2187720
2187740
2187840
2187850
2187920
2187930
2188180
2188230
2188430
2188470
2188480
2188500
2188510
2188620
2188630
2188650
2188690
2188740
2188790
2188880
2188960
2189040
2189120
2189150
2189160
2189290
2189310
2189420
2189430
2189470
2189530
2189620
2189630
2189640
2189670
2189690
2189760
2189860
2189890
2189910
2189970
2189980
2189990
2190160
2190170
2190200
2190210
2190220
2190230
2190240
2190260
2190270
2190280
2190290
2190310
2190320
2190360
2190370
2190380
2190390
2190400
2190420
2190470
2190550
2190570
2190590
2190600
2190670
2190690
2190760
2190810
2190900
2190920
2190950
2191020
2191080
2191100
2191160
2191190
2191210
2191270
2191400
2191480
2191490
2191500
2191540
2191550
2191560
2191610
2191620
2191660
2191670
2191770
2191820
2191860
2191870
2191920
2191940
2191950
2192050
2192060
2192170
2192260
2192270
2192290
2192350
2192400
2192480
2192490
2192500
2192620
2192630
2192650
2192670
2192680
2192730
2192750
2192790
2192900
2192920
2192970
2193050
2193070
2193080
2193090
2193220
2193270
2193380
2193420
2193490
2193540
2193570
2193580
2193650
2193690
2193720
2193750
2193760
2193870
2193900
2193910
2193920
2193940
2194000
2194120
2194160
2194190
2194300
2194400
2194410
2194510
2194530
2194610
2194660
2194670
2194700
2194710
2194730
2194760
2194790
2194800
2194810
2194880
2194930
2194980
2195010
2195120
2195140
2195200
2195230
2195340
2195350
2195400
2195410
2195430
2195470
2195530
2195560
2195610
2195630
2195650
2195670
2195720
2195780
2195790
2195910
2196100
2196120
2196210
2196240
2196270
2196300
2196390
2196420
2196440
2196490
2196560
2196570
2196640
2196700
2196790
2196850
2196930
2196950
2196980
2197000
2197030
2197160
2197170
2197320
2197340
2197350
2197360
2197470
2197490
2197500
2197540
2197550
2197650
2197680
2197760
2197780
2197840
2197870
2197890
2197960
2198000
2198030
2198070
2198150
2198170
2198510
2198590
2198610
2198640
2198650
2198680
2198740
2198770
2198800
2198830
2198940
2198950
2198970
2199060
2199200
2199230
2199250
2199270
2199310
2199330
2199340
2199360
2199420
2199490
2199510
2199560
2199580
2199630
2199750
2199810
2199860
2199930
2200030
2200170
2200190
2200270
2200320
2200350
2200360
2200370
2200380
2200390
2200400
2200410
2200420
2200470
2200480
2200490
2200500
2200510
2200570
2200580
2200590
2200620
2200670
2200700
2200780
2200790
2200820
2200900
2201040
2201070
2201120
2201130
2201150
2201190
2201210
2201230
2201240
2201260
2201280
2201320
2201390
2201500
2201710
2201810
2201880
2201910
2201930
2201940
2202010
2202020
2202070
2202120
2202140
2202150
2202220
2202290
2202340
2202400
2202430
2202470
2202510
2202590
2202690
2202710
2202720
2202750
2202770
2202860
2202880
2202890
2202900
2202910
2202950
2203040
2203070
2203130
2203170
2203210
2203420
2203500
2203510
2203520
2203570
2203590
2203710
2203720
2203730
2203770
2203780
2203800
2203860
2203950
2203990
2204040
2204130
2204170
2204270
2204350
2204470
2204600
2204620
2204730
2204750
2204780
2204830
2204870
2204940
2204960
2204970
2205190
2205230
2205290
2205330
2205380
2205460
2205500
2205600
2205640
2205670
2205690
2205710
2205730
2205750
2205760
2205800
2205850
2205870
2205950
2205990
2206130
2206140
2206210
2206240
2206270
2206320
2206340
2206350
2206390
2206410
2206430
2206450
2206460
2206490
2206500
2206550
2206560
2206570
2206580
2206590
2206610
2206630
2206660
2206680
2206690
2206700
2206720
2206770
2206780
2206820
2206930
2206960
2206980
2207010
2207030
2207040
2207050
2207060
2207070
2207080
2207110
2207120
2207160
2207230
2207440
2207470
2207480
2207490
2207540
2207560
2207590
2207600
2207630
2207670
2207750
2207910
2207970
2208000
2208040
2208060
2208070
2208130
2208180
2208300
2208350
2208450
2208520
2208530
2208570
2208620
2208780
2208900
2208920
2209020
2209140
2209150
2209190
2209500
2209580
2209610
2209640
2209650
2209660
2209670
2209680
2209710
2209790
2209800
2209810
2209860
2209910
2209920
2209990
2210000
2210050
2210140
2210210
2210300
2210450
2210590
2210700
2210710
2210720
2210750
2210780
2210810
2211070
2211090
2211120
2211170
2211190
2211250
2211260
2211280
2211350
2211370
2211390
2211410
2211460
2211520
2211570
2211640
2211660
2211730
2211750
2211870
2211970
2212110
2212200
2212240
2212330
2212390
2212410
2212520
2212590
2212650
2212670
2212700
2212840
2212880
2212940
2213070
2213120
2213190
2213230
2213260
2213290
2213300
2213330
2213340
2213390
2213420
2213430
2213500
2213600
2213660
2213700
2213770
2213830
2213850
2213980
2213990
2214000
2214010
2214040
2214090
2214170
2214220
2214250
2214260
2214300
2214310
2214500
2214570
2214580
2214600
2214650
2214840
2214880
2214890
2214950
2215060
2215080
2215180
2215190
2215200
2215220
2215260
2215270
2215290
2215390
2215410
2215420
2215430
2215500
2215540
2215570
2215590
2215640
2215650
2215670
2215690
2215780
2215820
2215910
2215980
2216000
2216060
2216090
2216110
2216120
2216130
2216170
2216180
2216240
2216250
2216300
2216360
2216370
2216440
2216510
2216660
2216690
2216700
2216750
2216770
2216830
2216860
2216960
2216970
2216980
2217000
2217030
2217100
2217130
2217210
2217420
2217440
2217450
2217480
2217550
2217580
2217590
2217720
2217730
2217740
2217800
2217810
2217840
2217910
2217980
2218030
2218090
2218180
2218190
2218210
2218290
2218300
2218320
2218350
2218380
2218400
2218430
2218440
2218460
2218510
2218530
2218560
2218570
2218660
2218680
2218720
2218750
2218770
2218800
2218850
2218910
2218930
2218970
2218980
2219000
2219050
2219180
2219190
2219200
2219270
2219280
2219340
2219410
2219450
2219470
2219520
2219530
2219580
2219660
2219690
2219800
2219810
2219820
2219840
2219880
2219890
2219970
2219990
2220040
2220070
2220110
2220170
2220350
2220360
2220390
2220450
2220480
2220520
2220590
2220690
2220730
2220740
2220810
2220850
2220870
2220980
2221050
2221100
2221150
2221170
2221270
2221360
2221390
2221440
2221490
2221500
2221540
2221560
2221570
2221580
2221590
2221780
2221790
2221820
2221840
2221920
2221980
2222020
2222070
2222150
2222180
2222190
2222200
2222220
2222240
2222250
2222260
2222310
2222370
2222480
2222540
2222830
2222850
2222870
2222890
2222910
2222950
2222970
2223150
2223230
2223240
2223310
2223420
2223440
2223470
2223510
2223590
2223640
2223660
2223700
2223740
2223810
2223820
2223840
2223850
2223900
2224020
2224030
2224090
2224120
2224160
2224180
2224260
2224350
2224400
2224430
2224440
2224530
2224610
2224640
2224660
2224740
2224790
2224850
2225010
2225030
2225070
2225080
2225130
2225210
2225250
2225300
2225450
2225480
2225530
2225610
2225660
2225680
2225750
2225800
2225830
2225870
2225940
2225950
2225960
2226000
2226030
2226040
2226050
2226080
2226140
2226160
2226280
2226430
2226440
2226470
2226480
2226550
2226610
2226640
2226660
2226700
2226730
2226750
2226780
2226800
2226810
2226840
2226870
2226890
2226920
2226980
2226990
2227030
2227080
2227110
2227130
2227150
2227180
2227220
2227290
2227340
2227450
2227690
2227840
2227860
2227890
2227960
2227990
2228010
2228030
2228100
2228120
2228140
2228170
2228210
2228280
2228340
2228390
2228400
2228430
2228490
2228580
2228650
2228670
2228830
2228890
2228960
2229020
2229110
2229130
2229160
2229250
2229260
2229290
2229300
2229350
2229460
2229480
2229490
2229560
2229570
2229630
2229680
2229710
2229750
2229770
2229830
2229840
2229850
2229870
2229880
2229890
2229920
2229940
2229950
2229990
2230070
2230080
2230090
2230110
2230170
2230210
2230220
2230280
2230290
2230370
2230420
2230500
2230560
2230590
2230620
2230650
2230680
2230740
2230760
2230770
2230820
2230870
2230960
2230970
2230980
2230990
2231010
2231040
2231060
2231170
2231190
2231280
2231300
2231310
2231380
2231410
2231450
2231520
2231560
2231580
2231620
2231730
2231790
2231830
2231850
2231870
2231890
2231900
2231970
2232060
2232100
2232110
2232180
2232200
2232290
2232320
2232380
2232600
2232640
2232650
2232770
2232790
2232810
2232840
2232870
2232880
2232950
2232970
2233040
2233070
2233120
2233130
2233140
2233220
2233240
2233300
2233310
2233360
2233540
2233580
2233590
2233600
2233700
2233720
2233730
2233750
2233770
2233790
2233840
2233850
2233870
2233890
2233900
2233920
2233980
2234000
2234020
2234060
2234080
2234140
2234150
2234180
2234190
2234200
2234230
2234250
2234310
2234340
2234400
2234470
2234500
2234550
2234580
2234600
2234690
2234770
2234790
2234820
2234890
2234960
2235020
2235080
2235090
2235150
2235200
2235230
2235240
2235340
2235350
2235440
2235500
2235550
2235610
2235620
2235690
2235760
2235780
2235790
2235800
2235810
2235820
2235890
2235900
2235930
2236060
2236070
2236140
2236220
2236240
2236300
2236480
2236590
2236690
2236860
2236870
2236880
2236900
2236920
2236930
2236950
2236960
2237070
2237190
2237200
2237270
2237350
2237360
2237370
2237440
2237520
2237690
2237730
2237740
2237940
2237950
2237970
2237980
2238010
2238040
2238060
2238070
2238080
2238170
2238180
2238310
2238430
2238470
2238610
2238630
2238740
2238750
2238900
2238980
2239020
2239050
2239080
2239130
2239140
2239150
2239220
2239300
2239310
2239320
2239340
2239360
2239520
2239550
2239610
2239650
2239710
2239820
2239840
2239870
2240080
2240090
2240100
2240110
2240130
2240150
2240200
2240220
2240300
2240390
2240430
2240530
2240620
2240630
2240690
2240700
2240710
2240780
2240790
2240910
2240920
2241000
2241020
2241120
2241130
2241140
2241190
2241200
2241350
2241360
2241380
2241410
2241560
2241590
2241630
2241680
2241790
2241800
2241860
2241890
2241910
2241970
2241980
2242100
2242200
2242220
2242290
2242310
2242320
2242420
2242470
2242500
2242510
2242550
2242600
2242620
2242710
2242760
2242820
2242840
2242890
2242970
2242980
2243040
2243050
2243070
2243080
2243090
2243100
2243110
2243140
2243160
2243170
2243180
2243190
2243200
2243250
2243550
2243560
2243570
2243580
2243600
2243630
2243670
2243710
2243880
2243920
2243950
2243980
2244020
2244080
2244110
2244130
2244150
2244160
2244200
2244320
2244420
2244440
2244450
2244470
2244480
2244520
2244530
2244550
2244620
2244630
2244660
2244690
2244710
2244800
2244840
2244880
2244920
2244930
2244970
2245000
2245030
2245040
2245080
2245090
2245180
2245270
2245460
2245560
2245610
2245620
2245700
2245750
2245890
2245960
2246010
2246030
2246040
2246110
2246120
2246130
2246290
2246300
2246330
2246340
2246350
2246400
2246460
2246470
2246520
2246530
2246550
2246640
2246650
2246670
2246700
2246710
2246850
2246880
2246910
2247050
2247200
2247300
2247390
2247410
2247450
2247480
2247490
2247550
2247570
2247620
2247640
2247670
2247680
2247760
2247800
2247820
2247880
2247910
2247940
2247950
2248120
2248180
2248190
2248220
2248250
2248330
2248340
2248390
2248420
2248430
2248570
2248760
2248820
2248870
2248890
2248900
2248950
2249020
2249040
2249070
2249080
2249160
2249210
2249220
2249450
2249510
2249550
2249590
2249600
2249670
2249700
2249820
2249830
2249850
2249890
2249900
2249950
2249970
2250040
2250060
2250080
2250090
2250160
2250170
2250210
2250250
2250270
2250340
2250360
2250370
2250440
2250470
2250550
2250590
2250600
2250670
2250690
2250710
2250780
2250790
2250820
2250830
2250850
2250870
2250990
2251010
2251020
2251030
2251040
2251080
2251110
2251120
2251180
2251210
2251240
2251320
2251340
2251380
2251400
2251420
2251480
2251500
2251510
2251540
2251580
2251620
2251660
2251670
2251690
2251850
2251870
2251910
2251930
2252050
2252070
2252180
2252190
2252330
2252360
2252530
2252550
2252680
2252790
2252820
2252830
2252850
2252870
2252960
2253080
2253100
2253110
2253200
2253220
2253290
2253370
2253460
2253470
2253510
2253560
2253580
2253660
2253680
2253710
2253720
2253730
2253740
2253860
2253930
2253970
2254000
2254030
2254040
2254140
2254310
2254350
2254410
2254490
2254600
2254710
2254740
2254750
2254780
2254890
2254900
2254910
2254960
2255060
2255080
2255140
2255150
2255160
2255290
2255300
2255310
2255320
2255330
2255370
2255400
2255420
2255480
2255490
2255530
2255550
2255630
2255730
2255820
2255880
2255910
2255950
2255970
2255980
2256190
2256200
2256230
2256280
2256300
2256450
2256600
2256730
2256760
2256770
2256790
2256810
2256870
2256880
2256920
2256970
2256990
2257010
2257050
2257070
2257110
2257120
2257170
2257210
2257290
2257360
2257380
2257400
2257410
2257450
2257460
2257510
2257530
2257580
2257590
2257610
2257640
2257650
2257680
2257720
2257770
2257790
2257840
2257900
2257910
2257940
2257950
2257970
2258010
2258020
2258040
2258090
2258110
2258260
2258290
2258300
2258320
2258350
2258480
2258500
2258530
2258580
2258590
2258670
2258690
2258700
2258770
2258830
2258890
2258910
2258940
2258960
2258980
2259040
2259050
2259060
2259080
2259100
2259130
2259150
2259160
2259180
2259190
2259210
2259220
2259230
2259260
2259270
2259310
2259330
2259340
2259380
2259430
2259480
2259490
2259530
2259620
2259640
2259690
2259730
2259740
2259910
2260050
2260100
2260130
2260220
2260230
2260330
2260400
2260450
2260490
2260530
2260560
2260650
2260750
2260800
2260810
2260850
2260870
2260920
2260930
2261010
2261040
2261050
2261070
2261090
2261120
2261230
2261240
2261350
2261410
2261420
2261430
2261480
2261490
2261500
2261570
2261600
2261610
2261640
2261650
2261660
2261680
2261750
2261880
2261920
2261930
2261960
2262010
2262020
2262040
2262060
2262070
2262080
2262110
2262170
2262190
2262220
2262230
2262240
2262320
2262370
2262610
2262770
2262820
2262880
2262930
2262970
2262990
2263010
2263160
2263220
2263360
2263390
2263460
2263510
2263550
2263560
2263570
2263680
2263700
2263710
2263920
2263960
2263970
2263980
2263990
2264020
2264050
2264140
2264210
2264240
2264340
2264390
2264460
2264470
2264490
2264600
2264720
2264730
2264740
2264770
2264820
2264860
2264880
2264900
2264930
2264940
2264970
2265010
2265020
2265110
2265120
2265130
2265180
2265210
2265220
2265290
2265310
2265340
2265420
2265440
2265450
2265520
2265640
2265650
2265680
2265790
2265920
2265960
2266020
2266160
2266190
2266200
2266260
2266270
2266310
2266320
2266370
2266400
2266510
2266550
2266580
2266600
2266740
2266770
2266780
2266820
2266850
2266880
2266910
2266930
2266940
2266980
2267010
2267040
2267070
2267220
2267320
2267370
2267480
2267590
2267630
2267680
2267700
2267770
2267800
2267810
2267860
2267870
2267930
2267960
2267990
2268090
2268300
2268440
2268460
2268470
2268530
2268540
2268560
2268610
2268680
2268720
2268760
2268920
2268930
2268960
2269010
2269170
2269270
2269310
2269330
2269450
2269460
2269530
2269580
2269650
2269680
2269700
2269710
2269720
2269730
2269750
2269860
2269950
2269970
2269980
2270000
2270020
2270130
2270210
2270320
2270350
2270370
2270410
2270420
2270520
2270530
2270590
2270600
2270640
2270660
2270750
2270780
2270900
2270910
2270930
2270940
2270970
2271000
2271110
2271130
2271140
2271190
2271200
2271320
2271500
2271510
2271520
2271530
2271560
2271590
2271650
2271660
2271750
2271760
2271810
2271890
2271930
2271940
2272040
2272070
2272090
2272120
2272190
2272250
2272310
2272400
2272420
2272540
2272560
2272590
2272630
2272710
2272730
2272770
2272800
2272880
2272900
2272940
2272950
2272970
2273050
2273110
2273180
2273220
2273360
2273420
2273430
2273440
2273470
2273500
2273510
2273550
2273570
2273630
2273820
2273850
2273880
2273890
2273920
2273980
2274110
2274120
2274160
2274200
2274250
2274410
2274430
2274480
2274500
2274510
2274530
2274620
2274630
2274640
2274700
2274730
2274800
2274860
2274870
2274970
2274980
2274990
2275020
2275150
2275180
2275220
2275230
2275350
2275420
2275490
2275560
2275820
2275940
2275960
2275970
2275990
2276060
2276400
2276420
2276440
2276480
2276550
2276620
2276690
2276830
2276850
2276930
2276970
2276980
2277050
2277070
2277090
2277200
2277300
2277310
2277320
2277410
2277510
2277550
2277560
2277670
2277720
2277740
2277790
2277840
2277860
2277870
2277880
2277910
2278010
2278020
2278040
2278120
2278130
2278220
2278280
2278350
2278390
2278550
2278600
2278630
2278640
2278780
2278790
2278800
2278820
2278830
2278910
2278920
2278940
2279040
2279180
2279220
2279310
2279330
2279350
2279370
2279380
2279390
2279410
2279470
2279510
2279530
2279550
2279600
2279700
2279710
2279870
2279930
2280000
2280060
2280100
2280140
2280200
2280220
2280320
2280350
2280390
2280440
2280480
2280520
2280540
2280630
2280670
2280740
2280750
2280760
2280910
2280970
2281170
2281200
2281230
2281300
2281360
2281410
2281470
2281480
2281540
2281550
2281600
2281610
2281650
2281730
2281790
2281810
2281820
2281860
2281870
2281940
2282020
2282030
2282100
2282110
2282180
2282200
2282330
2282350
2282410
2282480
2282540
2282630
2282650
2282670
2282740
2282820
2282850
2282890
2283050
2283060
2283200
2283240
2283280
2283310
2283330
2283350
2283360
2283380
2283410
2283440
2283460
2283470
2283580
2283630
2283640
2283660
2283680
2283690
2283710
2283780
2283800
2283860
2283870
2283880
2283930
2283950
2284090
2284260
2284270
2284390
2284400
2284450
2284460
2284510
2284530
2284600
2284780
2284800
2284810
2284860
2284900
2284990
2285000
2285120
2285140
2285150
2285210
2285280
2285400
2285430
2285490
2285500
2285540
2285550
2285570
2285610
2285630
2285640
2285650
2285680
2285780
2285820
2285890
2285940
2285950
2285980
2285990
2286020
2286110
2286200
2286220
2286280
2286300
2286320
2286350
2286390
2286450
2286520
2286540
2286560
2286600
2286650
2286660
2286680
2286720
2286730
2286760
2286770
2286780
2286790
2286820
2286830
2286840
2286850
2286880
2286940
2286990
2287040
2287060
2287080
2287100
2287120
2287150
2287170
2287220
2287330
2287350
2287390
2287520
2287560
2287650
2287710
2287790
2287820
2287860
2287950
2287960
2287970
2287980
2287990
2288020
2288070
2288080
2288150
2288210
2288280
2288300
2288310
2288320
2288350
2288450
2288470
2288480
2288540
2288600
2288620
2288630
2288660
2288770
2288840
2289090
2289130
2289210
2289230
2289390
2289400
2289450
2289470
2289500
2289560
2289610
2289630
2289650
2289670
2289720
2289740
2289750
2289820
2289920
2289960
2289970
2290000
2290010
2290070
2290180
2290210
2290250
2290270
2290280
2290300
2290320
2290390
2290480
2290490
2290520
2290550
2290650
2290770
2290890
2291020
2291060
2291120
2291130
2291250
2291340
2291390
2291420
2291430
2291490
2291520
2291530
2291560
2291680
2291690
2291700
2291760
2291810
2291850
2291880
2291910
2291950
2291980
2292030
2292060
2292180
2292220
2292260
2292300
2292370
2292440
2292550
2292590
2292650
2292720
2292750
2292800
2292840
2292870
2292880
2292890
2292910
2292940
2293010
2293160
2293180
2293310
2293330
2293350
2293410
2293420
2293510
2293570
2293620
2293660
2293680
2293700
2293820
2293830
2293850
2293860
2293900
2294020
2294030
2294080
2294090
2294130
2294160
2294320
2294330
2294450
2294540
2294590
2294600
2294630
2294640
2294660
2294670
2294730
2294790
2294860
2294920
2294930
2294950
2294980
2294990
2295070
2295110
2295280
2295330
2295370
2295390
2295450
2295520
2295530
2295570
2295580
2295610
2295620
2295650
2295700
2295780
2295810
2295820
2295920
2295930
2295970
2296080
2296270
2296360
2296380
2296390
2296550
2296590
2296670
2296840
2296850
2296930
2296960
2296990
2297010
2297150
2297200
2297210
2297230
2297240
2297260
2297360
2297530
2297650
2297690
2297830
2297890
2297900
2297910
2297960
2298010
2298060
2298080
2298210
2298300
2298330
2298390
2298430
2298500
2298570
2298590
2298610
2298620
2298630
2298650
2298680
2298690
2298730
2298950
2298990
2299040
2299080
2299130
2299230
2299240
2299280
2299310
2299400
2299450
2299470
2299510
2299560
2299610
2299660
2299690
2299730
2299740
2299750
2299890
2299900
2299920
2299930
2299950
2299990
2300040
2300120
2300160
2300230
2300260
2300280
2300300
2300320
2300340
2300370
2300390
2300400
2300660
2300730
2300750
2300840
2300850
2300910
2300920
2301000
2301060
2301080
2301100
2301130
2301210
2301250
2301340
2301370
2301400
2301450
2301510
2301630
2301640
2301670
2301690
2301720
2301850
2301870
2301900
2301990
2302040
2302080
2302140
2302150
2302160
2302320
2302380
2302410
2302510
2302530
2302540
2302640
2302660
2302670
2302680
2302800
2302820
2302840
2302870
2302890
2302900
2302930
2302940
2302960
2302990
2303060
2303160
2303180
2303300
2303320
2303350
2303360
2303400
2303410
2303420
2303450
2303470
2303560
2303570
2303600
2303610
2303620
2303680
2303720
2303740
2303800
2303810
2303910
2303950
2304030
2304090
2304160
2304170
2304180
2304190
2304200
2304230
2304240
2304340
2304400
2304440
2304450
2304490
2304520
2304540
2304570
2304620
2304640
2304650
2304680
2304710
2304740
2304790
2304800
2304990
2305030
2305090
2305180
2305210
2305370
2305480
2305490
2305500
2305520
2305560
2305640
2305690
2305760
2305810
2305840
2305880
2305900
2305970
2306020
2306030
2306080
2306090
2306120
2306160
2306320
2306390
2306480
2306590
2306630
2306710
2306740
2306760
2306780
2306880
2306930
2306980
2307050
2307060
2307070
2307090
2307100
2307120
2307150
2307160
2307170
2307220
2307250
2307260
2307300
2307320
2307330
2307350
2307370
2307400
2307410
2307420
2307430
2307450
2307500
2307520
2307550
2307570
2307580
2307620
2307690
2307760
2307790
2307840
2307870
2307890
2307940
2307950
2308000
2308020
2308120
2308220
2308360
2308400
2308430
2308450
2308470
2308520
2308580
2308620
2308630
2308650
2308670
2308690
2308700
2308770
2308790
2308850
2308870
2308890
2308920
2308940
2309040
2309230
2309240
2309270
2309400
2309460
2309520
2309630
2309640
2309690
2309710
2309730
2309800
2309820
2309860
2309920
2310130
2310150
2310160
2310180
2310230
2310300
2310360
2310430
2310440
2310500
2310590
2310610
2310620
2310630
2310670
2310680
2310690
2310700
2310710
2310720
2310750
2310780
2310810
2310840
2310870
2310920
2310990
2311020
2311070
2311090
2311140
2311150
2311190
2311220
2311260
2311290
2311310
2311320
2311350
2311410
2311510
2311530
2311550
2311600
2311640
2311680
2311760
2311790
2311800
2311820
2311840
2311920
2311930
2311940
2311950
2311990
2312040
2312110
2312130
2312160
2312170
2312270
2312280
2312360
2312380
2312390
2312500
2312510
2312520
2312770
2312830
2313020
2313130
2313140
2313150
2313160
2313240
2313250
2313260
2313300
2313310
2313330
2313420
2313440
2313540
2313550
2313600
2313630
2313700
2313720
2313740
2313780
2313930
2313970
2313980
2313990
2314070
2314090
2314110
2314160
2314180
2314240
2314270
2314340
2314360
2314370
2314430
2314470
2314530
2314580
2314590
2314640
2314650
2314720
2314820
2314850
2314920
2315000
2315010
2315020
2315040
2315100
2315120
2315320
2315350
2315400
2315430
2315450
2315530
2315570
2315590
2315610
2315620
2315680
2315690
2315870
2315940
2315990
2316010
2316030
2316040
2316110
2316210
2316290
2316330
2316340
2316400
2316410
2316450
2316470
2316480
2316580
2316590
2316610
2316640
2316660
2316690
2316700
2316800
2316820
2316850
2316880
2316930
2316950
2316960
2316970
2317070
2317110
2317300
2317310
2317330
2317340
2317350
2317360
2317390
2317410
2317500
2317510
2317540
2317560
2317570
2317640
2317720
2317730
2317780
2317870
2317880
2317930
2317950
2318010
2318020
2318070
2318100
2318260
2318280
2318310
2318430
2318440
2318480
2318550
2318590
2318610
2318630
2318660
2318670
2318680
2318720
2318780
2318800
2318810
2318820
2318860
2318880
2318900
2318920
2319020
2319100
2319160
2319240
2319260
2319290
2319330
2319350
2319370
2319390
2319470
2319490
2319540
2319580
2319640
2319830
2319870
2319920
2319940
2320020
2320040
2320130
2320230
2320280
2320360
2320500
2320620
2320720
2320890
2320910
2320990
2321040
2321120
2321180
2321210
2321250
2321290
2321310
2321350
2321420
2321430
2321460
2321470
2321690
2321770
2321780
2321860
2321870
2321880
2321930
2321970
2322010
2322020
2322050
2322060
2322080
2322090
2322180
2322280
2322330
2322340
2322380
2322410
2322440
2322450
2322500
2322510
2322520
2322540
2322560
2322660
2322740
2322790
2322830
2322850
2322900
2322950
2322960
2322970
2322980
2322990
2323080
2323200
2323220
2323250
2323260
2323280
2323300
2323370
2323450
2323460
2323480
2323540
2323570
2323650
2323660
2323750
2323810
2323840
2323980
2324060
2324070
2324090
2324110
2324150
2324180
2324210
2324230
2324250
2324260
2324290
2324300
2324340
2324360
2324380
2324390
2324450
2324460
2324500
2324570
2324610
2324650
2324670
2324700
2324750
2324760
2324940
2324960
2325060
2325070
2325090
2325150
2325170
2325190
2325290
2325300
2325310
2325350
2325440
2325470
2325490
2325520
2325560
2325570
2325580
2325640
2325720
2325750
2325770
2325800
2325880
2325920
2326020
2326050
2326100
2326190
2326220
2326240
2326260
2326420
2326450
2326460
2326510
2326590
2326610
2326670
2326690
2326710
2326720
2326730
2326770
2326780
2326790
2326840
2326960
2326980
2327030
2327130
2327160
2327190
2327200
2327260
2327330
2327340
2327480
2327490
2327510
2327560
2327660
2327700
2327710
2327750
2327780
2327790
2327800
2327810
2327820
2327830
2327840
2328070
2328090
2328110
2328120
2328140
2328160
2328240
2328290
2328310
2328340
2328380
2328410
2328450
2328480
2328540
2328650
2328670
2328710
2328730
2328740
2328750
2328760
2328780
2328890
2328910
2328930
2328960
2328980
2328990
2329090
2329130
2329170
2329490
2329590
2329630
2329850
2329870
2329910
2329950
2329980
2330040
2330100
2330140
2330150
2330180
2330190
2330210
2330360
2330380
2330400
2330430
2330490
2330500
2330600
2330700
2330720
2330730
2330750
2330770
2330810
2330840
2330850
2330870
2330930
2330960
2330970
2331000
2331060
2331070
2331080
2331110
2331130
2331170
2331200
2331210
2331220
2331260
2331280
2331330
2331360
2331370
2331610
2331660
2331710
2331780
2331860
2331870
2331920
2331950
2331960
2331970
2331980
2331990
2332030
2332130
2332170
2332200
2332210
2332220
2332250
2332260
2332370
2332390
2332410
2332500
2332840
2332930
2332940
2332970
2332980
2333020
2333030
2333040
2333170
2333180
2333200
2333240
2333330
2333390
2333400
2333420
2333460
2333470
2333480
2333510
2333530
2333600
2333620
2333640
2333820
2333930
2334040
2334050
2334080
2334110
2334130
2334170
2334210
2334220
2334280
2334340
2334350
2334450
2334490
2334500
2334510
2334610
2334620
2334650
2334680
2334710
2334730
2334780
2334850
2334980
2334990
2335050
2335060
2335110
2335130
2335140
2335220
2335250
2335290
2335370
2335470
2335550
2335580
2335620
2335640
2335690
2335700
2335710
2335720
2335740
2335780
2335790
2335810
2335910
2335960
2336120
2336180
2336200
2336210
2336220
2336230
2336290
2336420
2336440
2336510
2336540
2336550
2336570
2336580
2336590
2336600
2336720
2336730
2336760
2336840
2336980
2336990
2337000
2337060
2337090
2337140
2337210
2337230
2337360
2337450
2337460
2337590
2337610
2337630
2337640
2337690
2337760
2337770
2337820
2337860
2337910
2337940
2337970
2338020
2338070
2338120
2338130
2338140
2338200
2338220
2338280
2338330
2338350
2338490
2338510
2338630
2338800
2338850
2338860
2338910
2338950
2339020
2339040
2339070
2339160
2339220
2339300
2339330
2339440
2339490
2339500
2339570
2339580
2339610
2339630
2339650
2339680
2339690
2339750
2339770
2339780
2339820
2339930
2339970
2339980
2340010
2340030
2340150
2340160
2340180
2340190
2340210
2340250
2340280
2340300
2340320
2340340
2340360
2340380
2340500
2340510
2340520
2340600
2340640
2340790
2340870
2340960
2341050
2341300
2341330
2341420
2341530
2341540
2341680
2341700
2341710
2341760
2341920
2341940
2342030
2342120
2342150
2342210
2342240
2342280
2342320
2342390
2342400
2342430
2342480
2342550
2342690
2342710
2342750
2342770
2342780
2342790
2342860
2342880
2342900
2342920
2342950
2342980
2343060
2343100
2343110
2343120
2343130
2343140
2343160
2343170
2343200
2343240
2343340
2343460
2343550
2343570
2343600
2343610
2343650
2343680
2343720
2343790
2343880
2343900
2343910
2343920
2343930
2343960
2343990
2344010
2344020
2344030
2344060
2344190
2344240
2344320
2344350
2344520
2344550
2344570
2344590
2344740
2344820
2344950
2344980
2345020
2345110
2345170
2345200
2345220
2345300
2345370
2345410
2345420
2345440
2345480
2345550
2345570
2345590
2345630
2345740
2345770
2345800
2345990
2346140
2346160
2346180
2346370
2346410
2346500
2346510
2346520
2346530
2346540
2346550
2346560
2346570
2346580
2346600
2346660
2346710
2346740
2346780
2346810
2346840
2346890
2346980
2347030
2347040
2347080
2347180
2347200
2347290
2347350
2347360
2347380
2347510
2347530
2347550
2347740
2347750
2347760
2347890
2347910
2347940
2348010
2348090
2348100
2348120
2348130
2348170
2348260
2348290
2348360
2348380
2348400
2348440
2348450
2348530
2348540
2348610
2348650
2348660
2348680
2348700
2348720
2348730
2348810
2348820
2348830
2348930
2349010
2349030
2349040
2349100
2349140
2349230
2349240
2349300
2349350
2349400
2349460
2349480
2349490
2349550
2349570
2349590
2349660
2349760
2349820
2349830
2349850
2349870
2349950
2349960
2349990
2350010
2350020
2350030
2350050
2350090
2350150
2350160
2350220
2350250
2350270
2350280
2350300
2350310
2350370
2350380
2350390
2350430
2350510
2350520
2350530
2350540
2350550
2350570
2350660
2350700
2350720
2350790
2350810
2350880
2351080
2351090
2351120
2351170
2351300
2351330
2351420
2351470
2351500
2351530
2351560
2351570
2351610
2351620
2351660
2351670
2351730
2351770
2351810
2351820
2351860
2351890
2351930
2351970
2352000
2352040
2352110
2352410
2352420
2352500
2352540
2352620
2352640
2352650
2352790
2352890
2353040
2353060
2353100
2353130
2353160
2353250
2353270
2353290
2353300
2353320
2353340
2353380
2353410
2353470
2353650
2353690
2353700
2353730
2353750
2353760
2353770
2353790
2353800
2353820
2353830
2353850
2353870
2353910
2354000
2354010
2354060
2354070
2354120
2354300
2354310
2354330
2354520
2354560
2354570
2354600
2354730
2354770
2354830
2354890
2354920
2354930
2354940
2354950
2355000
2355080
2355140
2355150
2355190
2355220
2355250
2355260
2355350
2355440
2355460
2355470
2355670
2355700
2355740
2355750
2355790
2355860
2355960
2355990
2356060
2356150
2356180
2356220
2356300
2356310
2356330
2356350
2356390
2356440
2356450
2356460
2356470
2356500
2356560
2356730
2356780
2356930
2356970
2357000
2357040
2357050
2357070
2357080
2357090
2357130
2357150
2357190
2357310
2357340
2357390
2357400
2357430
2357570
2357740
2357750
2357760
2357910
2357950
2358040
2358050
2358100
2358160
2358200
2358210
2358220
2358260
2358270
2358320
2358360
2358420
2358440
2358490
2358500
2358550
2358580
2358600
2358610
2358620
2358650
2358720
2358750
2358770
2358790
2358910
2359030
2359070
2359120
2359130
2359140
2359150
2359170
2359220
2359300
2359320
2359470
2359500
2359720
2359760
2359910
2359950
2360020
2360030
2360070
2360100
2360210
2360250
2360260
2360290
2360340
2360350
2360370
2360440
2360490
2360620
2360670
2360690
2360710
2360770
2361000
2361040
2361080
2361140
2361200
2361210
2361240
2361320
2361370
2361390
2361450
2361460
2361510
2361570
2361610
2361660
2361680
2361690
2361700
2361710
2361740
2361750
2361760
2361770
2361780
2361800
2361850
2361860
2361900
2361930
2361940
2362010
2362050
2362060
2362090
2362120
2362150
2362200
2362270
2362280
2362290
2362300
2362420
2362480
2362540
2362590
2362680
2362740
2362820
2362830
2362840
2362930
2362980
2363000
2363030
2363140
2363150
2363180
2363290
2363310
2363370
2363460
2363480
2363510
2363530
2363570
2363580
2363590
2363620
2363660
2363680
2363730
2363760
2363780
2363800
2363810
2363930
2363960
2364050
2364090
2364140
2364180
2364320
2364330
2364370
2364390
2364430
2364560
2364570
2364610
2364630
2364720
2364770
2364810
2364830
2364880
2364970
2364990
2365090
2365140
2365200
2365220
2365250
2365280
2365440
2365500
2365560
2365570
2365640
2365670
2365810
2365860
2365870
2365880
2365890
2365930
2365980
2366000
2366030
2366050
2366060
2366070
2366080
2366130
2366230
2366240
2366300
2366310
2366400
2366430
2366440
2366450
2366530
2366570
2366580
2366700
2366710
2366730
2366760
2366840
2366850
2366910
2366970
2366980
2366990
2367120
2367150
2367190
2367230
2367240
2367330
2367420
2367470
2367480
2367500
2367530
2367560
2367580
2367600
2367610
2367650
2367680
2367690
2367800
2367820
2367860
2367960
2367970
2368070
2368080
2368130
2368160
2368190
2368220
2368280
2368300
2368350
2368390
2368400
2368430
2368470
2368510
2368520
2368650
2368670
2368720
2368810
2368840
2368860
2368880
2368930
2369140
2369170
2369260
2369270
2369320
2369390
2369400
2369410
2369440
2369520
2369600
2369750
2369810
2369850
2369880
2369900
2369950
2370000
2370020
2370030
2370070
2370110
2370130
2370140
2370170
2370300
2370310
2370330
2370380
2370420
2370540
2370570
2370640
2370660
2370740
2370800
2370820
2370880
2370890
2370900
2370920
2370980
2370990
2371130
2371170
2371220
2371260
2371400
2371410
2371460
2371470
2371480
2371510
2371550
2371630
2371670
2371820
2371890
2371910
2372030
2372070
2372110
2372170
2372220
2372300
2372330
2372350
2372440
2372500
2372510
2372550
2372620
2372750
2372760
2372870
2372880
2372910
2372950
2373100
2373260
2373290
2373340
2373360
2373390
2373440
2373450
2373460
2373490
2373540
2373600
2373630
2373800
2373810
2373830
2373910
2373920
2373960
2373980
2373990
2374000
2374010
2374030
2374050
2374090
2374190
2374210
2374280
2374320
2374340
2374360
2374410
2374420
2374460
2374480
2374520
2374570
2374590
2374610
2374660
2374670
2375020
2375040
2375080
2375100
2375160
2375180
2375190
2375260
2375290
2375330
2375390
2375400
2375530
2375540
2375550
2375560
2375600
2375730
2375740
2375760
2375780
2375830
2375860
2375890
2375900
2375910
2375930
2375960
2375990
2376030
2376070
2376140
2376170
2376280
2376300
2376310
2376390
2376450
2376470
2376510
2376540
2376600
2376610
2376680
2376690
2376730
2376770
2376870
2376970
2376980
2377000
2377020
2377090
2377110
2377230
2377240
2377250
2377280
2377300
2377340
2377380
2377410
2377420
2377460
2377490
2377520
2377530
2377700
2377780
2377850
2377890
2377910
2377970
2377990
2378000
2378020
2378060
2378120
2378150
2378160
2378170
2378290
2378330
2378340
2378390
2378460
2378500
2378540
2378590
2378620
2378690
2378720
2378840
2378850
2378900
2378910
2378970
2379030
2379060
2379090
2379230
2379340
2379390
2379620
2379680
2379690
2379700
2379720
2379730
2379740
2379770
2379780
2379800
2379810
2379830
2379840
2379910
2380030
2380050
2380060
2380110
2380130
2380220
2380230
2380240
2380300
2380310
2380320
2380340
2380410
2380450
2380550
2380560
2380590
2380620
2380680
2380720
2380780
2380800
2380830
2380860
2380930
2380940
2380980
2381010
2381050
2381060
2381160
2381170
2381270
2381290
2381310
2381340
2381460
2381600
2381620
2381670
2381690
2381740
2382060
2382090
2382180
2382210
2382240
2382250
2382260
2382280
2382310
2382350
2382380
2382410
2382440
2382490
2382520
2382570
2382580
2382600
2382610
2382620
2382650
2382660
2382710
2382730
2382770
2382780
2382920
2383020
2383040
2383070
2383120
2383180
2383190
2383200
2383220
2383530
2383700
2383710
2383760
2383770
2383780
2383820
2383830
2383850
2383860
2383870
2383900
2383970
2383990
2384000
2384020
2384140
2384190
2384220
2384230
2384240
2384250
2384280
2384290
2384310
2384320
2384500
2384580
2384600
2384680
2384700
2384720
2384730
2384770
2384780
2384790
2384840
2384850
2384860
2384920
2384940
2385090
2385140
2385210
2385280
2385290
2385320
2385380
2385390
2385530
2385620
2385670
2385720
2385780
2385850
2385900
2385980
2386070
2386100
2386110
2386120
2386140
2386150
2386170
2386180
2386250
2386310
2386330
2386340
2386350
2386430
2386460
2386480
2386530
2386560
2386580
2386590
2386610
2386670
2386700
2386710
2386720
2386750
2386840
2386850
2386870
2386920
2386930
2386970
2387010
2387020
2387030
2387100
2387110
2387120
2387210
2387280
2387300
2387310
2387380
2387400
2387410
2387430
2387450
2387460
2387660
2387770
2387780
2387820
2387830
2387920
2388020
2388070
2388190
2388330
2388360
2388390
2388400
2388460
2388520
2388600
2388750
2388850
2388890
2389010
2389040
2389070
2389100
2389170
2389240
2389250
2389260
2389270
2389440
2389480
2389500
2389560
2389570
2389700
2389760
2389770
2389830
2389880
2389890
2389900
2389940
2389960
2389970
2389980
2390000
2390060
2390070
2390230
2390260
2390310
2390480
2390490
2390510
2390520
2390530
2390580
2390590
2390600
2390650
2390670
2390730
2390800
2390840
2390850
2390860
2390900
2391040
2391120
2391140
2391240
2391310
2391400
2391420
2391650
2391670
2391680
2391690
2391780
2391840
2391870
2391900
2391950
2392000
2392040
2392060
2392140
2392160
2392190
2392230
2392280
2392400
2392500
2392520
2392660
2392690
2392730
2392740
2392760
2392810
2392860
2392940
2392990
2393030
2393160
2393370
2393410
2393450
2393470
2393550
2393580
2393630
2393760
2393770
2393790
2393810
2393890
2393900
2393910
2393970
2394070
2394110
2394130
2394170
2394240
2394300
2394350
2394360
2394370
2394430
2394440
2394450
2394500
2394550
2394590
2394600
2394610
2394650
2394740
2394810
2394830
2394870
2394910
2395090
2395190
2395210
2395230
2395260
2395360
2395380
2395400
2395410
2395450
2395530
2395550
2395580
2395630
2395680
2395690
2395730
2395760
2395770
2395810
2395820
2395890
2395900
2395910
2396000
2396170
2396190
2396200
2396240
2396300
2396320
2396340
2396530
2396620
2396630
2396670
2396680
2396740
2396830
2396860
2396910
2396980
2396990
2397120
2397140
2397230
2397250
2397260
2397300
2397380
2397420
2397450
2397500
2397510
2397580
2397630
2397790
2397840
2397880
2397910
2397950
2398020
2398030
2398140
2398170
2398220
2398260
2398300
2398310
2398350
2398410
2398430
2398450
2398490
2398520
2398530
2398550
2398570
2398580
2398590
2398630
2398640
2398680
2398710
2398720
2398760
2398870
2398880
2398900
2398940
2398980
2399040
2399060
2399080
2399130
2399160
2399180
2399190
2399200
2399220
2399240
2399250
2399310
2399330
2399370
2399420
2399570
2399590
2399600
2399640
2399670
2399730
2399770
2399810
2399830
2399890
2399910
2400030
2400060
2400160
2400280
2400290
2400340
2400420
2400430
2400510
2400520
2400590
2400640
2400700
2400740
2400760
2400770
2400790
2400810
2400830
2400850
2400880
2400960
2401040
2401080
2401180
2401190
2401230
2401340
2401360
2401370
2401380
2401410
2401420
2401450
2401460
2401580
2401680
2401690
2401730
2401740
2401810
2401830
2401850
2401860
2401970
2401980
2402170
2402200
2402250
2402270
2402280
2402310
2402450
2402630
2402650
2402710
2402790
2402820
2402850
2402900
2402990
2403000
2403020
2403050
2403060
2403080
2403090
2403180
2403200
2403220
2403260
2403280
2403290
2403300
2403320
2403340
2403430
2403570
2403600
2403620
2403660
2403860
2403950
2404000
2404010
2404060
2404070
2404110
2404170
2404190
2404210
2404230
2404360
2404370
2404390
2404400
2404420
2404510
2404530
2404770
2404800
2404820
2404850
2404880
2404910
2404990
2405060
2405110
2405120
2405270
2405280
2405330
2405360
2405390
2405450
2405660
2405740
2405800
2405830
2405870
2405980
2406030
2406080
2406100
2406110
2406120
2406150
2406180
2406200
2406220
2406290
2406300
2406360
2406370
2406520
2406540
2406550
2406610
2406770
2406830
2406870
2406880
2406970
2406990
2407010
2407070
2407200
2407240
2407270
2407300
2407310
2407350
2407550
2407620
2407740
2407760
2407770
2407830
2407900
2407910
2407920
2408060
2408090
2408120
2408180
2408240
2408260
2408270
2408310
2408330
2408340
2408470
2408560
2408600
2408630
2408680
2408700
2408790
2408820
2408830
2408850
2408890
2408910
2408920
2409040
2409100
2409110
2409140
2409160
2409200
2409240
2409260
2409360
2409380
2409390
2409410
2409430
2409480
2409500
2409570
2409650
2409670
2409690
2409700
2409710
2409780
2409790
2409840
2409850
2409970
2410030
2410130
2410140
2410170
2410240
2410300
2410370
2410410
2410420
2410450
2410480
2410490
2410500
2410590
2410640
2410680
2410690
2410700
2410750
2410780
2410870
2410890
2411060
2411100
2411120
2411140
2411210
2411220
2411230
2411250
2411360
2411390
2411430
2411530
2411560
2411590
2411660
2411760
2411770
2411780
2411830
2411890
2411910
2411950
2411980
2412050
2412110
2412140
2412150
2412200
2412240
2412250
2412280
2412330
2412410
2412490
2412500
2412640
2412650
2412730
2412830
2413030
2413050
2413080
2413090
2413140
2413160
2413190
2413210
2413230
2413310
2413480
2413490
2413510
2413540
2413550
2413560
2413570
2413590
2413640
2413660
2413710
2413720
2413730
2413750
2413840
2413930
2413980
2414010
2414020
2414110
2414190
2414210
2414270
2414320
2414340
2414350
2414360
2414530
2414550
2414580
2414600
2414630
2414710
2414730
2414740
2414750
2414810
2414920
2414950
2415010
2415120
2415130
2415240
2415340
2415450
2415470
2415480
2415540
2415640
2415650
2415670
2415960
2416030
2416050
2416060
2416090
2416100
2416120
2416140
2416150
2416310
2416350
2416450
2416480
2416500
2416510
2416550
2416600
2416630
2416650
2416710
2416740
2416750
2416760
2416770
2416780
2416790
2416830
2416860
2416880
2416940
2416970
2417140
2417150
2417160
2417250
2417260
2417300
2417310
2417320
2417400
2417490
2417520
2417580
2417610
2417620
2417790
2417800
2417820
2417840
2417850
2417890
2417930
2417940
2417990
2418000
2418020
2418120
2418190
2418200
2418290
2418300
2418330
2418480
2418500
2418520
2418600
2418680
2418820
2418940
2418950
2418990
2419080
2419090
2419120
2419150
2419180
2419240
2419330
2419380
2419400
2419640
2419670
2419690
2419710
2419720
2419730
2419800
2419810
2419870
2419880
2419900
2420040
2420050
2420110
2420240
2420250
2420290
2420300
2420330
2420350
2420390
2420450
2420460
2420510
2420520
2420530
2420540
2420590
2420620
2420630
2420640
2420660
2420690
2420740
2420780
2420860
2420880
2420930
2420970
2420990
2421110
2421290
2421300
2421310
2421320
2421350
2421360
2421370
2421410
2421430
2421470
2421480
2421510
2421540
2421640
2421780
2421800
2421820
2421830
2421910
2421930
2421950
2422080
2422090
2422170
2422210
2422390
2422560
2422610
2422870
2422910
2423000
2423050
2423070
2423270
2423300
2423320
2423470
2423480
2423590
2423620
2423660
2423710
2423760
2423830
2423960
2424010
2424110
2424160
2424230
2424240
2424300
2424440
2424450
2424470
2424480
2424490
2424650
2424660
2424680
2424720
2424740
2424810
2424820
2424830
2424910
2424970
2425010
2425050
2425080
2425090
2425120
2425130
2425150
2425270
2425290
2425310
2425320
2425360
2425370
2425410
2425420
2425500
2425580
2425620
2425680
2425740
2425890
2425900
2425920
2425960
2426020
2426030
2426070
2426120
2426250
2426310
2426350
2426370
2426380
2426400
2426500
2426530
2426640
2426660
2426680
2426710
2426720
2426820
2426840
2426860
2426870
2426890
2426930
2426960
2427000
2427050
2427060
2427100
2427130
2427140
2427160
2427170
2427280
2427310
2427320
2427360
2427410
2427420
2427430
2427450
2427470
2427540
2427570
2427700
2427770
2427810
2427820
2427830
2427910
2427950
2427960
2428020
2428140
2428170
2428190
2428310
2428370
2428410
2428420
2428440
2428460
2428480
2428540
2428620
2428690
2428730
2428750
2428780
2428790
2428810
2428840
2428940
2428980
2428990
2429050
2429090
2429110
2429140
2429160
2429190
2429240
2429250
2429260
2429270
2429310
2429330
2429340
2429350
2429360
2429380
2429490
2429530
2429540
2429580
2429590
2429620
2429630
2429640
2429720
2429760
2429860
2429870
2429890
2429930
2429960
2430160
2430170
2430220
2430250
2430290
2430300
2430360
2430370
2430380
2430390
2430410
2430470
2430500
2430510
2430630
2430640
2430660
2430680
2430690
2430700
2430730
2430760
2430790
2430820
2430830
2430900
2430990
2431010
2431070
2431090
2431100
2431130
2431310
2431320
2431330
2431390
2431490
2431510
2431600
2431610
2431690
2431700
2431720
2431730
2431830
2431880
2431940
2431960
2431980
2432000
2432010
2432030
2432040
2432060
2432100
2432110
2432190
2432430
2432450
2432460
2432470
2432590
2432660
2432670
2432780
2432860
2432930
2432940
2432990
2433160
2433170
2433220
2433280
2433290
2433330
2433380
2433470
2433730
2433820
2433830
2433860
2433950
2433960
2434000
2434020
2434090
2434120
2434160
2434240
2434260
2434340
2434400
2434420
2434440
2434460
2434490
2434600
2434620
2434670
2434720
2434730
2434760
2434860
2434910
2435010
2435030
2435050
2435090
2435180
2435230
2435310
2435330
2435410
2435450
2435490
2435510
2435580
2435590
2435620
2435720
2435750
2435800
2435810
2435870
2435890
2435900
2435920
2435960
2435980
2436110
2436190
2436230
2436240
2436270
2436280
2436330
2436340
2436410
2436420
2436480
2436570
2436660
2436680
2436790
2436840
2436880
2436890
2436900
2436940
2437000
2437040
2437170
2437230
2437280
2437330
2437400
2437430
2437490
2437510
2437560
2437570
2437660
2437670
2437680
2437690
2437710
2437750
2437760
2437800
2437820
2437890
2437910
2437950
2437990
2438090
2438160
2438170
2438210
2438230
2438260
2438270
2438290
2438330
2438440
2438460
2438490
2438580
2438610
2438680
2438760
2438770
2438780
2438950
2438970
2438980
2438990
2439000
2439010
2439020
2439100
2439120
2439180
2439220
2439510
2439530
2439560
2439580
2439620
2439640
2439660
2439710
2439720
2439740
2439760
2439780
2439870
2440080
2440200
2440210
2440270
2440280
2440320
2440380
2440400
2440510
2440520
2440550
2440700
2440710
2440730
2440750
2440810
2440890
2440900
2440960
2440970
2441070
2441080
2441090
2441100
2441170
2441190
2441200
2441260
2441270
2441300
2441360
2441410
2441480
2441610
2441630
2441670
2441700
2442020
2442050
2442060
2442100
2442230
2442260
2442380
2442390
2442400
2442410
2442440
2442460
2442490
2442500
2442530
2442550
2442610
2442620
2442670
2442690
2442710
2442760
2442880
2442960
2442970
2443090
2443110
2443150
2443160
2443170
2443250
2443300
2443360
2443370
2443410
2443550
2443560
2443610
2443630
2443760
2443770
2443780
2443790
2443820
2443870
2443910
2443960
2443980
2443990
2444000
2444010
2444160
2444210
2444290
2444350
2444360
2444470
2444600
2444610
2444710
2444750
2444810
2444840
2444870
2444890
2444900
2444980
2445020
2445130
2445140
2445160
2445210
2445330
2445340
2445390
2445540
2445640
2445660
2445680
2445690
2445700
2445710
2445780
2445820
2445840
2445870
2445900
2445940
2445990
2446000
2446030
2446110
2446160
2446180
2446190
2446270
2446320
2446330
2446340
2446380
2446550
2446600
2446680
2446700
2446710
2446740
2446750
2446780
2446790
2446820
2446890
2446920
2447010
2447030
2447060
2447080
2447100
2447120
2447190
2447210
2447230
2447240
2447250
2447260
2447270
2447280
2447300
2447310
2447320
2447340
2447350
2447410
2447420
2447530
2447580
2447590
2447610
2447680
2447720
2447820
2447920
2447970
2447980
2448020
2448080
2448130
2448140
2448180
2448230
2448260
2448270
2448340
2448420
2448460
2448540
2448610
2448620
2448680
2448920
2448930
2448940
2448980
2449040
2449080
2449140
2449160
2449170
2449180
2449250
2449300
2449320
2449390
2449430
2449450
2449490
2449530
2449710
2449830
2449840
2450030
2450100
2450110
2450120
2450130
2450220
2450240
2450290
2450360
2450400
2450410
2450430
2450450
2450480
2450530
2450570
2450660
2450700
2450720
2450820
2450840
2450860
2450870
2450930
2450980
2451010
2451100
2451110
2451150
2451190
2451200
2451230
2451280
2451310
2451320
2451380
2451460
2451470
2451530
2451570
2451630
2451640
2451720
2451730
2451820
2451860
2451880
2451980
2452010
2452070
2452080
2452220
2452240
2452270
2452280
2452300
2452320
2452350
2452370
2452420
2452480
2452650
2452760
2452780
2452800
2452820
2452850
2452900
2452920
2453060
2453160
2453260
2453310
2453360
2453380
2453390
2453400
2453440
2453520
2453530
2453540
2453550
2453570
2453610
2453660
2453710
2453720
2453740
2453840
2453920
2454030
2454060
2454070
2454140
2454230
2454350
2454420
2454540
2454570
2454820
2454890
2454950
2454960
2454990
2455040
2455060
2455070
2455080
2455110
2455140
2455180
2455190
2455260
2455340
2455350
2455360
2455370
2455420
2455430
2455440
2455460
2455500
2455550
2455610
2455630
2455640
2455680
2455690
2455780
2455790
2455860
2455910
2455920
2455940
2456070
2456080
2456090
2456100
2456110
2456120
2456160
2456230
2456240
2456260
2456280
2456300
2456320
2456330
2456340
2456350
2456410
2456420
2456430
2456570
2456640
2456690
2456740
2456860
2456980
2457030
2457200
2457220
2457310
2457390
2457400
2457430
2457540
2457580
2457610
2457620
2457630
2457780
2457870
2457890
2457970
2458060
2458080
2458210
2458250
2458260
2458310
2458330
2458430
2458460
2458480
2458490
2458530
2458540
2458560
2458580
2458700
2458800
2458830
2458840
2458860
2458920
2458940
2459100
2459180
2459190
2459250
2459350
2459420
2459430
2459450
2459460
2459490
2459530
2459550
2459570
2459610
2459750
2459790
2459870
2459920
2460010
2460050
2460070
2460130
2460210
2460230
2460270
2460350
2460360
2460480
2460490
2460570
2460660
2460680
2460770
2460880
2460900
2460910
2460920
2460970
2460980
2461000
2461050
2461070
2461080
2461110
2461120
2461140
2461170
2461240
2461280
2461290
2461350
2461430
2461440
2461450
2461460
2461560
2461580
2461600
2461620
2461780
2461850
2461890
2461900
2461980
2461990
2462000
2462060
2462090
2462100
2462150
2462380
2462520
2462570
2462580
2462600
2462610
2462780
2462790
2462810
2462830
2462880
2462970
2463110
2463210
2463220
2463250
2463260
2463340
2463490
2463620
2463660
2463690
2463700
2463800
2463820
2463830
2463890
2463920
2463980
2464030
2464090
2464110
2464230
2464280
2464330
2464460
2464470
2464480
2464530
2464590
2464630
2464650
2464660
2464670
2464680
2464690
2464700
2464750
2464800
2464880
2464950
2464980
2465080
2465090
2465300
2465530
2465670
2465680
2465830
2465840
2465860
2465870
2465880
2465930
2466230
2466240
2466400
2466570
2466660
2466680
2466850
2466870
2466880
2466890
2466900
2466990
2467000
2467030
2467190
2467210
2467220
2467230
2467250
2467300
2467400
2467410
2467510
2467540
2467630
2467680
2467720
2467790
2467810
2467830
2467920
2467940
2468060
2468100
2468110
2468120
2468390
2468400
2468470
2468490
2468550
2468560
2468600
2468610
2468630
2468670
2468680
2468720
2468740
2468780
2468820
2468860
2468940
2468960
2468990
2469050
2469080
2469130
2469160
2469200
2469230
2469240
2469260
2469280
2469290
2469330
2469360
2469370
2469490
2469550
2469570
2469610
2469700
2469710
2469890
2469900
2469950
2469970
2469990
2470130
2470200
2470230
2470270
2470290
2470300
2470420
2470540
2470590
2470620
2470630
2470650
2470690
2470710
2470740
2470820
2470860
2471090
2471100
2471120
2471130
2471140
2471150
2471160
2471170
2471290
2471340
2471350
2471390
2471480
2471540
2471600
2471620
2471650
2471660
2471690
2471720
2471760
2471770
2471780
2471890
2471900
2471920
2471950
2471970
2472000
2472010
2472140
2472230
2472240
2472270
2472340
2472390
2472550
2472570
2472630
2472740
2472770
2472820
2472840
2472940
2473070
2473090
2473110
2473120
2473150
2473210
2473240
2473400
2473470
2473480
2473640
2473710
2473750
2473890
2473950
2473980
2474020
2474030
2474050
2474140
2474180
2474360
2474460
2474700
2474710
2474750
2474790
2474800
2474830
2474860
2474880
2474900
2474920
2474930
2474940
2474960
2474970
2475010
2475040
2475150
2475220
2475270
2475290
2475300
2475310
2475330
2475390
2475400
2475420
2475440
2475450
2475460
2475480
2475490
2475550
2475730
2475780
2475860
2475890
2476020
2476050
2476070
2476100
2476130
2476160
2476170
2476190
2476200
2476310
2476330
2476350
2476490
2476500
2476550
2476580
2476590
2476670
2476720
2476840
2476850
2476960
2476990
2477010
2477070
2477090
2477100
2477130
2477140
2477160
2477170
2477200
2477230
2477270
2477280
2477300
2477340
2477480
2477590
2477630
2477650
2477740
2477780
2477810
2477870
2477920
2477930
2477950
2478020
2478040
2478120
2478140
2478160
2478240
2478260
2478270
2478290
2478310
2478330
2478420
2478430
2478450
2478460
2478470
2478500
2478570
2478580
2478600
2478640
2478730
2478810
2478850
2478860
2478970
2479000
2479020
2479140
2479160
2479170
2479290
2479300
2479320
2479340
2479620
2479650
2479670
2479740
2479770
2479780
2479810
2479830
2479840
2479920
2479930
2479950
2479960
2479970
2480000
2480010
2480100
2480200
2480260
2480290
2480590
2480630
2480680
2480820
2480830
2480930
2480950
2480970
2481020
2481220
2481260
2481310
2481340
2481400
2481440
2481520
2481610
2481640
2481670
2481710
2481790
2481820
2481850
2481870
2481890
2481930
2481980
2482000
2482030
2482130
2482150
2482190
2482200
2482250
2482270
2482360
2482420
2482550
2482780
2482850
2482900
2482920
2482950
2483070
2483190
2483220
2483250
2483290
2483300
2483380
2483400
2483440
2483490
2483630
2483680
2483730
2483760
2483770
2483780
2483850
2483950
2483970
2484020
2484030
2484060
2484100
2484110
2484130
2484160
2484170
2484230
2484250
2484340
2484360
2484370
2484410
2484430
2484500
2484540
2484570
2484580
2484610
2484630
2484810
2484860
2485000
2485060
2485070
2485090
2485180
2485190
2485270
2485340
2485350
2485400
2485430
2485460
2485470
2485540
2485620
2485750
2485860
2485870
2485890
2485950
2485980
2486000
2486020
2486090
2486150
2486180
2486240
2486300
2486400
2486520
2486540
2486590
2486600
2486650
2486730
2486740
2486750
2486760
2486810
2486820
2486840
2486880
2486930
2487000
2487020
2487060
2487070
2487110
2487120
2487130
2487140
2487150
2487200
2487300
2487340
2487350
2487390
2487490
2487560
2487620
2487640
2487680
2487830
2487870
2487930
2487970
2488050
2488090
2488190
2488240
2488300
2488340
2488350
2488370
2488400
2488410
2488430
2488470
2488480
2488510
2488590
2488620
2488630
2488640
2488690
2488710
2488790
2488890
2488930
2488970
2489000
2489010
2489050
2489090
2489270
2489300
2489330
2489370
2489460
2489510
2489560
2489650
2489670
2489710
2489730
2489850
2489880
2489930
2489990
2490020
2490030
2490040
2490100
2490140
2490160
2490210
2490240
2490420
2490510
2490670
2490760
2490790
2490820
2490910
2490930
2490990
2491040
2491200
2491320
2491360
2491380
2491540
2491620
2491640
2491660
2491690
2491700
2491710
2491720
2491770
2491820
2491890
2492040
2492120
2492290
2492320
2492330
2492370
2492380
2492390
2492400
2492410
2492420
2492430
2492560
2492570
2492600
2492730
2492740
2492780
2492800
2492850
2492890
2492900
2492950
2492990
2493010
2493140
2493160
2493180
2493220
2493250
2493340
2493430
2493470
2493510
2493560
2493670
2493710
2493750
2493760
2493780
2493820
2493910
2493950
2494230
2494240
2494250
2494340
2494350
2494370
2494410
2494440
2494450
2494480
2494500
2494680
2494710
2494720
2494780
2494790
2494810
2494870
2494930
2494990
2495040
2495050
2495080
2495100
2495130
2495160
2495170
2495180
2495270
2495350
2495380
2495450
2495620
2495650
2495690
2495700
2495720
2495820
2495980
2496000
2496160
2496180
2496270
2496300
2496430
2496460
2496500
2496510
2496520
2496640
2496720
2496790
2496830
2496850
2496920
2496940
2496950
2497040
2497070
2497110
2497170
2497210
2497310
2497340
2497390
2497430
2497500
2497510
2497520
2497560
2497570
2497610
2497650
2497670
2497850
2497870
2497890
2497900
2497910
2497920
2497930
2497940
2498010
2498090
2498100
2498160
2498170
2498340
2498360
2498480
2498570
2498580
2498620
2498630
2498680
2498730
2498740
2498790
2498820
2498870
2498910
2498920
2498940
2499040
2499150
2499210
2499320
2499330
2499360
2499420
2499470
2499500
2499510
2499520
2499570
2499590
2499640
2499670
2499680
2499740
2499770
2499800
2499820
2499860
2499880
2499930
2499950
2499970
2500080
2500130
2500160
2500390
2500400
2500410
2500450
2500460
2500490
2500570
2500610
2500680
2500700
2500710
2500750
2500760
2500800
2500810
2500820
2501160
2501210
2501230
2501550
2501590
2501600
2501650
2501830
2502040
2502100
2502200
2502220
2502390
2502500
2502600
2502650
2502730
2502760
2502790
2502830
2502910
2502940
2502980
2503130
2503150
2503180
2503220
2503250
2503260
2503550
2503690
2503710
2503740
2503770
2503780
2503840
2503890
2503950
2504060
2504090
2504220
2504250
2504380
2504400
2504460
2504480
2504540
2504600
2504630
2504660
2505020
2505090
2505120
2505160
2505180
2505200
2505210
2505250
2505330
2505350
2505420
2505440
2505510
2505560
2505570
2505580
2505590
2505640
2505700
2505740
2505780
2505840
2505850
2506000
2506020
2506110
2506120
2506140
2506160
2506290
2506360
2506380
2506400
2506410
2506430
2506450
2506460
2506470
2506480
2506510
2506530
2506580
2506610
2506660
2506690
2506730
2506740
2506780
2506790
2506810
2506820
2506830
2506850
2506860
2506870
2506880
2506930
2507040
2507080
2507250
2507290
2507300
2507360
2507400
2507560
2507610
2507620
2507630
2507640
2507700
2507710
2507750
2507780
2507820
2507840
2507850
2507890
2507900
2507940
2507950
2507980
2508030
2508070
2508140
2508210
2508280
2508400
2508610
2508630
2508670
2508680
2508690
2508740
2508770
2508780
2508870
2508890
2508940
2508960
2508980
2509010
2509120
2509130
2509160
2509170
2509190
2509200
2509210
2509290
2509320
2509370
2509660
2509700
2509710
2509750
2509760
2509770
2509830
2509850
2509920
2510010
2510050
2510130
2510160
2510170
2510490
2510510
2510530
2510540
2510670
2510700
2510710
2510760
2510770
2510810
2510830
2510840
2510850
2510880
2510890
2510950
2510960
2511040
2511050
2511170
2511180
2511290
2511310
2511320
2511340
2511350
2511440
2511450
2511500
2511570
2511780
2511870
2511900
2511930
2511960
2512080
2512090
2512160
2512190
2512200
2512250
2512290
2512370
2512500
2512510
2512560
2512620
2512630
2512690
2512740
2512790
2512840
2512860
2512920
2512930
2513030
2513080
2513090
2513130
2513140
2513230
2513240
2513280
2513380
2513400
2513440
2513510
2513580
2513760
2513810
2513890
2514100
2514340
2514400
2514430
2514440
2514460
2514630
2514640
2514650
2514660
2514680
2514850
2514920
2514960
2515020
2515030
2515050
2515070
2515120
2515190
2515240
2515290
2515300
2515310
2515520
2515530
2515540
2515750
2515790
2515860
2515920
2515950
2516030
2516040
2516050
2516090
2516170
2516220
2516240
2516360
2516470
2516540
2516550
2516570
2516590
2516700
2516750
2516780
2516810
2516820
2516890
2516920
2516940
2516980
2516990
2517000
2517030
2517050
2517090
2517130
2517190
2517200
2517220
2517300
2517310
2517380
2517410
2517440
2517470
2517510
2517560
2517650
2517660
2517770
2517800
2517810
2517850
2517860
2517870
2517920
2517970
2518000
2518200
2518240
2518350
2518360
2518410
2518430
2518540
2518550
2518560
2518600
2518630
2518670
2518680
2518770
2518900
2518940
2518950
2518960
2519010
2519220
2519240
2519260
2519290
2519310
2519370
2519380
2519420
2519470
2519560
2519830
2519850
2519880
2519890
2519990
2520000
2520110
2520180
2520270
2520280
2520360
2520410
2520530
2520560
2520570
2520580
2520590
2520610
2520630
2520770
2520870
2520890
2520950
2520960
2520980
2521110
2521150
2521180
2521190
2521330
2521380
2521390
2521400
2521410
2521470
2521550
2521600
2521630
2521650
2521910
2521920
2521940
2522040
2522060
2522160
2522270
2522280
2522350
2522430
2522520
2522530
2522580
2522620
2522650
2522760
2522840
2522910
2522920
2522970
2522990
2523090
2523120
2523160
2523180
2523250
2523310
2523440
2523450
2523620
2523630
2523650
2523720
2523890
2523910
2523930
2524010
2524150
2524170
2524220
2524240
2524360
2524400
2524480
2524490
2524580
2524590
2524610
2524700
2524730
2524840
2524870
2524890
2524920
2524930
2524980
2525120
2525190
2525230
2525270
2525300
2525310
2525380
2525410
2525420
2525490
2525510
2525550
2525570
2525680
2525690
2525730
2525810
2525830
2525880
2525940
2525950
2525960
2525970
2526010
2526040
2526070
2526080
2526160
2526310
2526380
2526390
2526410
2526500
2526560
2526580
2526610
2526620
2526670
2526880
2526940
2527050
2527140
2527320
2527340
2527360
2527370
2527390
2527450
2527460
2527500
2527540
2527580
2527600
2527640
2527660
2527680
2527690
2527700
2527710
2527750
2527880
2527890
2528040
2528400
2528580
2528650
2528730
2528800
2528820
2528860
2528900
2529000
2529080
2529110
2529120
2529130
2529170
2529180
2529190
2529220
2529230
2529340
2529400
2529450
2529460
2529510
2529520
2529540
2529560
2529580
2529590
2529610
2529740
2529750
2529770
2529790
2529810
2529820
2529830
2529910
2529930
2530030
2530040
2530080
2530100
2530110
2530150
2530170
2530240
2530420
2530430
2530470
2530490
2530500
2530540
2530560
2530640
2530660
2530670
2530680
2530690
2530710
2530730
2530810
2530890
2530940
2530950
2530970
2530980
2530990
2531150
2531230
2531290
2531300
2531310
2531340
2531370
2531400
2531410
2531530
2531540
2531600
2531620
2531660
2531690
2531710
2531740
2531760
2531940
2531950
2531970
2532020
2532050
2532180
2532190
2532230
2532240
2532300
2532310
2532320
2532340
2532360
2532430
2532470
2532480
2532490
2532500
2532550
2532660
2532700
2532720
2532770
2533020
2533030
2533050
2533060
2533110
2533120
2533180
2533280
2533370
2533410
2533430
2533470
2533600
2533740
2533830
2533870
2533960
2533980
2534020
2534060
2534090
2534120
2534140
2534190
2534250
2534280
2534300
2534370
2534630
2534650
2534670
2534730
2534780
2534830
2534860
2534930
2534940
2534980
2534990
2535380
2535420
2535440
2535490
2535560
2535600
2535640
2535670
2535680
2535700
2535730
2535780
2535790
2535810
2535820
2535830
2535970
2536070
2536120
2536130
2536180
2536260
2536490
2536520
2536530
2536570
2536650
2536660
2536730
2536750
2536840
2536940
2536960
2537010
2537120
2537150
2537300
2537360
2537380
2537450
2537470
2537510
2537590
2537630
2537730
2537750
2537770
2537780
2537860
2537920
2537960
2537970
2538000
2538030
2538070
2538090
2538100
2538150
2538160
2538330
2538340
2538370
2538390
2538430
2538470
2538490
2538570
2538670
2538780
2538840
2538860
2538880
2538910
2539030
2539050
2539070
2539090
2539120
2539180
2539200
2539230
2539300
2539310
2539330
2539350
2539420
2539440
2539520
2539620
2539730
2539790
2539800
2539820
2539840
2539880
2539890
2539910
2539960
2540000
2540060
2540100
2540150
2540230
2540240
2540270
2540310
2540390
2540410
2540490
2540510
2540630
2540670
2540680
2540690
2540710
2540740
2540810
2540820
2540840
2540860
2540960
2540970
2540980
2541050
2541070
2541100
2541150
2541160
2541170
2541180
2541190
2541200
2541310
2541320
2541360
2541370
2541380
2541470
2541550
2541590
2541780
2541820
2541890
2542010
2542110
2542120
2542140
2542180
2542190
2542350
2542430
2542440
2542450
2542460
2542520
2542530
2542550
2542600
2542630
2542650
2542800
2542810
2542820
2542840
2542860
2542950
2543030
2543050
2543100
2543110
2543150
2543180
2543210
2543260
2543310
2543340
2543350
2543370
2543410
2543420
2543490
2543510
2543560
2543600
2543610
2543630
2543650
2543740
2543760
2543770
2543810
2543830
2543970
2544010
2544020
2544090
2544110
2544120
2544250
2544300
2544480
2544550
2544570
2544590
2544620
2544720
2544760
2544880
2544900
2544990
2545010
2545020
2545060
2545070
2545120
2545130
2545220
2545330
2545340
2545360
2545430
2545530
2545560
2545570
2545650
2545710
2545740
2545760
2545790
2545810
2545830
2545920
2546090
2546110
2546130
2546150
2546160
2546170
2546310
2546330
2546480
2546550
2546630
2546640
2546680
2546690
2546710
2546830
2546970
2547030
2547120
2547140
2547180
2547200
2547210
2547330
2547410
2547510
2547570
2547590
2547610
2547670
2547750
2547760
2547830
2547860
2547940
2547980
2548000
2548010
2548070
2548250
2548330
2548370
2548390
2548400
2548530
2548580
2548650
2548680
2548830
2548940
2548950
2549000
2549080
2549140
2549150
2549190
2549200
2549240
2549250
2549260
2549270
2549350
2549380
2549440
2549460
2549530
2549580
2549600
2549630
2549650
2549680
2549720
2549750
2549760
2549780
2549870
2549880
2549940
2549950
2549960
2550020
2550030
2550040
2550090
2550140
2550170
2550290
2550330
2550340
2550350
2550370
2550440
2550460
2550480
2550500
2550630
2550700
2550720
2550730
2550790
2550860
2550930
2551020
2551030
2551110
2551170
2551200
2551260
2551290
2551430
2551440
2551500
2551570
2551690
2551780
2551820
2551860
2551920
2552100
2552200
2552310
2552330
2552340
2552380
2552390
2552410
2552420
2552430
2552440
2552450
2552460
2552470
2552480
2552490
2552500
2552510
2552520
2552530
2552540
2552550
2552570
2552600
2552680
2552730
2552850
2552890
2552900
2552980
2553040
2553050
2553160
2553180
2553210
2553240
2553260
2553290
2553410
2553420
2553440
2553480
2553640
2553710
2553780
2553790
2553800
2553840
2553870
2553890
2553910
2553920
2553940
2553960
2554010
2554020
2554030
2554040
2554050
2554060
2554070
2554080
2554090
2554100
2554110
2554120
2554130
2554140
2554150
2554160
2554170
2554180
2554190
2554200
2554210
2554220
2554230
2554240
2554250
2554260
2554270
2554280
2554290
2554310
2554320
2554330
2554340
2554350
2554360
2554370
2554380
2554390
2554400
2554410
2554420
2554430
2554440
2554450
2554460
2554470
2554480
2554490
2554500
2554510
2554520
2554530
2554540
2554550
2554560
2554570
2554580
2554590
2554600
2554610
2554620
2554630
2554640
2554650
2554670
2554690
2554760
2554770
2554820
2554900
2554930
2554950
2555090
2555190
2555210
2555220
2555260
2555280
2555320
2555420
2555430
2555440
2555460
2555570
2555580
2555590
2555760
2555780
2555850
2555910
2555930
2555950
2556050
2556090
2556100
2556160
2556180
2556210
2556290
2556450
2556620
2556670
2556740
2556920
2556940
2556950
2556990
2557460
2557480
2557490
2557520
2557580
2557630
2557660
2557700
2557720
2557750
2557870
2557880
2557900
2557940
2558060
2558070
2558090
2558110
2558120
2558200
2558240
2558360
2558390
2558480
2558500
2558520
2558560
2558570
2558580
2558590
2558630
2558660
2558670
2558750
2558820
2558830
2558930
2559040
2559050
2559060
2559170
2559250
2559270
2559280
2559290
2559360
2559400
2559450
2559470
2559530
2559550
2559820
2559930
2559950
2559980
2560040
2560050
2560100
2560110
2560120
2560220
2560240
2560250
2560260
2560280
2560340
2560460
2560490
2560500
2560520
2560530
2560590
2560620
2560640
2560650
2560660
2560670
2560740
2560790
2560820
2560870
2561080
2561090
2561200
2561210
2561220
2561230
2561270
2561280
2561310
2561360
2561470
2561500
2561520
2561580
2561590
2561680
2561720
2561770
2561810
2561860
2561920
2561950
2562180
2562240
2562290
2562350
2562380
2562460
2562510
2562550
2562610
2562620
2562730
2562770
2562810
2562870
2562900
2562920
2562980
2563120
2563140
2563160
2563300
2563340
2563350
2563410
2563440
2563540
2563550
2563570
2563740
2563760
2563770
2563800
2563850
2563930
2563960
2563980
2564050
2564070
2564140
2564220
2564240
2564260
2564320
2564340
2564370
2564440
2564460
2564520
2564570
2564580
2564600
2564660
2564700
2564770
2564810
2564850
2564860
2564880
2564910
2564940
2564950
2564970
2565000
2565180
2565200
2565210
2565260
2565340
2565440
2565480
2565490
2565550
2565560
2565600
2565730
2565750
2565790
2565900
2565910
2565920
2565930
2565940
2565960
2566030
2566130
2566140
2566160
2566210
2566220
2566230
2566240
2566260
2566270
2566310
2566340
2566350
2566410
2566450
2566520
2566580
2566880
2567040
2567170
2567190
2567210
2567290
2567340
2567360
2567380
2567390
2567410
2567490
2567510
2567520
2567530
2567550
2567600
2567620
2567630
2567680
2567700
2567710
2567730
2567750
2567770
2567870
2567970
2568000
2568040
2568050
2568060
2568390
2568410
2568510
2568540
2568600
2568620
2568640
2568650
2568660
2568690
2568710
2568860
2568870
2568880
2568910
2568960
2569030
2569170
2569240
2569280
2569320
2569330
2569410
2569470
2569500
2569510
2569520
2569570
2569580
2569610
2569660
2569680
2569710
2569750
2569780
2569820
2569840
2569880
2569910
2570040
2570130
2570170
2570210
2570230
2570280
2570390
2570430
2570450
2570630
2570640
2570810
2570850
2570950
2571120
2571140
2571160
2571200
2571240
2571270
2571280
2571330
2571350
2571400
2571440
2571490
2571500
2571650
2571780
2571870
2571880
2571900
2572280
2572300
2572340
2572360
2572400
2572560
2572670
2572870
2573010
2573050
2573080
2573090
2573100
2573190
2573200
2573240
2573260
2573320
2573350
2573420
2573430
2573470
2573610
2573620
2573640
2573670
2573770
2573950
2573960
2574000
2574010
2574030
2574120
2574160
2574180
2574190
2574200
2574220
2574230
2574260
2574270
2574420
2574430
2574460
2574520
2574580
2574590
2574690
2574760
2574770
2574800
2574840
2574940
2574970
2575060
2575070
2575100
2575110
2575120
2575150
2575360
2575370
2575450
2575460
2575840
2575870
2575900
2575940
2576000
2576020
2576030
2576040
2576170
2576200
2576440
2576460
2576480
2576550
2576580
2576600
2576940
2577180
2577250
2577320
2577520
2577550
2577660
2577760
2577850
2577890
2577910
2577920
2578010
2578110
2578140
2578220
2578240
2578250
2578270
2578280
2578360
2578400
2578460
2578480
2578670
2578690
2578730
2578750
2578790
2578800
2578810
2578820
2578880
2578910
2578940
2578950
2578960
2578980
2579020
2579270
2579280
2579380
2579430
2579470
2579510
2579600
2579670
2579730
2579800
2579840
2579860
2580000
2580010
2580020
2580100
2580130
2580180
2580190
2580210
2580330
2580390
2580470
2581020
2581030
2581050
2581080
2581090
2581200
2581210
2581340
2581370
2581410
2581450
2581530
2581540
2581570
2581590
2581610
2581620
2581630
2581700
2581750
2581810
2581950
2582100
2582140
2582240
2582300
2582320
2582350
2582360
2582470
2582480
2582540
2582560
2582650
2582660
2582730
2582740
2582810
2582900
2582920
2583000
2583030
2583280
2583300
2583330
2583430
2583500
2583540
2583550
2583760
2583830
2583920
2583950
2583960
2583970
2584050
2584070
2584080
2584090
2584100
2584110
2584120
2584130
2584140
2584150
2584180
2584250
2584260
2584290
2584340
2584370
2584420
2584450
2584470
2584530
2584550
2584590
2584630
2584650
2584700
2584850
2584990
2585040
2585050
2585090
2585110
2585150
2585160
2585260
2585270
2585370
2585380
2585430
2585530
2585540
2585560
2585580
2585720
2585830
2585840
2585860
2586000
2586040
2586060
2586110
2586140
2586150
2586160
2586170
2586250
2586270
2586330
2586500
2586520
2586540
2586550
2586560
2586650
2586670
2586710
2586890
2586970
2587010
2587030
2587040
2587060
2587190
2587250
2587340
2587360
2587370
2587390
2587450
2587590
2587630
2587670
2587770
2587790
2587810
2587840
2587870
2587890
2587900
2587930
2587950
2587960
2587980
2588160
2588190
2588220
2588230
2588240
2588310
2588320
2588430
2588500
2588550
2588580
2588590
2588610
2588630
2588690
2588740
2588790
2588800
2588820
2588860
2588960
2588990
2589050
2589060
2589100
2589110
2589200
2589320
2589350
2589400
2589430
2589440
2589450
2589470
2589500
2589510
2589670
2589710
2589730
2589740
2589810
2589820
2589840
2589880
2589910
2589970
2589990
2590020
2590050
2590150
2590160
2590180
2590220
2590250
2590300
2590370
2590580
2590600
2590670
2590720
2590770
2590810
2590830
2590910
2590920
2591010
2591030
2591070
2591130
2591150
2591210
2591240
2591250
2591280
2591290
2591310
2591320
2591360
2591380
2591410
2591420
2591480
2591500
2591520
2591610
2591650
2591810
2591880
2591910
2591950
2591970
2591990
2592000
2592040
2592060
2592070
2592160
2592170
2592220
2592340
2592560
2592710
2593070
2593080
2593130
2593140
2593180
2593190
2593370
2593380
2593390
2593400
2593410
2593440
2593450
2593510
2593580
2593650
2593660
2593680
2593710
2593770
2593780
2593790
2593810
2593830
2593850
2593870
2593900
2593910
2593920
2593930
2593940
2593960
2593970
2594020
2594030
2594040
2594050
2594060
2594070
2594080
2594090
2594100
2594150
2594200
2594280
2594290
2594430
2594490
2594540
2594560
2594640
2594810
2594830
2594870
2594940
2595030
2595080
2595090
2595230
2595300
2595370
2595420
2595440
2595520
2595530
2595540
2595640
2595700
2595770
2595780
2595850
2595860
2595880
2595940
2596100
2596250
2596420
2596470
2596630
2596670
2596750
2596800
2596880
2596890
2596990
2597000
2597020
2597080
2597110
2597130
2597180
2597190
2597210
2597260
2597290
2597330
2597350
2597360
2597380
2597420
2597450
2597460
2597480
2597560
2597570
2597580
2597590
2597660
2597710
2597880
2597970
2598020
2598050
2598070
2598080
2598110
2598190
2598300
2598310
2598340
2598410
2598450
2598480
2598490
2598510
2598560
2598620
2598630
2598660
2598670
2598690
2598730
2598800
2598860
2598890
2598930
2598940
2598970
2598980
2599000
2599080
2599110
2599150
2599220
2599270
2599300
2599310
2599320
2599370
2599420
2599450
2599540
2599560
2599620
2599630
2599690
2599700
2599770
2599780
2599880
2599890
2599900
2599920
2599950
2600040
2600050
2600140
2600150
2600180
2600570
2600580
2600600
2600620
2600640
2600660
2600670
2600700
2600770
2600830
2600860
2600880
2601000
2601030
2601110
2601120
2601130
2601140
2601190
2601200
2601320
2601460
2601480
2601490
2601580
2601610
2601700
2601740
2601750
2601870
2601940
2602020
2602030
2602050
2602110
2602210
2602230
2602290
2602300
2602310
2602380
2602450
2602460
2602510
2602540
2602550
2602570
2602580
2602700
2602750
2602760
2602770
2602780
2602810
2602820
2602910
2603020
2603030
2603040
2603130
2603210
2603280
2603410
2603430
2603450
2603480
2603650
2603660
2603730
2603760
2603800
2603910
2603950
2604220
2604240
2604300
2604320
2604410
2604420
2604480
2604510
2604580
2604600
2604690
2604780
2604970
2604980
2605210
2605260
2605330
2605350
2605410
2605450
2605460
2605470
2605500
2605530
2605600
2605640
2605650
2605660
2605670
2605680
2605690
2605700
2605740
2605780
2605790
2605880
2605940
2606240
2606270
2606290
2606550
2606620
2606630
2606760
2606820
2606920
2607060
2607150
2607160
2607180
2607200
2607230
2607260
2607310
2607320
2607350
2607470
2607610
2607640
2607730
2607760
2607870
2607920
2607950
2607960
2607970
2607990
2608040
2608050
2608120
2608140
2608210
2608250
2608270
2608300
2608340
2608350
2608400
2608440
2608550
2608570
2608590
2608620
2608630
2608660
2608730
2609030
2609040
2609080
2609120
2609320
2609410
2609490
2609500
2609610
2609720
2609750
2609760
2609780
2609790
2609910
2610050
2610080
2610090
2610200
2610210
2610220
2610230
2610250
2610280
2610500
2610630
2610640
2610650
2610690
2610720
2610810
2610830
2610990
2611040
2611110
2611170
2611190
2611200
2611280
2611410
2611580
2611590
2611630
2611740
2611750
2611800
2611890
2611940
2612220
2612260
2612410
2612420
2612460
2612660
2612680
2612690
2612700
2612720
2612780
2612870
2612950
2612960
2612980
2613010
2613060
2613070
2613080
2613230
2613250
2613370
2613480
2613490
2613610
2613640
2613780
2613800
2613870
2613890
2613930
2613940
2613950
2613960
2614000
2614070
2614100
2614170
2614180
2614210
2614220
2614240
2614280
2614320
2614360
2614380
2614460
2614480
2614510
2614550
2614670
2614690
2614700
2614750
2614790
2614800
2614970
2614980
2615010
2615190
2615200
2615230
2615290
2615300
2615330
2615380
2615410
2615430
2615440
2615540
2615630
2615670
2615690
2615700
2615770
2615810
2615940
2616050
2616060
2616090
2616140
2616180
2616280
2616420
2616430
2616450
2616460
2616550
2616720
2616810
2616930
2616950
2616960
2616970
2617030
2617090
2617140
2617210
2617310
2617330
2617400
2617470
2617700
2617710
2617720
2617770
2617800
2617830
2617860
2618050
2618060
2618090
2618100
2618170
2618190
2618260
2618340
2618350
2618360
2618370
2618420
2618640
2618830
2618840
2618850
2618880
2618890
2618920
2618940
2619000
2619030
2619110
2619120
2619180
2619210
2619240
2619250
2619280
2619350
2619450
2619510
2619520
2619570
2619590
2619620
2619650
2619790
2619900
2619940
2619970
2620000
2620020
2620200
2620210
2620220
2620240
2620310
2620330
2620340
2620350
2620380
2620390
2620410
2620420
2620500
2620590
2620610
2620640
2620730
2620750
2620810
2620940
2620950
2620980
2621140
2621150
2621160
2621260
2621330
2621400
2621420
2621440
2621460
2621650
2621670
2621730
2621790
2621860
2621900
2621910
2621950
2621980
2622000
2622140
2622200
2622230
2622240
2622260
2622280
2622300
2622380
2622500
2622740
2622750
2622770
2622780
2622920
2623040
2623050
2623090
2623150
2623190
2623400
2623430
2623540
2623560
2623570
2623650
2623700
2623730
2623750
2623780
2623820
2623830
2623840
2623850
2623860
2624020
2624060
2624080
2624100
2624120
2624220
2624230
2624280
2624320
2624360
2624560
2624670
2624690
2624720
2624740
2624760
2624870
2624900
2624940
2624950
2625030
2625170
2625300
2625330
2625380
2625420
2625430
2625510
2625550
2625620
2625650
2625700
2625960
2626050
2626070
2626120
2626240
2626320
2626360
2626380
2626390
2626400
2626410
2626450
2626460
2626470
2626600
2626650
2626680
2626740
2626760
2626780
2626790
2626800
2626860
2626890
2626910
2626920
2626940
2626970
2627030
2627140
2627210
2627240
2627260
2627270
2627280
2627340
2627370
2627410
2627500
2627540
2627550
2627570
2627600
2627680
2627780
2627800
2628060
2628070
2628080
2628100
2628190
2628230
2628370
2628390
2628400
2628420
2628560
2628570
2628600
2628620
2628630
2628680
2628720
2628800
2628820
2628830
2628840
2628950
2628960
2629010
2629030
2629050
2629120
2629180
2629200
2629230
2629260
2629270
2629280
2629330
2629340
2629470
2629610
2629650
2629660
2629680
2630010
2630020
2630030
2630080
2630100
2630140
2630160
2630260
2630300
2630310
2630350
2630380
2630410
2630500
2630810
2630820
2630900
2631010
2631020
2631100
2631130
2631170
2631210
2631220
2631240
2631250
2631300
2631340
2631380
2631450
2631500
2631520
2631570
2631580
2631610
2631630
2631650
2631710
2631800
2631870
2631880
2631910
2631960
2632080
2632120
2632160
2632240
2632360
2632480
2632510
2632570
2632630
2632660
2632690
2632720
2632800
2632890
2632920
2632930
2633080
2633150
2633210
2633220
2633300
2633330
2633350
2633460
2633480
2633490
2633500
2633540
2633550
2633640
2633660
2633760
2633890
2633950
2634140
2634210
2634300
2634330
2634420
2634470
2634510
2634560
2634580
2634610
2634690
2634770
2634890
2634950
2635050
2635070
2635120
2635140
2635160
2635180
2635190
2635200
2635210
2635220
2635230
2635250
2635270
2635330
2635340
2635350
2635360
2635390
2635500
2635530
2635620
2635640
2635670
2635740
2635750
2635790
2635820
2635850
2635860
2635930
2635980
2636000
2636020
2636200
2636260
2636320
2636340
2636410
2636420
2636480
2636510
2636560
2636570
2636850
2636890
2636910
2636990
2637070
2637100
2637170
2637190
2637220
2637860
2637940
2637990
2638000
2638040
2638050
2638100
2638130
2638150
2638180
2638230
2638240
2638290
2638340
2638370
2638430
2638560
2638630
2638670
2638680
2638790
2638880
2638900
2638980
2639000
2639100
2639250
2639280
2639350
2639380
2639420
2639430
2639440
2639460
2639480
2639580
2639590
2639780
2639810
2639840
2639880
2639950
2639980
2640000
2640030
2640100
2640360
2640380
2640400
2640420
2640430
2640520
2640560
2640600
2640640
2640720
2640800
2640910
2640980
2641000
2641030
2641070
2641090
2641230
2641350
2641420
2641430
2641450
2641460
2641480
2641490
2641500
2641530
2641630
2641710
2641740
2641810
2641820
2641890
2641940
2641950
2642020
2642030
2642050
2642070
2642080
2642090
2642100
2642170
2642220
2642230
2642310
2642330
2642370
2642460
2642520
2642570
2642640
2642700
2642820
2642840
2642870
2642890
2642920
2642970
2643010
2643080
2643090
2643210
2643290
2643390
2643520
2643630
2643760
2643780
2643800
2643810
2643850
2643880
2643910
2643930
2644000
2644010
2644050
2644170
2644210
2644230
2644240
2644260
2644300
2644320
2644360
2644400
2644410
2644470
2644490
2644510
2644520
2644530
2644560
2644590
2644610
2644620
2644700
2644710
2644800
2644820
2644870
2644890
2644970
2644980
2645100
2645120
2645150
2645190
2645220
2645260
2645390
2645490
2645580
2645650
2645670
2645850
2645860
2645870
2645950
2646000
2646050
2646060
2646070
2646120
2646190
2646200
2646230
2646240
2646250
2646260
2646280
2646300
2646320
2646350
2646440
2646460
2646500
2646610
2646640
2646660
2646760
2647060
2647100
2647230
2647300
2647510
2647680
2647760
2647820
2647830
2647920
2647960
2647980
2648050
2648080
2648130
2648310
2648350
2648370
2648390
2648470
2648480
2648490
2648560
2648640
2648660
2648870
2648890
2648990
2649080
2649170
2649190
2649200
2649220
2649290
2649470
2649480
2649520
2649730
2649770
2649780
2649800
2649830
2649910
2649950
2649970
2650110
2650190
2650200
2650320
2650350
2650570
2650590
2650600
2650630
2650680
2650730
2650800
2650830
2650840
2650850
2650880
2650900
2650910
2650920
2650930
2650940
2650960
2650970
2650980
2650990
2651000
2651090
2651190
2651220
2651280
2651290
2651310
2651320
2651410
2651420
2651430
2651440
2651460
2651500
2651530
2651550
2651570
2651580
2651630
2651760
2651860
2652000
2652020
2652050
2652330
2652480
2652500
2652570
2652600
2652670
2652750
2652820
2652890
2652930
2653080
2653120
2653140
2653170
2653210
2653240
2653260
2653330
2653380
2653460
2653470
2653480
2653490
2653500
2653530
2653790
2653860
2653880
2653890
2653910
2653920
2654040
2654060
2654120
2654160
2654220
2654350
2654420
2654450
2654470
2654500
2654520
2654540
2654570
2654590
2654670
2654680
2654700
2654860
2654910
2655000
2655040
2655080
2655190
2655220
2655230
2655390
2655470
2655490
2655580
2655590
2655620
2655660
2655720
2655740
2655800
2655840
2655910
2655930
2655960
2656180
2656310
2656350
2656360
2656410
2656420
2656450
2656490
2656540
2656610
2656640
2656650
2656690
2656710
2656930
2656980
2657030
2657050
2657060
2657080
2657090
2657100
2657120
2657130
2657160
2657220
2657310
2657360
2657380
2657390
2657400
2657410
2657420
2657480
2657600
2657610
2657710
2657720
2657730
2657750
2657810
2657850
2657890
2657900
2657930
2658010
2658030
2658080
2658180
2658250
2658260
2658290
2658330
2658450
2658470
2658490
2658510
2658550
2658560
2658590
2658640
2658650
2658690
2658720
2658780
2658810
2658820
2658840
2658860
2658920
2658940
2658960
2658980
2658990
2659020
2659050
2659200
2659230
2659250
2659340
2659380
2659510
2659650
2659690
2659710
2659720
2659830
2659840
2659850
2659860
2659870
2659900
2659940
2659960
2659970
2660100
2660170
2660240
2660250
2660260
2660320
2660330
2660370
2660390
2660400
2660410
2660460
2660500
2660750
2660790
2660830
2660840
2660860
2660930
2660940
2660960
2660970
2660980
2661160
2661210
2661260
2661300
2661430
2661520
2661530
2661620
2661630
2661750
2661780
2661810
2661850
2661900
2662040
2662080
2662100
2662110
2662130
2662160
2662170
2662200
2662270
2662280
2662320
2662350
2662360
2662370
2662380
2662390
2662410
2662420
2662430
2662440
2662460
2662470
2662480
2662490
2662500
2662510
2662520
2662540
2662620
2662780
2662810
2663080
2663090
2663140
2663200
2663350
2663450
2663530
2663600
2663720
2663780
2663790
2663810
2663830
2663910
2663950
2664050
2664190
2664330
2664370
2664540
2664560
2664670
2664680
2664720
2664740
2664750
2664880
2664890
2664930
2664960
2664990
2665040
2665170
2665180
2665370
2665380
2665430
2665460
2665500
2665530
2665590
2665680
2665940
2666000
2666020
2666080
2666200
2666230
2666250
2666290
2666350
2666370
2666390
2666410
2666510
2666520
2666530
2666550
2666570
2666590
2666610
2666840
2667100
2667120
2667270
2667410
2667430
2667480
2667500
2667540
2667680
2667690
2667740
2667750
2667760
2667790
2667850
2667880
2667950
2667970
2667990
2668000
2668020
2668040
2668050
2668080
2668130
2668150
2668160
2668170
2668180
2668300
2668330
2668430
2668450
2668510
2668530
2668540
2668580
2668590
2668660
2668710
2668760
2668840
2668890
2669000
2669080
2669100
2669150
2669160
2669320
2669360
2669380
2669390
2669410
2669440
2669500
2669520
2669550
2669580
2669610
2669860
2669910
2669970
2670040
2670100
2670170
2670180
2670250
2670260
2670280
2670310
2670340
2670360
2670370
2670380
2670390
2670550
2670630
2670700
2670720
2670730
2670740
2670770
2670780
2670800
2670890
2670920
2670930
2670960
2671010
2671030
2671040
2671060
2671070
2671080
2671110
2671120
2671140
2671210
2671230
2671270
2671320
2671350
2671440
2671480
2671600
2671710
2671720
2671730
2671740
2671970
2672030
2672060
2672090
2672110
2672120
2672130
2672170
2672260
2672290
2672330
2672350
2672430
2672500
2672510
2672520
2672570
2672610
2672760
2672900
2672980
2672990
2673060
2673170
2673240
2673310
2673390
2673430
2673440
2673490
2673590
2673660
2673690
2673720
2673730
2673750
2673860
2673930
2673950
2674080
2674120
2674140
2674190
2674230
2674240
2674270
2674290
2674300
2674370
2674420
2674440
2674580
2674590
2674800
2674810
2674930
2674970
2675270
2675290
2675380
2675390
2675410
2675420
2675540
2675610
2675620
2675630
2675660
2675690
2675800
2675820
2675850
2675870
2675910
2676000
2676010
2676160
2676180
2676210
2676320
2676390
2676410
2676440
2676540
2676580
2676700
2676810
2676820
2676840
2676850
2676930
2676960
2676970
2677020
2677040
2677150
2677230
2677280
2677310
2677370
2677560
2677570
2677580
2677590
2677600
2677640
2677650
2677660
2677670
2677680
2677720
2677750
2677770
2677890
2677930
2677940
2678050
2678060
2678070
2678080
2678140
2678160
2678280
2678290
2678330
2678470
2678620
2678640
2678820
2678830
2678940
2678950
2678960
2678970
2678990
2679060
2679140
2679200
2679210
2679260
2679350
2679430
2679460
2679500
2679520
2679590
2679620
2679640
2679660
2679690
2679760
2679860
2679880
2679980
2680010
2680050
2680190
2680200
2680250
2680330
2680370
2680380
2680410
2680420
2680520
2680540
2680550
2680610
2680670
2680680
2680800
2680810
2680830
2680840
2681030
2681060
2681100
2681110
2681120
2681180
2681220
2681260
2681270
2681490
2681530
2681600
2681890
2681950
2682120
2682210
2682300
2682380
2682470
2682510
2682570
2682580
2682600
2682660
2682800
2682810
2682820
2682830
2682840
2682910
2683030
2683060
2683150
2683200
2683210
2683250
2683290
2683510
2683570
2683610
2683680
2683760
2683800
2684010
2684030
2684080
2684120
2684130
2684200
2684230
2684260
2684280
2684290
2684300
2684310
2684370
2684420
2684500
2684540
2684560
2684650
2684660
2684780
2684790
2684800
2684830
2684850
2684930
2684960
2684990
2685030
2685040
2685060
2685070
2685090
2685140
2685150
2685170
2685200
2685210
2685220
2685230
2685240
2685250
2685260
2685270
2685280
2685290
2685320
2685350
2685360
2685370
2685380
2685410
2685490
2685500
2685560
2685570
2685590
2685610
2685620
2685660
2685760
2685770
2685810
2685840
2685900
2686060
2686080
2686110
2686250
2686320
2686330
2686350
2686360
2686480
2686500
2686580
2686590
2686630
2686670
2686690
2686720
2686740
2686750
2686770
2686780
2686790
2686810
2686850
2686900
2686930
2686960
2686990
2687000
2687080
2687110
2687140
2687150
2687160
2687190
2687300
2687330
2687400
2687410
2687490
2687500
2687510
2687540
2687600
2687660
2687850
2687940
2687960
2687970
2687990
2688140
2688210
2688400
2688440
2688570
2688600
2688610
2688650
2688680
2688720
2688730
2688900
2688950
2689120
2689130
2689440
2689460
2689470
2689610
2689630
2689640
2689820
2689870
2689880
2689900
2689920
2689970
2690010
2690110
2690160
2690170
2690290
2690330
2690340
2690390
2690470
2690510
2690550
2690560
2690580
2690760
2690770
2690780
2690790
2690800
2690870
2690960
2690970
2691010
2691040
2691200
2691210
2691350
2691390
2691450
2691470
2691560
2691690
2691700
2691750
2691790
2691830
2691900
2691980
2692010
2692030
2692210
2692280
2692300
2692430
2692440
2692450
2692560
2692570
2692580
2692610
2692730
2692760
2692800
2692950
2692960
2692990
2693060
2693140
2693210
2693350
2693380
2693400
2693410
2693450
2693460
2693480
2693530
2693560
2693650
2693710
2693730
2693810
2693820
2693860
2693900
2693930
2693940
2693960
2693970
2694000
2694060
2694070
2694080
2694140
2694210
2694360
2694420
2694450
2694460
2694490
2694520
2694600
2694750
2694900
2695030
2695040
2695150
2695160
2695270
2695290
2695340
2695430
2695450
2695490
2695570
2695780
2695850
2695870
2695940
2695960
2696050
2696060
2696070
2696080
2696090
2696120
2696140
2696170
2696200
2696300
2696310
2696320
2696390
2696400
2696480
2696520
2696680
2696760
2696780
2696810
2696850
2696930
2696970
2697000
2697060
2697070
2697130
2697200
2697250
2697390
2697470
2697490
2697500
2697520
2697560
2697640
2697690
2697730
2697890
2697930
2698190
2698210
2698230
2698250
2698300
2698340
2698350
2698420
2698450
2698460
2698470
2698540
2698550
2698560
2698600
2698680
2698690
2698700
2698780
2698870
2698910
2698940
2699100
2699250
2699280
2699290
2699340
2699500
2699510
2699600
2699610
2699620
2699660
2699670
2699690
2699720
2699740
2699780
2699820
2699860
2699870
2699880
2699950
2700050
2700080
2700090
2700100
2700120
2700150
2700220
2700230
2700240
2700340
2700410
2700460
2700510
2700530
2700540
2700570
2700780
2700810
2700910
2700960
2700970
2701020
2701050
2701080
2701100
2701120
2701170
2701190
2701210
2701240
2701250
2701350
2701360
2701390
2701410
2701420
2701440
2701450
2701490
2701510
2701530
2701590
2701610
2701630
2701660
2701670
2701690
2701700
2701720
2701730
2701750
2701770
2701800
2701900
2701910
2702020
2702050
2702080
2702090
2702100
2702110
2702120
2702130
2702160
2702170
2702220
2702230
2702300
2702340
2702470
2702500
2702570
2702590
2702660
2702680
2702700
2702760
2702960
2702970
2703070
2703130
2703180
2703190
2703200
2703210
2703220
2703230
2703240
2703250
2703260
2703270
2703280
2703290
2703300
2703450
2703550
2703560
2703720
2703850
2703910
2703920
2704060
2704100
2704110
2704120
2704140
2704190
2704210
2704280
2704370
2704460
2704510
2704580
2704660
2704710
2704770
2704860
2704870
2704930
2705210
2705230
2705320
2705370
2705420
2705480
2705520
2705560
2705610
2705820
2705840
2705890
2705900
2705910
2706020
2706140
2706170
2706300
2706320
2706370
2706390
2706450
2706460
2706720
2706900
2706950
2706960
2706980
2707000
2707040
2707070
2707110
2707140
2707150
2707260
2707270
2707280
2707300
2707340
2707350
2707360
2707380
2707390
2707400
2707410
2707420
2707490
2707500
2707580
2707610
2707810
2707830
2707860
2707900
2707930
2707940
2707960
2707970
2708030
2708180
2708200
2708210
2708270
2708280
2708450
2708490
2708710
2708720
2708790
2708940
2708950
2708990
2709050
2709060
2709090
2709120
2709220
2709300
2709390
2709530
2709570
2709600
2709700
2709800
2709900
2709940
2709980
2710010
2710060
2710090
2710260
2710290
2710320
2710380
2710410
2710420
2710440
2710450
2710480
2710560
2710590
2710660
2710950
2710970
2711030
2711070
2711100
2711230
2711280
2711320
2711330
2711350
2711630
2711640
2711790
2711820
2711860
2711880
2712340
2712380
2712400
2712410
2712420
2712450
2712540
2712550
2712560
2712570
2712580
2712600
2712670
2712720
2712730
2712750
2712910
2712930
2712950
2713070
2713460
2713630
2713650
2713690
2713740
2713750
2713950
2713990
2714010
2714130
2714170
2714210
2714220
2714330
2714580
2714600
2714620
2714800
2714820
2714970
2715020
2715060
2715180
2715220
2715230
2715280
2715290
2715320
2715330
2715340
2715370
2715390
2715410
2715420
2715450
2715490
2715590
2715640
2715650
2715660
2715680
2715700
2715740
2715780
2715790
2715810
2715900
2715930
2715960
2715980
2716030
2716110
2716120
2716140
2716200
2716270
2716400
2716520
2716530
2716540
2716620
2716690
2716720
2716730
2716750
2716820
2716870
2716930
2716940
2716960
2717000
2717010
2717050
2717110
2717120
2717130
2717140
2717150
2717240
2717260
2717280
2717300
2717310
2717450
2717480
2717490
2717570
2717580
2717610
2717710
2717750
2717780
2717800
2717810
2717850
2717880
2718010
2718030
2718150
2718210
2718240
2718450
2718730
2718740
2718780
2718840
2718860
2718880
2719000
2719020
2719030
2719060
2719130
2719150
2719160
2719190
2719200
2719240
2719250
2719290
2719420
2719520
2719710
2719740
2719750
2719820
2719830
2719840
2719920
2719940
2719950
2719970
2720010
2720070
2720080
2720270
2720280
2720320
2720430
2720540
2720620
2720680
2720700
2720740
2720840
2720950
2720980
2721070
2721120
2721150
2721180
2721240
2721260
2721300
2721340
2721530
2721670
2721680
2721710
2721750
2721860
2721880
2721890
2722000
2722200
2722210
2722250
2722260
2722270
2722310
2722360
2722400
2722480
2722510
2722570
2722600
2722610
2722680
2722710
2722740
2722810
2722820
2722860
2722960
2723140
2723170
2723220
2723270
2723300
2723360
2723390
2723430
2723440
2723460
2723470
2723480
2723500
2723520
2723530
2723540
2723620
2723640
2723720
2723880
2723980
2724160
2724450
2724500
2724510
2724540
2724550
2724600
2724630
2724660
2724740
2724770
2724810
2725010
2725080
2725090
2725240
2725250
2725260
2725320
2725330
2725460
2725480
2725540
2725560
2725600
2725610
2725650
2725700
2725740
2726020
2726060
2726080
2726110
2726120
2726130
2726230
2726240
2726340
2726350
2726370
2726450
2726460
2726490
2726560
2726620
2726720
2726740
2726750
2726870
2726890
2726910
2726920
2726930
2726960
2727020
2727040
2727210
2727350
2727370
2727380
2727400
2727440
2727470
2727490
2727540
2727550
2727650
2727660
2727700
2727750
2727760
2727990
2728000
2728040
2728190
2728200
2728250
2728260
2728380
2728880
2728910
2728950
2728990
2729000
2729020
2729040
2729110
2729150
2729170
2729250
2729360
2729380
2729390
2729400
2729410
2729420
2729430
2729440
2729480
2729520
2729570
2729600
2729630
2729700
2729710
2729820
2729880
2729940
2729980
2729990
2730020
2730090
2730170
2730180
2730270
2730320
2730350
2730440
2730530
2730540
2730550
2730580
2730650
2730700
2730800
2730810
2730870
2730890
2730970
2731010
2731050
2731110
2731140
2731180
2731240
2731300
2731330
2731400
2731530
2731650
2731740
2731790
2731830
2731870
2731880
2731900
2731910
2731940
2732020
2732050
2732100
2732170
2732210
2732240
2732260
2732510
2732560
2732610
2732620
2732630
2732730
2732820
2732870
2732910
2732960
2732970
2732980
2733030
2733070
2733170
2733200
2733310
2733530
2733670
2733690
2733710
2733780
2733800
2733820
2733920
2734140
2734210
2734250
2734270
2734310
2734350
2734370
2734440
2734450
2734460
2734520
2734630
2734750
2734780
2734800
2734830
2734880
2734920
2735000
2735020
2735060
2735090
2735220
2735510
2735540
2735580
2735590
2735620
2735630
2735670
2735690
2735700
2735760
2735870
2735930
2735950
2736010
2736020
2736040
2736110
2736140
2736150
2736190
2736200
2736220
2736230
2736290
2736310
2736320
2736330
2736350
2736390
2736480
2736490
2736650
2736690
2736700
2736740
2736780
2736860
2736910
2736950
2737030
2737070
2737100
2737130
2737140
2737160
2737260
2737300
2737580
2737620
2737680
2737960
2737970
2737980
2738050
2738080
2738110
2738230
2738320
2738340
2738350
2738380
2738420
2738430
2738460
2738480
2738490
2738520
2738630
2738670
2738710
2738730
2738740
2738750
2738770
2738860
2738870
2738890
2738900
2738940
2738990
2739120
2739150
2739180
2739340
2739410
2739420
2739430
2739450
2739590
2739600
2739620
2739630
2739700
2739750
2739830
2739860
2739930
2739980
2739990
2740000
2740020
2740040
2740080
2740090
2740110
2740170
2740180
2740190
2740260
2740280
2740290
2740350
2741060
2741070
2741090
2741100
2741110
2741230
2741260
2741300
2741350
2741360
2741390
2741400
2741410
2741440
2741490
2741560
2741740
2741800
2741820
2741830
2741950
2742010
2742020
2742040
2742100
2742110
2742150
2742180
2742190
2742200
2742270
2742310
2742320
2742340
2742380
2742400
2742420
2742450
2742490
2742550
2742620
2742730
2742750
2742830
2742840
2742930
2742940
2743030
2743060
2743080
2743140
2743170
2743210
2743220
2743320
2743380
2743410
2743430
2743460
2743520
2743530
2743570
2743640
2743650
2743680
2743690
2743700
2743760
2743770
2743780
2743790
2743840
2743850
2743860
2743970
2744010
2744040
2744050
2744060
2744150
2744230
2744260
2744340
2744380
2744410
2744420
2744510
2744620
2744640
2744840
2744880
2744890
2744900
2744970
2744980
2745020
2745090
2745110
2745230
2745330
2745370
2745400
2745420
2745490
2745550
2745560
2745600
2745610
2745660
2745670
2745710
2745800
2745820
2745830
2745870
2745900
2745930
2746000
2746100
2746200
2746270
2746330
2746340
2746420
2746490
2746510
2746610
2746710
2746720
2746760
2746800
2746910
2746960
2747060
2747080
2747240
2747280
2747330
2747470
2747540
2747550
2747610
2747620
2747720
2747740
2747770
2747780
2747790
2747820
2748070
2748100
2748340
2748380
2748400
2748450
2748470
2748490
2748500
2748590
2748600
2748830
2748840
2748880
2748930
2749000
2749060
2749100
2749130
2749200
2749210
2749260
2749270
2749350
2749370
2749610
2749650
2749660
2749690
2749770
2749930
2750000
2750080
2750210
2750240
2750390
2750410
2750430
2750440
2750520
2750680
2750690
2750760
2750780
2750800
2750920
2750970
2750980
2751000
2751010
2751020
2751050
2751060
2751120
2751220
2751230
2751270
2751310
2751320
2751330
2751340
2751350
2751370
2751380
2751390
2751400
2751410
2751420
2751430
2751440
2751450
2751460
2751470
2751490
2751580
2751610
2751620
2751630
2751640
2751770
2751800
2751810
2751820
2751890
2752040
2752100
2752180
2752230
2752250
2752330
2752350
2752370
2752380
2752440
2752470
2752520
2752530
2752640
2752650
2752660
2752680
2752710
2752720
2752750
2752770
2752780
2752840
2752860
2752930
2753000
2753100
2753110
2753130
2753260
2753270
2753280
2753330
2753420
2753520
2753550
2753570
2753600
2753610
2753620
2753720
2753730
2753810
2753870
2753900
2753970
2754090
2754110
2754120
2754140
2754170
2754230
2754310
2754320
2754330
2754340
2754370
2754380
2754490
2754660
2754670
2754690
2754830
2754840
2755210
2755310
2755330
2755430
2755450
2755460
2755480
2755520
2755670
2755700
2755810
2755870
2755880
2755900
2755930
2756030
2756190
2756320
2756380
2756400
2756470
2756610
2756700
2756770
2756780
2756820
2756830
2756860
2756910
2756920
2756930
2757030
2757220
2757230
2757250
2757330
2757350
2757390
2757450
2757480
2757490
2757500
2757520
2757530
2757600
2757610
2757630
2757670
2757720
2757770
2757810
2757820
2757840
2757850
2758000
2758030
2758150
2758270
2758280
2758290
2758320
2758350
2758530
2758540
2758550
2758890
2758930
2758950
2758980
2759050
2759120
2759140
2759240
2759640
2759750
2759760
2759770
2759800
2759810
2759910
2760580
2760600
2760650
2760790
2760800
2760880
2760970
2761000
2761080
2761100
2761130
2761240
2761310
2761350
2761450
2761470
2761510
2761550
2761570
2761580
2761610
2761670
2761710
2761920
2761940
2761960
2761970
2762220
2762230
2762270
2762290
2762390
2762480
2762530
2762610
2762650
2762710
2762810
2762940
2762980
2763000
2763020
2763260
2763420
2763430
2763470
2763510
2763590
2763640
2763670
2763740
2763820
2763830
2764050
2764070
2764080
2764100
2764200
2764250
2764330
2764340
2764370
2764490
2764510
2764590
2764680
2764690
2764720
2764750
2764840
2764860
2764870
2764950
2764960
2765080
2765090
2765200
2765300
2765340
2765350
2765490
2765540
2765600
2765670
2765750
2765760
2765850
2765860
2765930
2765940
2766000
2766060
2766380
2766400
2766450
2766470
2766480
2766540
2766550
2766600
2766650
2766760
2766770
2766860
2766880
2766890
2766900
2766940
2767030
2767160
2767180
2767210
2767280
2767400
2767480
2767520
2767530
2767540
2767570
2767730
2767910
2767950
2768020
2768030
2768100
2768260
2768380
2768390
2768430
2768440
2768640
2768920
2769070
2769080
2769100
2769110
2769210
2769290
2769310
2769410
2769470
2769580
2769590
2769660
2769670
2769700
2769780
2769820
2770160
2770260
2770280
2770310
2770340
2770450
2770460
2770470
2770540
2770550
2770560
2770570
2770580
2770590
2770600
2770610
2770620
2770630
2770650
2770870
2770980
2770990
2771000
2771010
2771130
2771180
2771320
2771380
2771490
2771550
2771600
2771670
2771730
2771840
2771860
2771910
2772170
2772260
2772300
2772380
2772390
2772410
2772420
2772430
2772460
2772470
2772480
2772520
2772560
2772590
2772600
2772630
2772640
2772650
2772660
2772670
2772720
2772740
2772750
2772760
2772820
2772830
2772870
2772900
2772920
2772990
2773070
2773160
2773230
2773280
2773290
2773460
2773510
2773520
2773570
2773590
2773600
2773640
2773650
2773680
2773780
2773870
2773890
2773930
2774040
2774120
2774150
2774190
2774240
2774370
2774380
2774390
2774400
2774470
2774480
2774490
2774540
2774580
2774590
2774600
2774620
2774800
2774830
2774840
2775030
2775050
2775110
2775130
2775160
2775180
2775310
2775370
2775500
2775550
2775570
2775650
2775690
2775870
2775910
2776030
2776090
2776180
2776280
2776290
2776450
2776480
2776500
2776550
2776570
2776580
2776600
2776630
2776640
2776660
2776750
2776780
2776810
2776860
2776900
2776940
2776950
2777000
2777010
2777030
2777130
2777190
2777210
2777220
2777230
2777240
2777260
2777340
2777390
2777410
2777550
2777580
2777590
2777630
2777670
2777700
2777720
2777780
2777820
2777970
2778080
2778160
2778200
2778250
2778270
2778300
2778320
2778420
2778430
2778440
2778450
2778460
2778480
2778500
2778530
2778540
2778560
2778570
2778580
2778600
2778610
2778690
2778710
2778740
2778750
2778780
2778850
2778880
2778890
2778980
2779010
2779120
2779130
2779220
2779230
2779390
2779440
2779460
2779570
2779680
2779730
2779890
2779900
2779910
2780080
2780270
2780360
2780370
2780410
2780470
2780590
2780600
2780640
2780660
2780690
2780710
2780740
2780760
2780790
2780800
2780810
2780830
2780880
2780940
2780980
2781010
2781130
2781170
2781190
2781210
2781250
2781370
2781490
2781500
2781510
2781670
2781730
2781750
2782260
2782280
2782290
2782340
2782380
2782390
2782400
2782430
2782460
2782480
2782490
2782500
2782510
2782530
2782540
2782580
2782610
2782680
2782690
2782820
2782830
2782860
2782870
2782880
2782920
2783130
2783170
2783290
2783380
2783560
2783610
2783730
2783850
2783880
2783920
2783970
2783980
2784080
2784140
2784220
2784230
2784240
2784250
2784260
2784330
2784360
2784430
2784470
2784540
2784620
2784640
2784660
2784840
2784850
2784960
2784980
2785060
2785110
2785120
2785150
2785170
2785200
2785230
2785280
2785480
2785490
2785570
2785690
2785750
2785800
2785810
2785850
2785860
2785920
2785950
2785980
2786020
2786100
2786160
2786240
2786250
2786300
2786360
2786380
2786450
2786490
2786660
2786680
2786700
2786830
2786840
2786870
2786990
2787050
2787300
2787320
2787350
2787590
2787610
2787630
2787700
2787740
2787750
2787890
2787920
2788040
2788070
2788150
2788160
2788200
2788310
2788340
2788350
2788360
2788440
2788460
2788520
2788600
2788630
2788820
2788840
2788870
2788920
2788940
2788960
2788990
2789060
2789130
2789280
2789300
2789410
2789460
2789570
2789750
2789770
2789810
2789870
2789960
2790000
2790020
2790090
2790160
2790270
2790320
2790330
2790340
2790670
2790680
2790700
2790790
2790830
2791010
2791020
2791030
2791100
2791140
2791180
2791210
2791290
2791300
2791320
2791360
2791380
2791440
2791510
2791540
2791570
2791620
2791650
2791700
2791720
2791740
2791790
2791800
2791850
2791860
2791880
2791890
2791950
2792080
2792370
2792400
2792420
2792450
2792510
2792530
2792610
2792660
2792820
2792880
2792960
2793070
2793110
2793150
2793240
2793250
2793290
2793310
2793370
2793380
2793480
2793550
2793560
2793710
2793770
2793810
2793820
2793860
2793950
2793980
2794060
2794080
2794140
2794230
2794330
2794470
2794590
2794610
2794770
2794830
2794860
2795000
2795060
2795090
2795120
2795160
2795230
2795270
2795280
2795310
2795370
2795410
2795510
2795540
2795550
2795640
2795660
2795690
2795750
2795840
2795860
2796010
2796020
2796040
2796090
2796100
2796140
2796180
2796210
2796230
2796340
2796350
2796410
2796460
2796550
2796590
2796650
2796840
2797080
2797100
2797120
2797170
2797180
2797240
2797310
2797340
2797410
2797420
2797440
2797590
2797650
2797740
2797900
2797960
2798280
2798290
2798300
2798400
2798410
2798430
2798600
2798660
2798880
2799070
2799110
2799310
2799320
2799360
2799490
2799560
2799580
2799640
2799690
2799720
2799740
2799860
2799920
2799930
2799940
2799950
2800020
2800080
2800150
2800220
2800240
2800250
2800280
2800300
2800440
2800450
2800460
2800500
2800510
2800520
2800530
2800590
2800630
2800680
2800730
2800760
2800770
2800780
2800840
2800850
2800900
2800950
2800980
2801010
2801110
2801190
2801230
2801320
2801350
2801670
2801700
2801710
2801860
2802070
2802080
2802140
2802240
2802270
2802350
2802370
2802410
2802520
2802560
2802660
2802670
2802690
2802710
2802790
2802820
2803000
2803010
2803060
2803230
2803280
2803340
2803360
2803640
2803660
2803740
2803750
2803810
2803860
2803900
2803950
2804020
2804250
2804290
2804300
2804310
2804390
2804440
2804490
2804510
2804550
2804580
2804620
2804640
2804680
2804840
2804940
2804960
2805060
2805130
2805210
2805230
2805270
2805290
2805300
2805330
2805390
2805460
2805510
2805520
2805610
2805620
2805630
2805640
2805650
2805660
2805700
2805770
2805800
2805910
2805990
2806000
2806120
2806140
2806230
2806340
2806350
2806410
2806470
2806530
2806640
2806660
2806830
2806940
2807100
2807150
2807160
2807190
2807210
2807240
2807250
2807290
2807310
2807320
2807340
2807360
2807390
2807550
2807610
2807870
2807960
2808130
2808270
2808280
2808320
2808360
2808490
2808530
2808550
2808570
2808610
2808620
2808680
2808760
2808770
2808780
2808790
2808800
2808830
2808930
2808950
2808960
2809030
2809170
2809240
2809280
2809370
2809430
2809460
2809510
2809570
2809640
2809650
2809820
2809920
2810070
2810090
2810100
2810110
2810120
2810170
2810220
2810240
2810330
2810410
2810550
2810580
2810670
2810730
2810780
2810830
2811000
2811080
2811100
2811160
2811200
2811250
2811280
2811350
2811360
2811530
2811580
2811590
2811750
2811760
2811790
2811830
2811860
2811870
2811900
2811940
2812020
2812040
2812120
2812180
2812240
2812380
2812410
2812420
2812430
2812450
2812480
2812490
2812530
2812610
2812670
2812750
2812780
2812800
2812820
2812850
2812930
2813250
2813330
2813380
2813440
2813460
2813710
2813720
2813760
2813900
2814050
2814060
2814080
2814100
2814110
2814120
2814140
2814150
2814270
2814280
2814340
2814390
2814540
2814610
2814660
2814720
2814760
2814790
2814810
2814910
2814950
2814990
2815060
2815070
2815100
2815110
2815150
2815270
2815290
2815310
2815360
2815370
2815420
2815430
2815440
2815450
2815500
2815530
2815540
2815590
2815600
2815610
2815680
2815690
2815750
2815770
2815800
2815840
2815960
2816400
2816410
2816420
2816520
2816530
2816570
2816580
2816600
2816710
2816830
2816870
2816920
2816940
2816950
2817070
2817140
2817190
2817210
2817390
2817410
2817420
2817450
2817480
2817520
2817530
2817550
2817620
2817690
2817830
2817970
2818010
2818020
2818070
2818130
2818150
2818260
2818390
2818440
2818450
2818480
2818510
2818560
2818730
2818800
2818980
2819030
2819070
2819110
2819120
2819160
2819170
2819180
2819190
2819210
2819520
2819540
2819600
2819610
2819750
2819780
2819920
2819970
2820020
2820060
2820100
2820110
2820130
2820140
2820160
2820190
2820200
2820390
2820400
2820450
2820590
2820600
2820650
2820680
2820700
2820750
2820790
2820800
2820820
2820880
2820890
2820940
2820960
2821040
2821220
2821250
2821290
2821380
2821400
2821450
2821540
2821560
2821610
2821720
2821750
2821800
2821810
2821830
2821850
2821860
2821890
2821930
2822010
2822030
2822080
2822100
2822270
2822370
2822380
2822490
2822630
2822670
2822780
2822970
2822980
2823080
2823140
2823160
2823310
2823380
2823860
2823890
2824030
2824080
2824160
2824170
2824210
2824230
2824300
2824310
2824340
2824470
2824490
2824500
2824580
2824620
2824660
2824710
2824730
2824760
2824770
2824780
2824790
2824810
2824840
2824850
2824860
2824910
2824930
2825000
2825010
2825030
2825070
2825110
2825130
2825150
2825180
2825210
2825250
2825270
2825300
2825310
2825360
2825380
2825390
2825400
2825410
2825490
2825510
2825520
2825530
2825600
2825630
2825730
2825870
2825880
2826140
2826180
2826230
2826400
2826540
2826590
2826670
2826730
2826770
2826800
2826820
2826910
2827030
2827080
2827200
2827230
2827310
2827320
2827360
2827450
2827480
2827500
2827520
2827560
2827570
2827610
2827680
2827700
2827780
2827800
2827810
2827910
2827950
2827960
2828060
2828070
2828080
2828160
2828210
2828260
2828290
2828490
2828500
2828590
2828610
2828660
2828720
2828740
2828770
2828790
2828820
2828860
2828890
2828960
2829060
2829270
2829320
2829370
2829450
2829600
2829750
2829790
2829820
2829910
2830030
2830060
2830150
2830200
2830250
2830430
2830480
2830500
2830540
2830670
2830680
2830690
2830700
2830720
2830870
2830980
2831060
2831200
2831340
2831560
2831590
2831700
2831730
2831900
2831910
2831970
2831980
2832020
2832070
2832130
2832170
2832220
2832270
2832280
2832290
2832310
2832320
2832330
2832360
2832380
2832400
2832450
2832490
2832560
2832580
2832630
2832640
2832730
2832780
2832790
2832900
2833010
2833020
2833030
2833040
2833100
2833580
2833590
2833620
2833640
2833810
2833820
2833830
2833860
2833930
2833960
2834020
2834060
2834110
2834180
2834220
2834270
2834320
2834330
2834350
2834370
2834400
2834470
2834580
2834600
2834700
2834780
2834830
2834880
2834890
2834900
2834910
2835030
2835040
2835060
2835070
2835110
2835250
2835310
2835410
2835490
2835530
2835570
2835590
2835690
2835750
2835900
2836010
2836100
2836250
2836290
2836300
2836310
2836340
2836380
2836450
2836530
2836550
2836760
2836780
2836810
2836820
2836830
2836860
2837140
2837280
2837300
2837310
2837320
2837330
2837340
2837350
2837370
2837420
2837460
2837470
2837580
2837600
2837640
2837760
2837810
2837920
2837950
2838100
2838160
2838230
2838240
2838250
2838260
2838270
2838280
2838290
2838300
2838310
2838330
2838360
2838380
2838400
2838420
2838460
2838490
2838510
2838550
2838640
2838720
2838930
2838940
2838960
2838970
2839000
2839050
2839090
2839190
2839280
2839290
2839350
2839420
2839430
2839450
2839550
2839600
2839670
2839790
2839940
2840000
2840020
2840100
2840120
2840180
2840190
2840210
2840250
2840470
2840480
2840530
2840550
2840690
2840730
2840770
2840800
2840860
2840890
2840900
2840990
2841010
2841070
2841110
2841130
2841140
2841160
2841200
2841310
2841470
2841490
2841510
2841720
2841770
2841780
2841830
2841990
2842020
2842040
2842120
2842150
2842180
2842210
2842280
2842420
2842430
2842520
2842570
2842580
2842590
2842600
2842680
2842690
2842710
2842800
2842860
2842870
2842880
2843080
2843090
2843130
2843170
2843190
2843200
2843390
2843410
2843440
2843530
2843540
2843640
2843710
2843780
2843830
2843880
2843890
2844100
2844140
2844250
2844290
2844310
2844450
2844500
2844520
2844540
2844580
2844620
2844640
2844650
2844660
2844690
2844700
2844710
2844790
2844850
2844910
2845070
2845080
2845090
2845100
2845120
2845140
2845150
2845160
2845190
2845220
2845250
2845260
2845270
2845320
2845360
2845370
2845400
2845510
2845620
2845630
2845720
2845840
2845930
2846040
2846060
2846200
2846210
2846220
2846260
2846290
2846340
2846510
2846580
2846660
2846680
2846690
2846790
2846810
2847110
2847240
2847250
2847310
2847340
2847400
2847580
2847590
2847640
2847740
2847830
2847850
2847980
2848070
2848360
2848390
2848420
2848500
2848550
2848590
2848600
2848610
2848680
2848700
2848740
2848800
2848820
2848870
2848970
2849070
2849080
2849110
2849130
2849180
2849230
2849450
2849470
2849500
2849680
2849730
2849820
2849850
2849870
2849960
2849990
2850000
2850080
2850110
2850150
2850160
2850170
2850190
2850220
2850240
2850270
2850300
2850310
2850340
2850350
2850380
2850490
2850630
2850650
2850660
2850680
2850690
2850750
2850850
2850880
2850900
2850920
2850950
2850970
2851110
2851130
2851150
2851290
2851340
2851620
2851640
2851690
2851700
2851710
2851770
2851810
2851820
2851890
2851900
2851910
2851920
2851930
2851940
2851950
2851960
2851970
2851980
2851990
2852000
2852010
2852020
2852030
2852040
2852050
2852060
2852070
2852080
2852100
2852140
2852190
2852210
2852320
2852390
2852470
2852480
2852500
2852620
2852670
2852680
2852760
2852770
2852900
2852930
2852950
2852980
2853130
2853160
2853180
2853200
2853240
2853320
2853540
2853590
2853730
2853790
2853810
2853840
2854050
2854130
2854140
2854150
2854170
2854290
2854350
2854360
2854370
2854480
2854570
2854580
2854690
2854710
2854740
2854750
2854770
2854780
2855010
2855250
2855390
2855460
2855480
2855560
2855700
2855710
2855720
2855740
2855770
2855820
2855940
2856030
2856090
2856100
2856370
2856450
2856490
2856510
2856570
2856590
2856600
2856640
2856870
2857000
2857120
2857560
2857580
2857690
2857730
2857800
2857880
2857940
2857950
2857980
2858050
2858070
2858110
2858130
2858150
2858180
2858260
2858270
2858340
2858360
2858370
2858380
2858390
2858400
2858410
2858420
2858430
2858500
2858720
2858750
2858820
2858840
2858860
2858910
2858930
2859040
2859100
2859190
2859200
2859300
2859330
2859370
2859450
2859460
2859780
2859800
2859810
2859820
2859860
2859870
2860010
2860020
2860090
2860190
2860290
2860330
2860390
2860410
2860440
2860450
2860460
2860510
2860580
2860800
2860850
2860930
2860940
2860950
2860990
2861000
2861150
2861270
2861280
2861560
2861570
2861590
2861740
2861860
2861950
2862000
2862020
2862030
2862040
2862050
2862060
2862100
2862140
2862290
2862350
2862390
2862440
2862590
2862610
2862660
2862670
2862710
2862730
2862850
2862890
2862970
2862990
2863000
2863050
2863060
2863070
2863080
2863090
2863160
2863180
2863240
2863290
2863310
2863530
2863640
2863680
2863690
2863780
2863790
2863810
2863820
2863840
2863870
2864110
2864210
2864300
2864370
2864390
2864490
2864510
2864560
2864590
2864680
2864830
2864850
2864860
2864890
2864980
2865010
2865140
2865220
2865230
2865250
2865300
2865360
2865440
2865490
2865580
2865590
2865610
2865670
2865790
2865800
2865810
2865830
2865840
2865850
2865870
2865880
2865900
2865910
2865920
2865930
2866120
2866220
2866250
2866360
2866410
2866430
2866440
2866550
2866560
2866580
2866600
2866710
2866800
2866830
2866910
2867190
2867360
2867440
2867450
2867460
2867470
2867510
2867570
2867700
2867870
2867920
2867930
2867940
2868060
2868070
2868100
2868110
2868210
2868260
2868390
2868430
2868530
2868740
2868760
2868820
2868840
2868860
2868920
2868950
2869000
2869020
2869050
2869340
2869350
2869360
2869370
2869380
2869470
2869510
2869600
2869610
2869630
2869860
2869960
2870000
2870070
2870110
2870150
2870220
2870280
2870330
2870340
2870350
2870420
2870430
2870510
2870530
2870550
2870570
2870580
2870710
2870750
2870810
2870840
2870920
2870950
2871140
2871180
2871290
2871390
2871440
2871480
2871500
2871570
2871580
2871590
2871740
2871840
2871860
2871870
2871890
2871930
2871940
2871980
2872270
2872510
2872700
2872730
2872750
2872800
2872830
2872890
2872930
2872990
2873010
2873060
2873080
2873090
2873100
2873130
2873170
2873190
2873300
2873360
2873370
2873380
2873390
2873430
2873460
2873470
2873570
2873620
2873650
2873660
2873730
2873740
2873760
2873800
2873810
2873860
2873940
2873990
2874120
2874130
2874140
2874180
2874210
2874290
2874300
2874500
2874550
2874570
2874610
2874660
2874860
2874870
2875030
2875090
2875120
2875140
2875210
2875220
2875280
2875300
2875340
2875370
2875400
2875420
2875440
2875570
2875610
2875650
2875660
2875740
2875880
2875920
2875960
2875980
2875990
2876060
2876080
2876240
2876250
2876360
2876470
2876550
2876600
2876640
2876680
2876750
2876790
2876800
2876880
2876910
2876960
2876970
2876980
2877030
2877170
2877240
2877340
2877350
2877480
2877500
2877540
2877640
2877660
2877690
2877720
2877770
2877850
2877880
2877950
2877970
2878000
2878030
2878100
2878120
2878140
2878170
2878180
2878220
2878240
2878250
2878270
2878280
2878310
2878320
2878330
2878340
2878350
2878360
2878400
2878410
2878420
2878450
2878600
2878640
2878680
2878710
2878720
2878760
2878870
2878960
2878980
2879000
2879030
2879080
2879090
2879160
2879300
2879480
2879490
2879570
2879580
2879590
2879620
2879670
2879800
2879840
2879980
2880010
2880120
2880130
2880180
2880220
2880460
2880530
2880650
2880730
2880780
2880920
2880960
2880990
2881050
2881090
2881120
2881130
2881140
2881160
2881230
2881270
2881360
2881370
2881420
2881520
2881590
2881610
2881650
2881660
2881720
2881760
2881800
2881860
2881870
2881900
2882080
2882440
2882450
2882510
2882600
2882610
2882640
2882710
2882790
2882830
2882840
2882870
2882930
2882980
2883050
2883070
2883210
2883220
2883280
2883380
2883480
2883530
2883560
2883610
2883620
2883630
2883670
2883700
2883750
2883990
2884030
2884070
2884080
2884170
2884190
2884210
2884490
2884590
2884640
2884650
2884730
2884740
2884750
2884780
2885230
2885260
2885270
2885280
2885390
2885420
2885480
2885570
2885580
2885610
2885620
2885700
2885800
2885870
2886080
2886090
2886150
2886240
2886330
2886440
2886450
2886470
2886480
2886500
2886550
2886590
2886620
2886660
2886720
2886810
2886860
2886920
2886930
2886970
2887100
2887320
2887350
2887410
2887460
2887650
2887680
2887700
2887720
2887780
2888000
2888030
2888120
2888190
2888200
2888250
2888290
2888340
2888360
2888370
2888400
2888420
2888450
2888460
2888470
2888540
2888590
2888650
2888720
2888730
2888740
2888760
2888830
2888860
2888870
2888970
2888980
2889020
2889120
2889150
2889190
2889270
2889280
2889290
2889350
2889370
2889460
2889490
2889660
2889700
2889740
2889780
2889800
2889830
2889870
2889970
2890000
2890020
2890060
2890100
2890140
2890150
2890270
2890300
2890510
2890520
2890550
2890730
2890780
2890800
2890830
2890890
2890970
2890980
2890990
2891020
2891040
2891120
2891200
2891210
2891250
2891280
2891310
2891460
2891480
2891490
2891520
2891770
2891870
2891930
2891940
2892000
2892120
2892130
2892180
2892270
2892290
2892300
2892310
2892350
2892470
2892500
2892510
2892590
2892660
2892760
2892770
2892880
2893000
2893010
2893260
2893310
2893430
2893440
2893450
2893460
2893470
2893480
2893490
2893500
2893510
2893530
2893570
2893580
2893790
2893800
2893810
2893820
2893850
2893920
2893960
2893970
2894070
2894250
2894510
2894620
2894790
2894810
2894820
2894960
2894980
2895050
2895060
2895120
2895130
2895140
2895270
2895340
2895350
2895430
2895560
2895600
2895990
2896040
2896060
2896150
2896220
2896260
2896380
2896440
2896760
2896980
2897170
2897180
2897240
2897320
2897450
2897490
2897500
2897510
2897560
2897580
2897590
2897610
2897700
2897760
2898130
2898160
2898250
2898270
2898310
2898650
2898690
2898720
2898740
2898750
2898810
2898970
2899030
2899040
2899050
2899060
2899090
2899250
2899300
2899310
2899410
2899450
2899580
2899600
2899640
2899660
2899670
2899680
2899750
2899760
2899890
2899920
2899930
2899980
2900060
2900140
2900250
2900290
2900390
2900400
2900420
2900450
2900530
2900540
2900600
2900670
2900690
2900760
2900780
2900900
2901040
2901060
2901070
2901080
2901140
2901150
2901170
2901210
2901290
2901300
2901310
2901340
2901370
2901510
2901520
2901550
2901620
2901810
2901960
2902000
2902070
2902190
2902200
2902270
2902320
2902440
2902540
2902550
2902570
2902580
2902760
2902830
2902960
2902970
2903000
2903060
2903100
2903160
2903250
2903460
2903560
2903630
2903660
2903670
2903690
2903710
2903950
2903990
2904000
2904040
2904100
2904140
2904170
2904290
2904320
2904340
2904410
2904420
2904430
2904510
2904660
2904680
2904690
2904730
2904800
2904810
2904860
2904890
2904920
2905090
2905150
2905170
2905180
2905290
2905470
2905680
2905790
2905890
2905900
2905940
2905950
2905970
2906030
2906100
2906170
2906200
2906220
2906270
2906280
2906370
2906390
2906400
2906530
2906540
2906920
2906930
2907000
2907010
2907050
2907190
2907220
2907230
2907240
2907250
2907270
2907280
2907420
2907630
2907680
2907700
2907870
2907930
2908050
2908120
2908190
2908270
2908280
2908340
2908360
2908490
2908500
2908810
2908950
2909050
2909110
2909140
2909170
2909230
2909250
2909280
2909340
2909400
2909410
2909560
2909580
2909650
2909660
2909680
2909690
2909770
2909780
2909790
2909870
2909960
2910160
2910320
2910400
2910460
2910500
2910590
2910810
2910820
2910850
2910900
2910960
2911060
2911100
2911130
2911140
2911230
2911250
2911260
2911280
2911290
2911340
2911390
2911460
2911540
2911660
2911770
2911800
2911820
2911850
2912010
2912060
2912420
2912430
2912580
2912700
2912770
2912910
2913040
2913140
2913330
2913500
2913660
2913670
2913680
2913890
2913990
2914050
2914060
2914090
2914120
2914130
2914150
2914180
2914280
2914320
2914420
2914470
2914480
2914490
2914740
2914930
2914960
2914990
2915050
2915060
2915080
2915120
2915130
2915140
2915150
2915170
2915190
2915350
2915380
2915390
2915420
2915450
2915460
2915480
2915490
2915580
2915590
2915660
2915740
2915860
2915930
2915950
2916010
2916160
2916170
2916180
2916190
2916200
2916210
2916220
2916250
2916260
2916270
2916300
2916310
2916360
2916430
2916460
2916570
2916580
2916670
2916730
2916760
2916770
2916780
2916920
2917030
2917040
2917100
2917140
2917210
2917220
2917350
2917430
2917480
2917490
2917600
2917620
2917630
2917800
2917990
2918010
2918110
2918120
2918130
2918150
2918190
2918250
2918300
2918310
2918370
2918380
2918410
2918430
2918450
2918480
2918500
2918520
2918550
2918570
2918580
2918600
2918650
2918730
2918810
2918840
2918890
2918940
2918950
2919110
2919130
2919200
2919230
2919240
2919340
2919480
2919560
2919580
2919650
2919660
2919710
2919800
2919980
2919990
2920030
2920270
2920330
2920350
2920380
2920390
2920490
2920510
2920520
2920570
2920660
2920720
2920780
2920880
2921000
2921060
2921100
2921360
2921380
2921520
2921550
2921600
2921650
2921670
2921690
2921760
2921770
2921790
2921800
2921810
2921820
2921830
2921840
2921850
2921860
2921870
2921890
2922020
2922180
2922410
2922610
2922680
2922690
2922710
2922740
2922790
2922800
2922830
2922980
2922990
2923010
2923110
2923130
2923180
2923210
2923260
2923300
2923350
2923380
2923390
2923420
2923430
2923560
2923930
2924010
2924030
2924040
2924050
2924120
2924160
2924170
2924280
2924310
2924390
2924400
2924410
2924420
2924430
2924440
2924450
2924460
2924470
2924580
2924620
2924650
2924660
2924850
2924860
2924870
2924880
2924890
2925090
2925160
2925210
2925310
2925320
2925340
2925410
2925430
2925510
2925690
2925730
2925970
2926110
2926180
2926230
2926310
2926440
2926480
2926550
2926560
2926570
2926580
2926590
2926630
2926660
2926750
2926890
2926900
2926950
2927000
2927080
2927140
2927200
2927260
2927320
2927380
2927450
2927780
2927880
2927900
2927910
2927960
2928090
2928100
2928130
2928220
2928280
2928330
2928340
2928390
2928420
2928430
2928480
2928490
2928500
2928520
2928530
2928550
2928560
2928600
2928610
2928690
2928700
2928740
2928770
2928820
2928940
2928950
2929020
2929070
2929140
2929170
2929180
2929200
2929260
2929300
2929320
2929400
2929410
2929540
2929570
2929620
2929730
2929830
2929840
2929890
2930000
2930010
2930040
2930110
2930120
2930160
2930210
2930280
2930320
2930380
2930390
2930410
2930550
2930660
2930720
2930890
2930900
2930910
2930950
2931040
2931160
2931330
2931520
2931530
2931600
2931620
2931680
2931750
2931970
2932020
2932140
2932150
2932380
2932420
2932430
2932560
2932570
2932660
2932770
2932880
2932900
2932910
2932920
2932930
2932950
2932960
2933080
2933130
2933180
2933290
2933520
2933590
2933770
2933810
2933830
2933870
2933930
2933990
2934100
2934110
2934150
2934180
2934190
2934220
2934320
2934550
2934610
2934620
2934630
2934670
2934880
2934890
2934930
2934980
2934990
2935280
2935400
2935560
2935670
2935700
2935840
2935930
2935970
2936000
2936030
2936080
2936150
2936160
2936170
2936180
2936190
2936220
2936260
2936310
2936370
2936380
2936410
2936420
2936430
2936470
2936750
2936790
2936990
2937030
2937090
2937280
2937290
2937320
2937330
2937340
2937390
2937440
2937490
2937590
2937710
2937730
2937770
2937910
2937920
2937930
2938030
2938050
2938200
2938350
2938510
2938550
2938600
2938610
2938620
2938830
2938840
2938850
2938890
2939180
2939420
2939520
2939550
2939590
2939600
2939630
2939640
2939670
2939770
2939780
2939800
2939900
2940040
2940100
2940120
2940170
2940210
2940220
2940250
2940310
2940370
2940450
2940490
2940610
2940620
2940650
2940870
2940890
2940970
2940990
2941080
2941100
2941150
2941170
2941200
2941260
2941350
2941480
2941510
2941580
2941600
2941660
2941670
2941710
2941740
2941750
2941890
2941950
2942050
2942070
2942130
2942170
2942180
2942190
2942320
2942420
2942620
2942670
2942680
2942690
2942700
2942750
2942780
2942810
2942930
2942950
2942980
2942990
2943040
2943080
2943150
2943200
2943280
2943350
2943380
2943390
2943420
2943440
2943480
2943600
2943640
2943650
2943670
2943690
2943740
2943780
2943930
2943950
2944010
2944090
2944180
2944340
2944400
2944430
2944680
2944750
2944760
2945100
2945180
2945200
2945220
2945240
2945260
2945340
2945350
2945360
2945380
2945410
2945450
2945480
2945490
2945500
2945510
2945550
2945600
2945610
2945630
2945640
2945650
2945740
2945780
2945880
2945950
2945990
2946010
2946030
2946040
2946060
2946070
2946100
2946170
2946200
2946250
2946320
2946390
2946650
2946720
2946780
2946870
2947150
2947210
2947220
2947230
2947240
2947250
2947340
2947440
2947450
2947590
2947650
2947730
2947740
2947750
2947760
2947800
2947840
2947970
2947980
2948040
2948060
2948080
2948170
2948190
2948290
2948310
2948330
2948380
2948480
2948500
2948560
2948630
2948640
2948790
2949020
2949200
2949230
2949250
2949260
2949300
2949320
2949360
2949430
2949440
2949450
2949480
2949560
2949580
2949610
2949650
2949720
2949740
2949840
2949850
2949950
2949980
2950000
2950100
2950120
2950190
2950260
2950330
2950340
2950350
2950760
2950820
2950850
2951340
2951380
2951420
2951500
2951520
2951580
2951630
2951690
2951710
2951740
2951770
2951780
2951790
2951840
2951850
2951880
2951890
2951990
2952020
2952070
2952090
2952100
2952130
2952240
2952300
2952470
2952570
2952580
2952680
2952690
2952910
2952970
2952990
2953230
2953240
2953340
2953430
2953440
2953480
2953510
2953520
2953560
2953570
2953600
2953640
2953720
2953790
2953810
2954080
2954190
2954260
2954460
2954560
2954610
2954730
2954780
2954830
2954850
2954880
2954920
2954940
2955040
2955050
2955060
2955100
2955120
2955150
2955200
2955220
2955300
2955320
2955370
2955410
2955590
2955740
2955820
2955840
2955930
2955940
2955960
2955970
2955990
2956000
2956020
2956030
2956050
2956070
2956080
2956090
2956110
2956120
2956140
2956160
2956280
2956310
2956410
2956420
2956440
2956460
2956500
2956660
2956680
2956690
2956720
2956730
2956760
2956790
2956820
2956840
2956850
2956870
2956910
2956920
2956940
2956970
2956990
2957010
2957100
2957110
2957140
2957280
2957420
2957440
2957480
2957490
2957560
2957570
2957650
2957670
2957700
2957760
2957800
2957830
2957890
2957940
2957970
2957980
2957990
2958040
2958130
2958230
2958250
2958300
2958360
2958570
2958680
2958700
2958770
2958780
2958790
2958970
2959000
2959110
2959120
2959500
2959610
2959640
2959650
2959670
2959710
2959800
2959890
2960090
2960220
2960300
2960320
2960430
2960450
2960490
2960500
2960540
2960560
2960590
2960610
2960710
2960770
2960780
2960870
2961000
2961060
2961150
2961200
2961230
2961310
2961320
2961330
2961340
2961460
2961470
2961530
2961620
2961650
2961680
2961880
2961990
2962000
2962280
2962300
2962330
2962360
2962390
2962420
2962480
2962620
2962650
2962750
2962770
2962810
2963010
2963030
2963040
2963050
2963130
2963230
2963240
2963280
2963310
2963320
2963360
2963510
2963540
2963550
2963580
2963600
2963690
2963720
2963820
2963870
2963880
2963890
2963990
2964000
2964020
2964090
2964180
2964230
2964280
2964300
2964330
2964400
2964410
2964440
2964540
2964640
2964680
2964810
2964920
2964960
2964990
2965230
2965240
2965280
2965290
2965340
2965380
2965420
2965660
2965680
2965790
2966110
2966150
2966190
2966270
2966320
2966400
2966470
2966510
2966530
2966550
2966570
2966620
2966680
2966720
2966790
2966850
2966970
2966990
2967000
2967090
2967100
2967190
2967320
2967450
2967460
2967480
2967520
2967590
2967620
2967630
2967730
2967750
2967800
2967850
2967860
2967870
2967990
2968020
2968070
2968140
2968170
2968250
2968360
2968390
2968400
2968420
2968430
2968510
2968520
2968600
2968880
2968900
2968970
2969040
2969060
2969080
2969090
2969140
2969160
2969180
2969220
2969240
2969320
2969380
2969390
2969400
2969410
2969420
2969430
2969440
2969450
2969460
2969470
2969480
2969490
2969500
2969510
2969530
2969540
2969550
2969570
2969600
2969610
2969620
2969630
2969640
2969650
2969660
2969670
2969680
2969690
2969720
2969730
2969740
2969750
2969760
2969770
2969780
2969790
2969800
2969810
2969820
2969830
2969840
2969860
2969870
2969880
2969890
2969900
2969910
2969920
2969930
2969940
2969950
2969980
2969990
2970000
2970010
2970020
2970030
2970040
2970050
2970060
2970070
2970080
2970090
2970100
2970110
2970120
2970130
2970140
2970150
2970170
2970180
2970190
2970200
2970210
2970220
2970230
2970240
2970250
2970260
2970270
2970280
2970290
2970300
2970310
2970320
2970330
2970350
2970360
2970370
2970380
2970390
2970400
2970410
2970420
2970430
2970440
2970450
2970460
2970480
2970490
2970500
2970510
2970520
2970530
2970540
2970550
2970560
2970580
2970590
2970600
2970610
2970630
2970650
2970660
2970670
2970680
2970690
2970700
2970750
2970760
2970790
2970800
2970810
2970820
2970830
2970840
2970860
2970920
2971180
2971190
2971210
2971220
2971230
2971240
2971250
2971260
2971270
2971280
2971390
2971440
2971450
2971510
2971610
2971630
2971680
2971750
2971820
2971830
2971840
2971860
2971870
2971900
2971980
2972040
2972090
2972120
2972300
2972350
2972480
2972640
2972730
2972810
2972870
2972890
2972990
2973120
2973240
2973390
2973450
2973500
2973520
2973540
2973550
2973560
2973570
2973580
2973820
2973830
2973950
2974050
2974060
2974180
2974290
2974340
2974430
2974620
2974660
2975030
2975160
2975170
2975180
2975350
2975460
2975540
2975570
2975620
2975720
2975870
2975920
2975950
2976020
2976160
2976170
2976200
2976400
2976490
2976510
2976700
2976720
2976800
2976870
2976890
2976900
2976910
2977060
2977070
2977420
2977570
2977590
2977620
2977660
2977800
2977810
2978120
2978180
2978220
2978270
2978370
2978430
2978440
2978470
2978510
2978540
2978600
2978660
2978710
2978870
2979070
2979110
2979220
2979300
2979330
2979580
2979650
2979690
2979780
2979820
2979840
2979890
2979950
2979990
2980050
2980090
2980110
2980150
2980240
2980260
2980270
2980490
2980510
2980580
2980880
2980940
2980980
2981030
2981050
2981070
2981090
2981100
2981110
2981150
2981210
2981220
2981300
2981350
2981410
2981440
2981450
2981530
2981540
2981580
2981590
2981650
2981690
2981720
2981790
2981800
2981850
2982030
2982100
2982220
2982250
2982290
2982410
2982420
2982450
2982460
2982480
2982530
2982570
2982590
2982610
2982650
2983040
2983070
2983140
2983250
2983260
2983270
2983300
2983330
2983350
2983370
2983410
2983430
2983500
2983510
2983600
2983630
2983640
2983660
2983690
2983730
2983770
2983780
2983820
2983840
2983890
2983900
2983910
2983940
2984080
2984130
2984170
2984200
2984210
2984220
2984230
2984380
2984520
2984570
2984630
2984780
2984790
2984860
2984950
2984970
2985090
2985170
2985190
2985260
2985300
2985370
2985450
2985480
2985510
2985610
2985650
2985750
2985830
2985840
2985900
2985910
2985930
2985950
2986010
2986180
2986260
2986300
2986340
2986360
2986370
2986400
2986450
2986560
2986600
2986640
2986940
2987010
2987110
2987170
2987180
2987250
2987320
2987370
2987420
2987430
2987440
2987540
2987590
2987610
2987620
2987640
2987660
2987670
2987680
2987700
2987750
2987800
2987830
2987860
2987880
2988080
2988090
2988130
2988290
2988300
2988340
2988380
2988400
2988410
2988520
2988580
2988620
2988850
2988880
2989180
2989270
2989390
2989400
2989450
2989460
2989500
2989670
2989680
2989720
2989760
2989770
2989820
2989830
2989860
2989870
2989880
2989950
2990000
2990130
2990150
2990160
2990180
2990210
2990220
2990240
2990390
2990400
2990450
2990500
2990510
2990570
2990580
2990600
2990640
2990660
2990730
2991110
2991160
2991170
2991250
2991290
2991390
2991400
2991990
2992050
2992210
2992220
2992240
2992500
2992550
2992570
2992650
2992700
2992810
2992960
2992980
2993070
2993080
2993140
2993200
2993370
2993420
2993430
2993500
2993650
2993660
2993720
2993780
2993970
2994000
2994010
2994020
2994050
2994070
2994080
2994150
2994240
2994260
2994430
2994470
2994680
2994780
2994790
2994800
2994810
2994850
2994880
2994890
2994920
2994950
2994990
2995100
2995190
2995230
2995330
2995390
2995450
2995560
2995650
2995680
2995790
2995800
2995970
2996000
2996040
2996100
2996280
2996290
2996320
2996360
2996490
2996500
2996510
2996520
2996540
2996660
2996850
2996970
2996990
2997060
2997110
2997120
2997230
2997240
2997260
2997310
2997370
2997380
2997400
2997410
2997450
2997460
2997670
2997880
2997890
2997920
2997980
2998010
2998040
2998050
2998080
2998100
2998110
2998210
2998290
2998300
2998360
2998430
2998600
2998620
2998690
2998750
2998850
2998880
2998930
2998970
2999030
2999060
2999070
2999090
2999160
2999230
2999250
2999260
2999270
2999470
2999510
2999540
2999680
2999710
2999750
2999760
2999770
2999780
2999790
2999800
2999810
2999850
2999860
3000030
3000120
3000280
3000310
3000320
3000380
3000420
3000470
3000520
3000990
3001000
3001020
3001060
3001080
3001100
3001160
3001330
3001340
3001440
3001560
3001730
3001760
3001780
3001810
3001920
3001970
3002000
3002040
3002090
3002100
3002180
3002240
3002330
3002340
3002400
3002440
3002510
3002560
3002570
3002620
3002780
3002790
3002840
3002850
3002860
3002930
3003020
3003050
3003300
3003380
3003460
3003470
3003570
3003660
3003680
3003730
3003780
3004030
3004070
3004090
3004100
3004110
3004140
3004230
3004270
3004300
3004470
3004500
3004560
3004600
3004620
3004790
3004880
3004920
3004950
3004990
3005000
3005010
3005120
3005180
3005250
3005360
3005590
3005610
3005620
3005640
3005690
3005740
3005890
3005930
3006010
3006080
3006100
3006150
3006240
3006280
3006510
3006550
3006630
3006750
3006760
3006900
3006980
3007130
3007270
3007310
3007360
3007490
3007630
3007660
3007690
3007750
3007760
3007840
3007890
3007910
3007940
3008050
3008130
3008200
3008210
3008220
3008270
3008300
3008340
3008520
3008530
3008670
3008740
3008960
3008970
3009040
3009140
3009270
3009300
3009310
3009320
3009330
3009410
3009480
3009560
3009570
3009580
3009600
3009640
3009770
3009780
3009790
3009800
3009820
3009830
3009850
3009900
3009920
3010070
3010090
3010230
3010290
3010320
3010460
3010480
3010520
3010540
3010760
3010810
3010980
3011020
3011030
3011060
3011360
3011380
3011440
3011470
3011550
3011560
3011620
3011660
3011740
3011760
3011780
3011850
3012100
3012130
3012220
3012380
3012420
3012470
3012510
3012630
3012780
3012820
3012890
3012900
3012980
3013130
3013190
3013260
3013280
3013460
3013470
3013550
3013700
3013880
3013930
3013980
3014070
3014080
3014150
3014160
3014230
3014270
3014300
3014310
3014320
3014380
3014470
3014480
3014490
3014520
3014600
3014610
3014630
3014680
3014920
3014980
3015060
3015100
3015110
3015120
3015130
3015140
3015190
3015250
3015270
3015300
3015350
3015400
3015460
3015510
3015580
3015610
3015620
3015640
3015840
3015860
3015920
3015930
3016090
3016100
3016120
3016500
3016520
3016580
3016610
3016640
3016740
3016750
3016780
3016840
3016890
3016900
3016920
3016980
3017110
3017120
3017170
3017180
3017250
3017330
3017380
3017450
3017520
3017540
3017550
3017580
3017610
3017630
3017730
3017760
3017800
3017830
3017860
3018320
3018630
3018650
3018830
3018910
3019030
3019370
3019380
3019400
3019550
3019610
3019780
3019800
3019830
3019850
3019880
3019990
3020020
3020130
3020270
3020280
3020510
3020580
3020780
3020850
3020970
3021000
3021020
3021030
3021060
3021070
3021090
3021100
3021350
3021390
3021530
3021540
3021620
3021630
3021720
3021850
3021900
3022010
3022040
3022060
3022110
3022320
3022500
3022510
3022540
3022640
3022680
3022690
3022730
3022740
3022750
3022780
3022810
3022840
3022870
3022880
3022900
3022950
3022960
3023070
3023100
3023120
3023170
3023190
3023230
3023490
3023600
3023610
3023670
3023680
3023690
3023700
3024040
3024110
3024270
3024410
3024540
3024640
3024710
3024790
3024830
3024840
3024910
3024960
3025000
3025020
3025140
3025160
3025180
3025200
3025220
3025280
3025290
3025310
3025320
3025440
3025560
3025590
3025600
3025610
3025630
3025730
3025740
3025760
3025770
3025790
3025800
3025820
3025910
3026000
3026040
3026100
3026180
3026250
3026290
3026310
3026440
3026450
3026460
3026720
3026770
3026980
3027000
3027260
3027310
3027480
3027490
3027600
3027620
3027630
3027670
3027710
3027780
3027820
3027850
3027930
3027970
3028010
3028120
3028130
3028150
3028170
3028210
3028280
3028290
3028300
3028310
3028330
3028390
3028440
3028500
3028730
3028830
3028990
3029190
3029230
3029340
3029450
3029500
3029540
3029570
3029610
3029750
3029800
3029820
3029840
3029870
3029880
3029910
3029930
3029960
3029990
3030000
3030010
3030040
3030050
3030060
3030070
3030080
3030090
3030160
3030190
3030210
3030240
3030250
3030340
3030350
3030360
3030540
3030580
3030590
3030720
3030740
3030760
3030810
3030980
3031020
3031080
3031100
3031150
3031360
3031390
3031590
3031870
3031940
3031980
3032010
3032020
3032050
3032080
3032160
3032190
3032230
3032250
3032350
3032530
3032560
3032580
3032590
3032600
3032610
3032660
3032720
3032830
3032880
3032940
3032980
3033490
3033500
3033520
3033660
3033810
3033880
3033970
3034050
3034070
3034120
3034130
3034160
3034180
3034340
3034450
3034460
3034520
3034560
3034580
3034600
3034670
3034720
3034940
3034950
3034970
3034980
3035010
3035020
3035040
3035080
3035120
3035180
3035200
3035210
3035260
3035300
3035320
3035330
3035500
3035530
3035560
3035570
3035660
3035710
3035850
3035880
3035930
3035990
3036010
3036080
3036220
3036350
3036380
3036470
3036480
3036760
3036800
3036810
3036880
3036970
3037000
3037020
3037060
3037120
3037160
3037180
3037200
3037330
3037410
3037660
3037830
3037930
3037940
3037960
3038070
3038080
3038290
3038340
3038520
3038580
3038590
3038790
3039020
3039040
3039250
3039260
3039290
3039320
3039350
3039500
3039640
3039720
3039890
3039910
3039930
3039990
3040170
3040180
3040220
3040270
3040390
3040550
3040560
3040570
3040590
3040690
3040810
3040820
3040870
3040910
3040920
3041100
3041110
3041230
3041330
3041500
3041550
3041770
3041810
3041820
3041890
3041920
3041960
3042010
3042060
3042090
3042150
3042190
3042250
3042340
3042460
3042480
3042630
3042650
3042660
3042680
3042720
3042810
3042830
3042840
3042850
3042880
3043010
3043060
3043090
3043140
3043150
3043160
3043290
3043310
3043330
3043370
3043540
3043580
3043710
3043740
3043760
3043940
3044030
3044070
3044100
3044220
3044440
3044490
3044520
3044540
3044550
3044560
3044740
3044860
3044910
3045010
3045050
3045060
3045150
3045200
3045330
3045510
3045560
3045660
3045770
3045890
3046050
3046060
3046140
3046170
3046190
3046270
3046280
3046300
3046350
3046430
3046550
3046600
3046730
3046770
3046800
3046850
3046970
3047010
3047030
3047090
3047140
3047210
3047340
3047370
3047430
3047500
3047540
3047580
3047600
3047610
3047640
3047750
3047760
3047770
3047820
3048140
3048280
3048340
3048600
3048650
3048660
3048760
3048790
3048820
3048840
3048920
3048980
3049080
3049130
3049450
3049460
3049550
3049780
3049860
3049890
3049910
3049980
3049990
3050010
3050100
3050140
3050180
3050200
3050220
3050300
3050340
3050480
3050490
3050530
3050600
3050610
3050620
3050630
3050800
3050840
3050900
3050920
3051050
3051080
3051090
3051100
3051180
3051240
3051270
3051280
3051380
3051470
3051490
3051520
3051580
3051720
3051920
3052130
3052220
3052230
3052240
3052310
3052420
3052430
3052450
3052480
3052500
3052520
3052550
3052650
3052700
3052770
3052820
3053020
3053100
3053210
3053300
3053370
3053390
3053500
3053700
3053810
3053860
3053950
3054060
3054090
3054330
3054350
3054370
3054410
3054440
3054470
3054480
3054490
3054560
3054600
3054610
3054620
3054700
3054720
3054820
3054840
3054950
3054960
3055020
3055040
3055080
3055120
3055200
3055210
3055230
3055250
3055370
3055390
3055400
3055420
3055460
3055950
3056010
3056070
3056220
3056270
3056310
3056350
3056370
3056420
3056430
3056480
3056550
3056580
3056590
3056600
3056640
3056720
3056730
3056770
3056870
3056940
3056960
3057180
3057190
3057290
3057330
3057350
3057390
3057400
3057410
3057460
3057500
3057760
3057800
3057850
3057940
3057960
3058000
3058030
3058090
3058130
3058140
3058180
3058210
3058250
3058310
3058340
3058360
3058400
3058410
3058490
3058520
3058630
3058700
3058720
3058770
3058790
3058800
3058860
3058890
3059010
3059070
3059150
3059220
3059230
3059300
3059390
3059400
3059420
3059480
3059500
3059520
3059650
3059750
3059840
3060080
3060110
3060130
3060170
3060200
3060250
3060300
3060550
3060630
3060640
3060730
3060770
3060790
3060900
3060960
3061020
3061040
3061070
3061170
3061200
3061500
3061570
3061580
3061650
3061680
3061690
3061740
3061760
3061790
3061810
3061880
3061900
3061910
3061920
3062030
3062040
3062050
3062150
3062330
3062380
3062410
3062440
3062500
3062550
3062580
3062710
3062740
3062750
3062830
3062850
3062870
3062900
3062930
3062970
3062990
3063050
3063070
3063120
3063130
3063150
3063190
3063220
3063290
3063420
3063520
3063740
3063750
3063780
3063900
3063920
3063960
3064010
3064020
3064030
3064140
3064160
3064210
3064230
3064270
3064290
3064370
3064410
3064420
3064560
3064610
3064660
3064670
3064720
3064750
3064800
3064850
3064870
3064990
3065010
3065080
3065090
3065150
3065220
3065460
3065580
3065700
3065720
3065740
3065800
3065810
3065860
3065880
3065920
3065950
3066050
3066060
3066230
3066260
3066310
3066320
3066470
3066490
3066510
3066570
3066600
3066660
3066830
3066910
3066920
3066950
3066970
3067010
3067020
3067030
3067050
3067060
3067070
3067180
3067200
3067330
3067340
3067350
3067360
3067370
3067380
3067400
3067420
3067620
3067650
3067680
3067770
3067790
3067890
3067930
3067950
3067960
3068080
3068100
3068110
3068260
3068290
3068300
3068320
3068580
3068680
3068710
3069040
3069050
3069070
3069120
3069190
3069230
3069260
3069410
3069470
3069490
3069530
3069620
3069810
3069860
3069870
3069880
3069890
3069990
3070070
3070090
3070180
3070240
3070260
3070330
3070340
3070350
3070370
3070380
3070390
3070460
3070500
3070520
3070530
3070550
3070560
3070580
3070590
3070600
3070610
3070620
3070650
3070830
3070880
3070890
3070920
3071010
3071060
3071170
3071240
3071270
3071280
3071290
3071380
3071490
3071520
3071670
3071720
3071740
3071950
3072000
3072060
3072100
3072120
3072130
3072280
3072310
3072350
3072380
3072450
3072480
3072640
3072680
3072780
3072820
3072830
3072880
3072970
3072990
3073040
3073220
3073290
3073320
3073340
3073350
3073370
3073460
3073470
3073480
3073580
3073680
3073700
3073720
3073820
3073860
3073900
3073920
3073990
3074020
3074050
3074090
3074110
3074240
3074320
3074340
3074380
3074410
3074440
3074650
3074660
3074700
3074840
3074850
3075000
3075020
3075030
3075040
3075060
3075140
3075150
3075250
3075270
3075300
3075370
3075390
3075690
3075700
3075710
3075730
3075740
3075800
3075820
3076120
3076240
3076350
3076400
3076520
3076620
3076680
3076960
3077020
3077030
3077090
3077130
3077150
3077180
3077200
3077230
3077360
3077390
3077400
3077470
3077520
3077570
3077590
3077610
3077630
3077670
3077710
3077780
3077790
3078230
3078290
3078330
3078390
3078530
3078570
3078590
3078650
3078660
3078670
3078730
3078830
3078920
3078930
3078950
3079070
3079110
3079150
3079280
3079400
3079410
3079420
3079430
3079440
3079460
3079470
3079490
3079600
3079770
3079970
3080020
3080080
3080140
3080210
3080240
3080250
3080270
3080290
3080380
3080420
3080510
3080530
3080810
3080880
3080890
3080920
3080930
3080960
3081020
3081030
3081040
3081060
3081120
3081240
3081280
3081320
3081330
3081830
3081840
3082030
3082100
3082140
3082170
3082220
3082490
3082510
3082610
3082620
3082690
3082820
3082840
3082890
3082950
3082960
3083090
3083200
3083270
3083300
3083460
3083520
3083660
3083880
3083900
3084090
3084130
3084180
3084220
3084260
3084280
3084410
3084500
3084530
3084580
3084590
3084620
3084720
3084750
3084790
3084840
3084870
3084910
3084990
3085010
3085180
3085230
3085620
3085640
3085660
3085700
3085730
3085770
3085780
3085890
3085910
3085950
3086010
3086030
3086060
3086550
3086580
3086600
3086630
3086680
3086700
3086720
3086850
3086870
3086910
3086940
3087180
3087200
3087470
3087480
3087490
3087550
3087650
3087680
3087790
3087810
3087910
3087930
3088040
3088070
3088120
3088180
3088250
3088410
3088430
3088440
3088540
3088670
3088750
3088770
3088820
3088950
3088990
3089030
3089040
3089130
3089150
3089260
3089270
3089290
3089410
3089450
3089570
3089760
3089850
3090070
3090080
3090100
3090560
3090570
3090610
3090680
3090790
3090820
3090860
3090870
3090910
3090920
3090930
3090940
3090950
3090980
3090990
3091010
3091200
3091230
3091340
3091390
3091420
3091480
3091540
3091660
3091760
3091770
3091930
3091940
3092040
3092090
3092260
3092280
3092360
3092470
3092530
3092540
3092560
3092640
3092660
3092680
3092690
3092740
3092750
3092980
3093020
3093050
3093150
3093250
3093310
3093340
3093370
3093400
3093420
3093590
3093600
3093640
3093690
3093800
3093850
3093860
3093870
3093880
3093890
3094010
3094040
3094140
3094150
3094180
3094220
3094350
3094480
3094550
3094590
3094610
3094660
3094740
3094800
3094820
3094840
3095010
3095170
3095210
3095270
3095380
3095400
3095470
3095550
3095560
3095570
3095590
3095600
3095660
3095720
3095760
3095800
3095830
3095890
3096000
3096010
3096050
3096270
3096310
3096330
3096340
3096370
3096390
3096400
3096420
3096550
3096560
3096620
3096700
3096730
3096820
3096840
3097010
3097050
3097200
3097280
3097300
3097330
3097380
3097440
3097550
3097560
3097620
3097670
3097750
3097800
3097810
3097820
3097830
3097840
3097850
3097870
3097890
3098020
3098060
3098070
3098140
3098380
3098410
3098430
3098470
3098490
3098580
3098660
3098700
3098850
3098880
3098890
3099000
3099010
3099370
3099430
3099520
3099540
3099580
3099630
3099640
3099660
3099670
3099680
3099690
3099730
3099750
3099790
3099840
3099870
3100180
3100190
3100210
3100310
3100370
3100580
3100650
3100730
3100740
3100790
3100810
3100830
3100910
3100990
3101040
3101050
3101110
3101160
3101170
3101180
3101230
3101340
3101350
3101380
3101620
3101640
3101670
3101710
3101720
3101770
3101800
3102000
3102150
3102210
3102250
3102380
3102440
3102740
3102820
3103170
3103290
3103330
3103380
3103390
3103460
3103470
3103480
3103590
3103750
3103760
3103780
3103820
3103830
3103840
3103880
3103930
3103940
3103970
3104000
3104020
3104030
3104050
3104100
3104110
3104230
3104270
3104410
3104510
3104540
3104550
3104570
3104590
3104610
3104710
3104840
3104920
3104970
3105050
3105100
3105140
3105150
3105180
3105380
3105440
3105620
3105670
3105680
3105760
3105890
3105960
3106070
3106110
3106130
3106160
3106200
3106310
3106330
3106340
3106350
3106490
3106510
3106520
3106530
3106560
3106650
3106660
3106690
3106750
3106830
3107040
3107090
3107130
3107150
3107230
3107250
3107270
3107330
3107350
3107360
3107440
3107680
3107770
3107790
3107800
3107810
3107840
3107880
3107890
3107900
3107930
3107940
3107950
3107960
3107970
3107980
3107990
3108000
3108010
3108050
3108130
3108140
3108190
3108210
3108490
3108510
3108710
3108720
3108760
3108790
3108980
3108990
3109000
3109020
3109050
3109210
3109280
3109370
3109440
3109450
3109480
3109580
3109650
3109800
3109810
3109880
3109990
3110000
3110010
3110070
3110080
3110130
3110250
3110260
3110270
3110370
3110390
3110420
3110490
3110500
3110520
3110740
3110750
3110760
3110930
3111010
3111080
3111140
3111240
3111510
3111540
3111580
3111630
3111670
3111680
3111710
3111780
3111800
3111920
3111930
3112010
3112030
3112100
3112170
3112210
3112220
3112260
3112280
3112290
3112500
3112730
3113060
3113130
3113230
3113260
3113340
3113360
3113500
3113510
3113530
3113650
3113680
3113750
3113780
3113890
3113990
3114010
3114080
3114140
3114150
3114230
3114300
3114370
3114410
3114470
3114500
3114510
3114620
3114650
3114680
3114760
3114780
3114860
3114870
3114890
3114900
3114940
3115010
3115060
3115130
3115220
3115340
3115360
3115390
3115440
3115500
3115510
3115520
3115730
3115840
3115850
3115880
3115890
3115950
3115980
3115990
3116100
3116120
3116200
3116300
3116360
3116370
3116400
3116410
3116450
3116470
3116530
3116640
3116710
3116720
3116730
3116810
3116830
3116880
3116890
3116920
3117160
3117620
3117660
3117680
3117780
3117800
3117820
3118070
3118100
3118160
3118250
3118290
3118310
3118450
3118520
3118580
3118630
3118730
3118850
3118870
3118880
3118940
3119040
3119070
3119100
3119120
3119220
3119390
3119460
3119470
3119480
3119520
3119540
3119700
3119720
3119780
3119880
3120000
3120070
3120290
3120300
3120310
3120320
3120370
3120480
3120600
3120700
3120730
3120810
3120860
3120890
3121070
3121110
3121470
3121490
3121600
3121610
3121620
3121650
3121780
3121970
3121980
3122100
3122150
3122170
3122360
3122380
3122460
3122490
3122530
3122540
3122570
3122740
3122900
3122920
3122950
3122990
3123120
3123170
3123250
3123290
3123320
3123410
3123450
3123460
3123520
3123580
3123800
3123830
3123880
3123920
3124310
3124340
3124380
3124390
3124440
3124460
3124490
3124540
3124550
3124670
3124810
3124850
3124860
3125050
3125070
3125090
3125120
3125210
3125240
3125250
3125260
3125270
3125280
3125290
3125550
3125570
3125700
3125750
3125760
3125830
3125890
3126050
3126090
3126100
3126110
3126140
3126150
3126160
3126210
3126270
3126280
3126330
3126440
3126470
3126530
3126610
3126620
3126630
3126690
3126820
3126830
3126860
3126890
3126940
3126980
3127000
3127270
3127280
3127290
3127380
3127440
3127480
3127600
3127650
3127760
3127770
3127870
3128160
3128170
3128200
3128220
3128270
3128280
3128310
3128530
3128570
3128580
3128740
3128840
3128950
3128980
3129000
3129010
3129370
3129520
3129590
3129650
3129760
3129930
3129990
3130080
3130160
3130340
3130670
3130700
3130730
3130800
3131280
3131610
3131680
3131770
3131800
3131930
3132090
3132110
3132170
3132180
3132240
3132250
3132310
3132330
3132500
3132540
3132550
3132560
3132660
3132670
3132770
3132780
3132860
3132870
3132930
3132990
3133060
3133110
3133140
3133180
3133340
3133390
3133560
3133570
3133580
3133590
3133610
3133650
3133740
3133780
3133870
3133930
3134130
3134170
3134280
3134390
3134540
3134550
3134670
3134690
3134730
3134780
3134810
3134840
3135050
3135070
3135090
3135170
3135200
3135220
3135410
3135450
3135530
3135640
3135840
3135870
3135880
3135890
3135900
3135930
3135990
3136020
3136030
3136070
3136220
3136230
3136260
3136270
3136300
3136310
3136330
3136380
3136420
3136490
3136590
3136660
3136670
3136680
3136740
3136880
3137040
3137100
3137110
3137130
3137150
3137210
3137220
3137240
3137250
3137310
3137320
3137350
3137520
3137560
3137690
3137820
3137910
3137930
3137960
3138020
3138170
3138360
3138460
3138480
3138500
3138570
3138780
3138800
3138940
3138960
3138980
3139070
3139140
3139480
3139500
3139530
3139570
3139620
3139640
3140120
3140130
3140160
3140540
3140610
3140620
3140750
3140860
3140910
3140990
3141020
3141070
3141080
3141090
3141120
3141130
3141140
3141170
3141310
3141330
3141340
3141360
3141480
3141500
3141580
3141640
3141720
3141860
3141890
3141900
3142050
3142110
3142140
3142340
3142480
3142510
3142520
3142570
3142580
3142590
3142680
3142690
3142700
3142760
3142790
3142900
3142930
3143090
3143110
3143150
3143230
3143290
3143300
3143470
3143540
3143550
3143560
3143570
3143580
3143700
3143730
3143760
3143860
3143880
3143970
3143980
3144030
3144110
3144120
3144130
3144160
3144180
3144230
3144640
3144770
3144950
3145320
3145350
3145370
3145430
3145480
3145510
3145520
3145540
3145620
3145640
3145710
3145740
3145750
3145780
3145810
3145860
3145890
3145920
3145940
3146020
3146090
3146120
3146250
3146280
3146390
3146480
3146500
3146520
3146540
3146610
3146630
3146700
3146710
3146840
3147190
3147220
3147230
3147250
3147260
3147300
3147390
3147430
3147510
3147550
3147690
3147710
3147870
3147890
3147900
3147930
3148010
3148080
3148160
3148170
3148240
3148510
3148550
3148600
3148650
3148670
3148790
3148810
3149050
3149110
3149250
3149310
3149360
3149370
3149430
3149660
3149760
3149800
3149840
3149850
3149960
3149980
3150030
3150150
3150170
3150340
3150350
3150440
3150480
3150510
3150540
3150630
3150660
3150690
3150720
3150960
3151020
3151040
3151250
3151270
3151340
3151380
3151400
3151420
3151600
3151670
3151710
3151760
3151830
3151900
3151930
3151950
3152020
3152230
3152290
3152380
3152460
3152530
3152540
3152590
3152600
3152690
3152780
3152790
3152800
3152900
3152970
3153020
3153230
3153240
3153610
3153620
3153760
3153770
3153790
3153890
3154130
3154190
3154270
3154360
3154390
3154450
3154520
3154590
3154800
3154850
3154870
3154910
3154920
3154940
3154950
3155080
3155140
3155220
3155290
3155320
3155430
3155540
3155560
3155570
3155590
3155610
3155730
3155780
3155810
3156000
3156010
3156140
3156240
3156250
3156260
3156450
3156530
3156590
3156640
3156770
3157070
3157260
3157310
3157320
3157550
3157680
3157700
3157750
3157790
3157910
3158000
3158220
3158260
3158270
3158290
3158370
3158380
3158480
3158500
3158590
3158830
3158870
3158990
3159000
3159050
3159090
3159120
3159130
3159330
3159380
3159440
3159570
3159620
3159680
3159780
3159800
3159840
3159900
3159930
3159960
3160030
3160090
3160160
3160280
3160360
3160390
3160400
3160500
3160580
3160690
3160710
3160730
3160860
3160880
3161050
3161180
3161190
3161220
3161270
3161340
3161400
3161460
3161510
3161530
3161590
3161850
3161920
3161990
3162000
3162020
3162060
3162110
3162120
3162260
3162270
3162340
3162350
3162740
3162770
3162780
3162920
3163170
3163410
3163470
3163540
3163550
3163610
3163730
3163790
3163840
3163910
3164060
3164160
3164320
3164330
3164390
3164400
3164500
3164560
3164610
3164640
3164680
3164710
3164730
3164760
3164830
3164870
3164900
3164910
3164950
3164960
3164970
3165060
3165120
3165200
3165280
3165290
3165300
3165350
3165370
3165460
3165490
3165500
3165510
3165610
3165680
3165690
3165700
3165810
3165830
3165930
3165940
3165950
3165970
3166140
3166200
3166220
3166350
3166420
3166480
3166520
3166590
3166710
3166810
3166850
3166910
3166930
3166950
3166990
3167020
3167180
3167210
3167220
3167260
3167280
3167410
3167540
3167550
3167610
3167710
3167800
3167820
3167960
3167970
3168020
3168120
3168260
3168310
3168370
3168600
3168680
3168720
3168810
3168820
3168890
3169000
3169030
3169060
3169070
3169180
3169330
3169520
3169620
3169630
3169750
3169790
3169890
3169990
3170140
3170170
3170180
3170190
3170200
3170410
3170420
3170530
3170540
3170560
3170570
3170640
3170670
3170700
3170730
3170830
3170840
3170880
3171240
3171450
3171460
3171500
3171550
3171570
3171590
3171620
3171630
3171730
3171810
3171910
3172040
3172270
3172280
3172290
3172300
3172310
3172330
3172420
3172450
3172530
3172590
3172640
3172670
3172700
3172770
3172790
3172800
3172860
3172940
3173050
3173130
3173200
3173220
3173250
3173300
3173310
3173320
3173400
3173560
3173600
3173740
3173890
3173920
3173930
3174070
3174100
3174160
3174280
3174360
3174480
3174500
3174510
3174770
3174810
3174920
3174960
3175190
3175450
3175530
3175670
3175690
3175720
3175860
3175900
3175910
3175930
3175950
3175960
3175980
3176050
3176060
3176560
3176740
3176750
3176790
3176800
3176810
3176820
3176850
3176880
3176980
3177010
3177050
3177070
3177130
3177200
3177210
3177280
3177380
3177400
3177550
3177660
3177890
3177920
3177970
3178350
3178660
3178890
3178910
3178950
3179010
3179130
3179140
3179260
3179280
3179350
3179490
3179730
3179810
3179830
3179840
3179860
3179880
3180060
3180070
3180150
3180240
3180310
3180440
3180450
3180460
3180510
3180670
3180900
3180950
3181020
3181070
3181150
3181200
3181220
3181290
3181350
3181420
3181470
3181490
3181500
3181510
3181520
3181530
3181540
3181550
3181560
3181570
3181580
3181590
3181600
3181620
3181650
3181690
3181790
3181830
3181890
3182040
3182140
3182230
3182240
3182330
3182800
3182870
3182930
3182970
3183220
3183250
3183260
3183270
3183280
3183350
3183360
3183410
3183500
3183660
3183690
3183730
3183800
3183840
3183850
3183860
3183950
3183970
3183980
3183990
3184110
3184160
3184210
3184250
3184460
3184500
3184700
3184710
3184760
3184780
3184990
3185000
3185020
3185460
3185540
3185720
3185730
3185770
3185780
3185890
3185900
3186040
3186120
3186340
3186680
3187010
3187030
3187290
3187380
3187470
3187490
3187540
3187550
3187700
3187710
3187730
3187760
3187770
3187870
3187880
3187910
3188340
3188400
3188410
3188550
3188810
3188830
3188840
3188910
3188960
3189010
3189070
3189140
3189150
3189210
3189220
3189230
3189240
3189250
3189260
3189270
3189280
3189290
3189300
3189310
3189340
3189350
3189430
3189440
3189460
3189470
3189680
3189790
3189820
3190340
3190380
3190430
3190480
3190530
3190610
3190720
3190870
3190910
3191030
3191050
3191400
3191420
3191470
3191580
3191600
3191720
3191740
3191770
3191860
3191990
3192010
3192160
3192290
3192300
3192310
3192330
3192340
3192360
3192390
3192510
3192540
3192560
3192880
3192950
3192960
3193060
3193470
3193500
3193520
3193560
3193590
3193660
3193670
3193680
3193730
3193770
3193830
3194070
3194110
3194140
3194300
3194310
3194360
3194380
3194510
3194550
3194600
3194800
3194810
3194910
3194950
3195070
3195400
3195450
3195530
3195540
3195600
3195640
3195690
3195790
3195870
3195920
3196080
3196180
3196310
3196330
3196460
3196490
3196500
3196520
3196540
3196550
3196570
3196590
3196770
3196780
3196800
3196830
3196920
3197050
3197060
3197070
3197120
3197130
3197140
3197170
3197330
3197400
3197480
3197540
3197550
3197560
3197690
3197710
3197720
3197730
3197860
3197930
3198120
3198220
3198240
3198260
3198270
3198290
3198320
3198360
3198540
3198680
3198820
3198850
3198890
3198940
3198970
3198990
3199000
3199040
3199170
3199180
3199190
3199200
3199360
3199390
3199400
3199430
3199440
3199490
3199590
3199650
3199680
3199740
3199760
3199780
3199810
3199820
3199930
3199990
3200000
3200010
3200060
3200130
3200140
3200210
3200220
3200380
3200460
3200480
3200580
3200590
3200770
3200830
3201010
3201070
3201150
3201210
3201240
3201360
3201440
3201530
3201570
3201630
3201780
3201810
3201840
3201880
3201910
3201940
3202030
3202110
3202260
3202400
3202430
3202500
3202510
3202690
3202740
3202770
3202810
3202880
3202950
3203040
3203280
3203290
3203300
3203320
3203370
3203420
3203440
3203510
3203590
3203860
3204020
3204040
3204110
3204120
3204240
3204250
3204440
3204470
3204510
3204580
3204650
3204700
3204720
3204780
3204840
3204960
3205000
3205080
3205090
3205140
3205290
3205310
3205350
3205380
3205400
3205410
3205430
3205480
3205510
3205560
3205600
3205630
3205800
3205840
3206010
3206020
3206030
3206090
3206170
3206200
3206240
3206370
3206410
3206470
3206480
3206580
3206600
3206660
3206770
3206820
3206830
3206860
3206870
3206890
3207050
3207070
3207190
3207250
3207300
3207320
3207360
3207370
3207400
3207670
3207780
3207810
3207820
3207880
3208110
3208160
3208170
3208250
3208360
3208440
3208470
3208550
3208560
3208630
3208730
3208780
3208880
3208890
3208940
3209020
3209240
3209400
3209410
3209480
3209620
3209700
3209750
3209860
3209920
3209930
3209970
3210110
3210120
3210330
3210350
3210490
3210520
3210720
3210730
3210750
3210790
3210870
3210930
3211030
3211210
3211280
3211290
3211460
3211490
3211510
3211680
3211690
3211750
3211800
3211840
3211850
3211930
3211970
3212040
3212180
3212240
3212400
3212420
3212530
3212580
3212710
3212790
3212800
3213090
3213220
3213390
3213410
3213430
3213510
3213520
3213530
3213600
3213690
3213720
3213790
3213850
3213970
3214000
3214120
3214220
3214360
3214390
3214400
3214430
3214470
3214480
3214530
3214610
3214680
3214690
3214780
3214790
3214800
3214810
3214870
3214880
3214910
3214930
3215030
3215050
3215120
3215170
3215190
3215200
3215290
3215560
3215660
3215680
3215860
3215900
3216040
3216120
3216170
3216190
3216200
3216220
3216250
3216270
3216310
3216330
3216430
3216500
3216640
3216670
3216750
3216840
3216860
3216920
3217000
3217050
3217120
3217150
3217180
3217200
3217240
3217360
3217380
3217600
3217820
3217910
3217920
3217970
3217980
3218080
3218090
3218150
3218160
3218200
3218320
3218490
3218530
3218580
3218590
3218600
3218630
3218670
3218680
3218710
3218730
3218770
3218820
3218880
3218900
3219090
3219160
3219220
3219280
3219290
3219410
3219550
3219580
3219660
3219670
3219700
3219880
3220010
3220060
3220070
3220090
3220110
3220170
3220180
3220330
3220610
3220620
3220680
3220730
3220800
3220830
3220840
3221000
3221170
3221180
3221400
3221570
3221760
3221770
3221830
3222070
3222200
3222430
3222530
3222600
3222630
3222660
3222700
3222710
3222830
3222850
3222860
3222910
3222960
3222970
3223090
3223110
3223120
3223160
3223180
3223220
3223330
3223390
3223470
3223500
3223540
3223590
3223740
3223760
3224310
3224320
3224330
3224380
3224420
3224440
3224480
3224520
3224670
3224770
3224780
3224840
3224940
3224960
3225010
3225060
3225120
3225260
3225300
3225390
3225420
3225560
3225600
3225750
3225790
3225830
3225840
3225860
3225890
3225930
3225960
3225970
3226030
3226040
3226140
3226180
3226190
3226220
3226250
3226310
3226330
3226450
3226460
3226530
3226570
3226680
3226700
3226720
3226750
3226820
3226850
3226870
3226890
3227110
3227130
3227190
3227280
3227300
3227350
3227380
3227420
3227440
3227460
3227480
3227520
3227530
3227570
3227640
3227670
3227700
3227760
3227790
3227810
3227830
3228000
3228180
3228210
3228230
3228290
3228440
3228590
3228670
3228680
3228930
3228940
3229010
3229020
3229040
3229100
3229140
3229160
3229170
3229210
3229260
3229310
3229370
3229410
3229480
3229580
3229690
3229880
3229990
3230020
3230090
3230180
3230290
3230330
3230400
3230850
3230860
3230870
3230890
3230900
3230990
3231090
3231120
3231130
3231520
3231630
3231720
3231740
3231810
3231820
3231830
3231850
3231900
3231910
3231920
3231960
3231970
3231990
3232010
3232020
3232040
3232060
3232380
3232460
3232580
3232610
3232660
3232680
3232710
3232880
3232910
3233000
3233080
3233130
3233380
3233390
3233540
3233630
3233650
3233770
3233820
3234100
3234140
3234290
3234330
3234380
3234420
3234440
3234500
3234660
3234700
3234730
3234740
3234760
3235040
3235170
3235270
3235340
3235530
3235600
3235650
3236000
3236010
3236040
3236060
3236080
3236130
3236230
3236330
3236360
3236460
3236500
3236710
3236820
3236890
3237250
3237330
3237340
3237360
3237570
3237640
3237680
3237720
3237920
3237930
3238050
3238250
3238270
3238280
3238510
3238550
3238580
3238670
3238700
3238780
3239100
3239220
3239250
3239270
3239330
3239340
3239370
3239480
3239500
3239520
3239550
3239640
3239650
3239660
3239860
3239870
3239960
3239970
3240050
3240220
3240300
3240310
3240500
3240540
3240760
3240980
3241000
3241020
3241030
3241110
3241210
3241480
3241490
3241520
3241540
3241590
3241660
3241700
3241720
3241760
3241780
3241910
3241940
3242090
3242170
3242230
3242370
3242750
3242870
3242890
3242950
3243010
3243080
3243150
3243190
3243200
3243250
3243300
3243540
3243550
3243580
3243640
3243700
3243710
3243750
3243780
3243790
3243840
3243860
3243920
3243970
3243990
3244200
3244210
3244220
3244270
3244290
3244350
3244480
3244490
3244650
3244670
3244690
3244700
3244710
3244740
3244830
3245050
3245270
3245330
3245380
3245420
3245490
3245570
3245600
3245740
3245770
3245920
3246090
3246100
3246190
3246230
3246240
3246250
3246260
3246420
3246450
3246690
3246790
3246900
3246970
3247080
3247110
3247150
3247200
3247250
3247270
3247280
3247350
3247440
3247500
3247550
3247570
3247640
3247750
3247910
3247980
3247990
3248040
3248210
3248320
3248410
3248510
3248550
3248580
3248650
3249050
3249060
3249090
3249100
3249180
3249190
3249360
3249560
3249580
3249640
3249650
3249680
3249900
3249970
3250020
3250150
3250620
3250730
3250860
3250970
3250980
3251130
3251240
3251270
3251370
3251550
3251610
3251680
3251690
3251750
3251850
3251910
3252020
3252030
3252100
3252190
3252420
3252490
3252520
3252550
3252610
3252660
3252740
3252770
3252900
3252920
3253030
3253150
3253190
3253220
3253300
3253320
3253340
3253440
3253530
3253560
3253630
3253690
3253710
3253830
3253860
3253990
3254020
3254220
3254410
3254440
3254630
3254730
3254840
3254940
3255100
3255120
3255310
3255380
3255400
3255510
3255540
3255600
3255620
3255660
3255830
3255860
3255870
3255900
3255970
3255990
3256020
3256030
3256310
3256420
3256730
3256850
3256880
3256900
3257000
3257020
3257130
3257360
3257490
3257980
3258070
3258090
3258290
3258370
3258440
3258480
3258670
3258800
3258960
3259040
3259060
3259090
3259390
3259470
3259600
3259910
3260020
3260030
3260080
3260090
3260140
3260370
3260410
3260430
3260440
3260490
3260730
3260880
3260890
3260910
3260920
3260930
3260970
3261010
3261030
3261190
3261280
3261430
3261500
3261510
3261860
3262210
3262220
3262250
3262260
3262320
3262440
3262470
3262480
3262490
3262520
3262530
3262570
3262610
3262620
3262660
3262760
3262810
3262870
3263210
3263240
3263280
3263320
3263330
3263340
3263380
3263400
3263480
3263590
3263610
3263710
3263950
3264050
3264170
3264360
3264480
3264570
3264610
3264640
3264710
3264820
3264850
3265060
3265070
3265130
3265230
3265250
3265280
3265330
3265360
3265370
3265530
3265690
3265700
3265880
3266090
3266200
3266210
3266530
3266740
3266950
3267050
3267350
3267360
3267430
3267520
3267530
3267550
3267680
3267780
3267790
3267800
3267810
3267900
3267980
3268010
3268080
3268250
3268260
3268390
3268440
3268450
3268520
3268600
3269010
3269080
3269090
3269180
3269230
3269300
3269310
3269460
3269600
3269610
3269620
3269630
3269650
3269810
3269860
3269960
3270020
3270110
3270210
3270230
3270330
3270520
3270560
3270620
3270640
3270680
3271000
3271090
3271130
3271250
3271310
3271320
3271470
3271490
3271610
3271860
3271870
3272050
3272110
3272170
3272290
3272300
3272680
3272690
3272730
3272890
3272930
3272980
3273120
3273130
3273290
3273480
3273490
3273530
3273550
3273660
3273740
3273900
3273910
3273980
3273990
3274060
3274090
3274160
3274170
3274180
3274190
3274200
3274210
3274230
3274240
3274250
3274260
3274280
3274290
3274300
3274320
3274390
3274580
3274770
3274780
3274790
3274800
3274940
3275010
3275200
3275280
3275340
3275480
3275720
3275760
3275860
3275870
3275880
3276050
3276060
3276070
3276080
3276280
3276440
3276600
3276840
3276900
3276950
3277040
3277060
3277070
3277170
3277230
3277250
3277350
3277370
3277410
3277480
3277530
3277660
3277670
3277900
3277910
3278120
3278160
3278230
3278330
3278480
3278560
3278720
3278740
3278750
3278760
3278860
3278950
3278990
3279120
3279240
3279360
3279480
3279640
3279710
3279780
3279830
3280020
3280070
3280110
3280130
3280160
3280350
3280370
3280430
3280560
3280600
3280610
3280650
3280710
3280860
3281060
3281090
3281130
3281300
3281380
3281410
3281960
3281980
3282040
3282060
3282200
3282390
3282480
3282510
3282520
3282670
3282700
3282710
3282920
3282930
3283000
3283050
3283090
3283220
3283480
3283490
3283630
3283650
3283710
3283780
3283830
3283900
3283940
3284020
3284110
3284270
3284530
3284610
3284640
3284820
3284900
3284910
3285250
3285260
3285300
3285360
3285370
3285490
3285500
3285700
3285790
3286080
3286090
3286130
3286140
3286170
3286280
3286360
3286560
3286700
3286710
3286930
3286970
3287070
3287120
3287300
3287460
3287520
3287600
3287650
3288010
3288020
3288180
3288210
3288230
3288270
3288300
3288350
3288380
3288430
3288460
3288480
3288510
3288600
3288660
3288920
3288990
3289090
3289240
3289270
3289550
3289570
3289580
3289600
3290040
3290070
3290090
3290120
3290160
3290210
3290220
3290390
3290440
3290450
3290470
3290500
3290550
3290610
3290620
3290660
3290690
3290710
3290830
3290990
3291010
3291030
3291080
3291130
3291220
3291260
3291290
3291310
3291350
3291690
3291790
3291920
3292090
3292220
3292260
3292290
3292320
3292340
3292410
3292420
3292480
3292620
3292780
3292860
3292960
3292980
3293010
3293100
3293150
3293250
3293260
3293300
3293390
3293640
3293660
3293970
3294060
3294330
3294500
3294540
3294570
3294580
3294610
3294620
3294630
3294660
3294690
3294730
3294740
3294750
3294880
3294890
3294950
3295110
3295160
3295200
3295220
3295230
3295240
3295280
3295310
3295360
3295380
3295720
3295750
3295810
3295890
3295990
3296200
3296250
3296260
3296370
3296460
3296570
3296580
3296600
3296620
3296760
3296790
3296800
3296810
3296830
3296910
3296930
3296940
3296950
3297030
3297070
3297180
3297190
3297210
3297310
3297360
3297520
3297630
3297730
3297870
3297920
3297940
3298020
3298030
3298080
3298150
3298170
3298200
3298250
3298300
3298460
3298490
3298500
3298520
3298570
3298590
3298700
3298720
3298820
3298900
3298910
3298940
3298960
3298980
3299130
3299190
3299340
3299380
3299460
3300060
3300410
3300480
3300510
3300580
3300620
3300670
3300760
3300800
3300910
3301040
3301060
3301070
3301260
3301470
3301530
3301740
3301820
3301970
3302080
3302110
3302160
3302280
3302290
3302300
3302330
3302470
3302500
3302510
3302650
3302680
3303010
3303150
3303180
3303230
3303250
3303320
3303530
3303780
3303790
3303910
3303950
3304030
3304050
3304320
3304340
3304350
3304370
3304430
3304460
3304490
3304570
3304580
3304750
3304760
3304770
3304820
3304830
3304840
3304980
3305080
3305120
3305350
3305370
3305540
3305630
3305640
3305770
3305800
3305830
3305890
3305900
3306030
3306080
3306090
3306140
3306170
3306180
3306200
3306280
3306310
3306400
3306470
3306780
3306790
3306800
3306900
3306910
3306950
3307130
3307270
3307440
3307560
3307980
3308010
3308080
3308150
3308190
3308210
3308280
3308410
3308450
3308500
3308540
3308550
3308560
3308670
3308800
3308870
3308900
3308960
3309020
3309140
3309240
3309380
3309390
3309510
3309690
3309720
3309750
3309800
3309950
3310190
3310330
3310410
3310510
3310560
3310590
3310660
3310830
3310890
3310900
3310950
3311180
3311240
3311290
3311310
3311380
3311490
3311500
3311520
3311560
3311570
3311670
3311710
3311740
3311820
3311870
3312020
3312030
3312100
3312200
3312220
3312340
3312400
3312410
3312430
3312450
3312540
3312600
3312700
3313070
3313140
3313160
3313170
3313230
3313270
3313310
3313350
3313410
3313420
3313530
3313540
3313560
3313620
3313720
3313930
3313970
3313990
3314040
3314060
3314070
3314120
3314340
3314790
3314880
3315230
3315330
3315500
3315510
3315520
3315530
3315540
3315550
3315560
3315570
3315580
3315590
3315600
3315630
3315670
3315690
3315730
3315750
3315800
3315930
3315940
3315950
3316070
3316090
3316200
3316210
3316330
3316350
3316360
3316380
3316450
3316470
3316620
3316660
3316750
3316880
3316910
3316940
3317360
3317370
3317530
3317550
3317580
3317600
3317650
3317660
3317740
3317780
3317800
3317820
3317890
3318000
3318010
3318050
3318080
3318110
3318380
3318550
3318560
3318580
3318640
3318730
3318950
3319150
3319250
3319330
3319570
3319580
3319590
3319650
3319660
3319720
3319760
3319940
3319980
3320070
3320100
3320330
3320340
3320410
3320570
3320600
3320640
3320740
3320770
3320780
3320790
3320800
3320930
3320980
3321000
3321120
3321180
3321360
3321400
3321460
3321490
3321700
3321720
3322370
3322380
3322640
3322650
3322710
3322740
3322770
3322900
3322920
3322960
3322980
3323050
3323110
3323350
3323360
3323470
3323670
3323720
3323770
3323850
3323860
3324130
3324170
3324230
3324240
3324250
3324320
3324350
3324440
3324610
3324630
3324650
3324810
3324850
3324900
3324980
3325030
3325090
3325130
3325230
3325240
3325250
3325260
3325290
3325500
3325570
3325590
3325620
3325660
3325690
3325760
3325860
3325960
3326080
3326230
3326280
3326290
3326440
3326460
3326530
3326660
3326690
3326760
3326810
3326920
3326970
3327130
3327170
3327200
3327240
3327260
3327300
3327310
3327370
3327470
3327530
3327550
3327640
3327670
3327910
3327950
3328090
3328180
3328230
3328260
3328410
3328480
3328530
3328540
3328650
3328660
3328700
3328720
3328730
3328860
3328900
3328910
3328940
3329040
3329100
3329130
3329190
3329260
3329420
3329430
3329480
3329530
3329580
3329650
3329730
3330100
3330150
3330160
3330170
3330200
3330250
3330280
3330360
3330390
3330420
3330460
3330500
3330530
3330620
3331000
3331010
3331040
3331050
3331170
3331230
3331260
3331320
3331480
3331570
3331580
3331590
3331610
3331640
3331820
3331980
3332000
3332030
3332060
3332070
3332140
3332460
3332550
3332590
3332600
3332610
3332620
3332630
3332640
3332670
3332710
3332720
3332730
3332830
3332860
3332870
3333030
3333060
3333250
3333330
3333360
3333420
3333460
3333610
3333630
3333680
3333700
3333740
3333840
3333860
3333870
3333880
3333890
3333940
3334200
3334280
3334400
3334510
3334520
3334550
3334570
3334610
3334660
3334690
3334710
3334790
3335060
3335120
3335150
3335170
3335300
3335340
3335350
3335390
3335470
3335600
3335840
3335880
3336140
3336200
3336280
3336440
3336470
3336480
3336520
3336530
3336540
3336550
3336590
3336630
3336660
3336800
3336990
3337010
3337050
3337110
3337140
3337180
3337210
3337220
3337320
3337340
3337380
3337480
3337490
3337500
3337630
3337670
3337680
3337690
3337710
3337720
3337800
3338000
3338040
3338140
3338200
3338380
3338470
3338550
3338560
3338600
3338660
3338820
3338860
3338950
3339100
3339180
3339200
3339270
3339330
3339350
3339410
3339420
3339450
3339470
3339600
3339780
3339830
3339880
3340120
3340210
3340240
3340300
3340320
3340330
3340530
3340750
3340810
3340860
3341000
3341100
3341420
3341440
3341450
3341460
3341510
3341530
3341540
3341650
3341750
3341810
3341830
3341950
3342050
3342090
3342190
3342270
3342350
3342390
3342400
3342430
3342540
3342550
3342600
3342630
3342640
3342650
3342800
3342820
3342900
3343050
3343160
3343300
3343320
3343330
3343360
3343390
3343500
3343560
3343590
3343670
3343690
3343700
3343770
3343790
3343840
3343850
3343940
3344030
3344150
3344160
3344340
3344410
3344560
3344750
3344770
3344790
3344810
3344920
3344940
3344960
3345000
3345050
3345090
3345170
3345380
3345400
3345410
3345420
3345430
3345460
3345480
3345500
3345620
3345710
3345760
3345820
3345950
3345960
3345970
3345990
3346000
3346010
3346020
3346030
3346040
3346050
3346060
3346070
3346080
3346100
3346110
3346120
3346130
3346140
3346160
3346180
3346200
3346310
3346400
3346720
3346760
3346790
3346820
3346860
3346870
3346980
3347050
3347060
3347070
3347080
3347090
3347110
3347230
3347250
3347310
3347330
3347400
3347520
3347560
3347600
3347610
3347620
3347670
3347810
3347970
3348000
3348110
3348280
3348300
3348320
3348330
3348540
3348570
3348590
3348600
3348650
3348720
3348910
3349150
3349180
3349300
3349320
3349440
3349510
3349600
3349610
3349710
3349720
3349750
3349800
3349810
3349820
3349830
3349840
3349850
3349860
3349930
3349960
3349970
3350030
3350110
3350140
3350160
3350190
3350200
3350290
3350440
3350500
3350550
3350770
3350780
3350790
3350800
3350820
3351040
3351070
3351080
3351140
3351150
3351330
3351350
3351430
3351550
3351580
3351650
3351660
3351670
3351690
3351770
3351940
3352000
3352070
3352080
3352130
3352180
3352240
3352300
3352310
3352470
3352570
3352580
3352660
3352680
3352690
3352700
3352750
3352880
3352920
3353000
3353080
3353100
3353120
3353280
3353290
3353470
3353490
3353620
3353670
3353820
3353830
3353860
3354220
3354260
3354440
3354460
3354470
3354480
3354490
3354500
3354510
3354520
3354530
3354540
3354590
3354630
3354660
3354680
3354690
3354700
3354710
3354750
3354860
3354980
3355020
3355080
3355150
3355420
3355430
3355590
3355610
3355750
3355760
3355800
3355940
3356310
3356320
3356340
3356350
3356470
3356480
3356700
3356720
3356740
3356750
3356790
3356800
3356840
3356950
3356970
3357130
3357250
3357380
3357410
3357430
3357650
3357680
3357810
3357830
3357910
3357930
3357960
3358050
3358080
3358090
3358100
3358130
3358140
3358160
3358180
3358210
3358220
3358250
3358270
3358360
3358480
3358510
3358560
3358680
3358820
3358870
3358900
3359200
3359210
3359260
3359280
3359320
3359370
3359390
3359420
3359480
3359540
3359560
3359580
3359690
3359730
3359830
3359900
3359910
3360010
3360110
3360190
3360230
3360250
3360320
3360330
3360340
3360390
3360420
3360780
3360850
3360890
3360930
3360950
3361030
3361080
3361180
3361210
3361220
3361280
3361340
3361470
3361510
3361650
3361770
3361800
3361810
3361890
3361910
3361990
3362100
3362120
3362140
3362180
3362190
3362210
3362260
3362480
3362590
3362660
3362670
3362750
3362780
3362790
3362870
3362960
3362990
3363000
3363030
3363040
3363200
3363250
3363270
3363310
3363390
3363410
3363450
3363530
3363560
3363640
3363660
3363680
3363790
3363810
3363830
3363840
3364060
3364070
3364120
3364220
3364410
3364420
3364430
3364560
3364650
3364770
3364830
3364860
3364870
3364880
3364920
3364970
3364980
3365000
3365030
3365040
3365050
3365140
3365170
3365230
3365360
3365410
3365450
3365470
3365540
3365630
3365820
3365840
3365850
3365860
3365870
3365900
3365910
3365920
3365970
3366010
3366060
3366070
3366380
3366410
3366590
3366700
3366710
3366870
3367000
3367010
3367030
3367060
3367070
3367190
3367320
3367360
3367410
3367420
3367500
3367530
3367590
3367600
3367740
3367970
3368640
3368750
3368940
3368980
3369050
3369070
3369080
3369110
3369200
3369250
3369280
3369300
3369360
3369370
3369390
3369470
3369570
3369850
3370050
3370100
3370150
3370260
3370340
3370350
3370400
3370430
3370460
3370500
3370870
3371060
3371110
3371240
3371330
3371410
3371480
3371500
3371510
3371520
3371630
3371770
3371840
3371930
3372030
3372370
3372420
3372520
3372570
3372590
3372710
3372960
3372980
3373040
3373050
3373350
3373390
3373400
3373520
3373540
3373660
3373670
3373730
3373820
3373830
3373900
3373930
3373960
3374020
3374140
3374160
3374280
3374340
3374390
3374450
3374610
3374700
3374720
3374800
3374920
3375220
3375300
3375310
3375420
3375580
3375760
3375780
3375840
3375950
3376020
3376130
3376140
3376160
3376250
3376270
3376290
3376340
3376480
3376520
3376620
3376690
3376760
3376830
3376850
3376950
3376990
3377310
3377320
3377410
3377510
3377530
3377640
3377680
3377770
3377790
3377940
3378000
3378190
3378260
3378270
3378330
3378460
3378600
3378640
3378960
3379150
3379170
3379210
3379280
3379390
3379590
3379620
3379650
3379750
3379770
3379820
3379880
3380110
3380150
3380310
3380320
3380330
3380340
3380360
3380520
3380560
3380600
3380730
3380740
3380760
3380810
3380820
3380830
3380940
3380950
3380980
3381010
3381080
3381120
3381170
3381190
3381240
3381310
3381330
3381350
3381420
3381510
3381530
3381650
3381680
3381780
3381990
3382070
3382170
3382220
3382240
3382300
3382360
3382500
3382580
3382590
3382820
3382830
3383020
3383070
3383120
3383130
3383190
3383220
3383260
3383290
3383430
3383580
3383640
3383700
3383780
3383940
3383970
3384050
3384090
3384130
3384150
3384180
3384190
3384220
3384230
3384350
3384440
3384610
3384850
3384860
3384880
3384890
3385300
3385360
3385370
3385380
3385420
3385430
3385440
3385520
3385630
3385670
3385820
3385900
3386010
3386100
3386200
3386230
3386240
3386250
3386260
3386290
3386300
3386380
3386560
3386600
3386610
3386700
3386800
3386850
3386860
3386900
3386970
3386980
3387000
3387070
3387100
3387120
3387150
3387190
3387230
3387330
3387370
3387400
3387440
3387480
3387490
3387500
3387560
3387660
3387740
3387880
3388150
3388220
3388270
3388360
3388440
3388550
3388690
3388760
3388780
3388870
3388890
3389090
3389200
3389210
3389290
3389320
3389450
3389460
3389500
3389660
3389710
3389720
3389760
3389860
3389870
3390000
3390060
3390080
3390160
3390400
3390630
3390820
3390870
3390890
3390900
3390940
3391090
3391150
3391170
3391260
3391270
3391280
3391370
3391420
3391450
3391500
3391510
3391540
3391550
3391590
3391720
3391750
3391830
3391910
3392060
3392280
3392420
3392510
3392520
3392540
3392590
3392670
3392780
3392790
3393070
3393090
3393170
3393180
3393240
3393380
3393400
3393610
3393620
3393740
3393750
3393870
3394080
3394250
3394370
3394460
3394480
3394530
3394770
3394850
3394870
3394910
3395080
3395140
3395220
3395300
3395500
3395760
3395810
3395850
3395920
3395930
3396030
3396040
3396090
3396320
3396400
3396410
3396460
3396540
3396640
3396740
3396850
3396900
3396930
3396970
3397120
3397130
3397160
3397230
3397350
3397390
3397470
3397510
3397580
3397690
3397780
3397800
3397830
3397850
3398070
3398080
3398110
3398140
3398740
3398760
3398870
3399040
3399110
3399360
3399400
3399430
3399510
3399560
3399570
3399580
3399590
3399670
3399680
3399690
3399700
3399770
3399780
3399860
3399920
3399950
3399960
3399980
3400000
3400040
3400080
3400150
3400350
3400520
3400650
3400930
3400960
3401000
3401050
3401410
3401490
3401830
3401870
3401890
3401900
3401920
3401990
3402000
3402010
3402020
3402030
3402040
3402050
3402060
3402070
3402080
3402090
3402160
3402170
3402270
3402300
3402400
3402420
3402530
3402630
3402730
3402750
3402760
3402790
3402810
3402840
3402980
3402990
3403010
3403030
3403090
3403250
3403310
3403380
3403510
3403720
3403870
3403880
3403920
3404010
3404140
3404260
3404380
3404410
3404470
3404490
3404520
3404610
3404670
3404940
3404970
3405020
3405100
3405150
3405160
3405200
3405220
3405340
3405400
3405420
3405460
3405470
3405490
3405540
3405670
3405690
3406070
3406090
3406350
3406610
3406620
3406640
3406660
3406740
3406800
3406810
3406850
3406910
3407070
3407150
3407310
3407360
3407380
3407390
3407440
3407500
3407830
3407990
3408020
3408060
3408080
3408110
3408170
3408260
3408300
3408320
3408330
3408360
3408380
3408410
3408420
3408470
3408480
3408570
3408600
3408690
3408700
3408740
3408790
3408810
3408820
3408850
3409080
3409100
3409150
3409370
3409390
3409400
3409430
3409680
3409760
3409980
3410040
3410180
3410310
3410340
3410490
3410530
3410630
3410640
3410660
3410880
3411020
3411040
3411050
3411080
3411190
3411420
3411450
3411490
3411510
3411570
3411660
3411670
3411720
3411730
3411820
3411830
3412000
3412070
3412160
3412270
3412290
3412310
3412390
3412400
3412560
3412620
3412770
3412810
3412820
3412850
3412900
3412930
3412990
3413060
3413090
3413130
3413150
3413210
3413330
3413340
3413520
3413590
3413650
3413810
3413900
3414040
3414370
3414470
3414730
3414830
3414900
3414910
3414930
3415060
3415120
3415140
3415230
3415240
3415280
3415300
3415340
3415450
3415570
3415580
3415620
3415860
3415980
3415990
3416070
3416090
3416150
3416260
3416270
3416350
3416440
3416450
3416680
3416690
3416840
3417040
3417120
3417180
3417260
3417410
3417500
3417510
3417620
3417630
3417690
3417730
3417740
3417780
3417820
3417840
3417850
3417860
3417900
3418030
3418150
3418430
3418570
3418610
3418670
3418690
3418710
3418810
3418850
3418910
3418930
3418990
3419130
3419160
3419220
3419250
3419290
3419300
3419390
3419430
3419450
3419460
3419520
3419530
3419650
3419660
3419670
3419690
3419720
3419780
3419790
3419800
3419810
3419820
3419880
3419910
3419950
3420070
3420100
3420140
3420290
3420300
3420510
3420690
3420710
3420790
3420800
3420920
3421070
3421080
3421300
3421330
3421340
3421410
3421500
3421600
3421670
3421860
3422090
3422120
3422130
3422140
3422160
3422180
3422210
3422220
3422270
3422310
3422450
3422700
3422740
3422830
3422860
3422900
3422910
3422940
3422980
3423050
3423550
3423620
3423650
3423660
3424040
3424190
3424250
3424440
3424470
3424600
3424610
3424740
3424830
3424870
3424900
3424920
3425070
3425310
3425320
3425390
3425460
3425550
3425700
3425880
3425890
3426020
3426030
3426090
3426130
3426160
3426210
3426240
3426260
3426300
3426330
3426410
3426450
3426490
3426500
3426610
3426680
3426770
3426820
3426880
3426920
3426930
3427010
3427090
3427140
3427170
3427390
3427410
3427420
3427550
3427620
3427660
3427740
3427970
3428120
3428340
3428480
3428530
3428610
3428620
3428800
3428840
3428850
3428860
3428940
3429150
3429500
3429720
3429740
3429910
3429990
3430220
3430230
3430240
3430300
3430340
3430450
3430470
3430550
3430560
3430570
3430780
3430880
3430960
3431020
3431040
3431210
3431220
3431390
3431490
3431720
3431800
3431930
3431940
3432000
3432130
3432140
3432160
3432210
3432270
3432390
3432460
3432500
3432510
3432530
3432540
3432590
3432600
3432750
3432800
3432840
3432880
3432920
3433030
3433050
3433180
3433210
3433230
3433280
3433290
3433330
3433520
3433640
3433680
3433700
3433720
3433740
3433810
3433940
3434050
3434070
3434130
3434300
3434330
3434340
3434400
3434430
3434440
3434800
3434930
3435210
3435260
3435310
3435420
3435430
3435600
3435750
3435810
3436030
3436070
3436140
3436170
3436220
3436370
3436480
3436630
3436770
3436790
3436840
3436860
3436970
3436980
3437020
3437060
3437110
3437140
3437170
3437200
3437210
3437270
3437280
3437350
3437470
3437540
3437610
3437820
3437850
3438040
3438100
3438490
3438630
3438640
3438700
3438760
3438770
3438800
3438810
3438840
3438850
3438900
3438950
3438980
3438990
3439010
3439030
3439040
3439060
3439100
3439250
3439300
3439320
3439440
3439490
3439530
3439580
3439600
3439740
3439750
3439820
3439830
3439940
3440000
3440100
3440120
3440140
3440240
3440410
3440710
3440750
3440830
3440880
3440980
3441000
3441130
3441160
3441190
3441320
3441350
3441430
3441450
3441460
3441540
3441720
3441820
3442040
3442170
3442210
3442220
3442240
3442710
3442760
3442880
3443080
3443210
3443380
3443400
3443410
3443440
3443520
3443590
3443610
3443620
3443640
3443670
3443680
3443730
3443820
3443870
3443910
3444000
3444010
3444020
3444050
3444080
3444220
3444480
3444520
3444540
3444630
3444650
3444690
3444720
3444740
3445070
3445120
3445340
3445380
3445490
3445500
3445520
3445580
3445670
3445700
3445760
3445800
3445830
3446000
3446070
3446120
3446140
3446150
3446170
3446190
3446200
3446240
3446270
3446450
3446490
3446550
3446680
3446740
3446840
3446850
3446920
3446960
3446980
3446990
3447000
3447040
3447120
3447170
3447340
3447350
3447360
3447390
3447410
3447430
3447510
3447550
3447570
3447610
3447690
3447920
3448010
3448240
3448270
3448320
3448360
3448530
3448720
3448750
3448760
3448790
3448870
3448930
3449030
3449040
3449100
3449110
3449240
3449250
3449260
3449270
3449280
3449290
3449300
3449310
3449320
3449330
3449390
3449590
3449630
3449690
3449840
3449850
3449880
3449900
3450090
3450170
3450260
3450310
3450330
3450340
3450350
3450370
3450390
3450480
3450700
3450750
3450760
3450800
3450810
3450870
3451060
3451100
3451290
3451330
3451380
3451440
3451620
3451960
3452010
3452020
3452040
3452170
3452230
3452240
3452270
3452280
3452320
3452530
3452740
3452770
3452790
3452830
3452840
3453150
3453330
3453360
3453390
3453440
3453460
3453500
3453540
3453570
3453600
3453670
3453870
3453950
3453960
3453970
3453990
3454200
3454210
3454220
3454250
3454300
3454530
3454570
3454590
3454610
3454630
3454650
3454660
3454810
3454830
3454910
3454980
3455140
3455320
3455330
3455450
3455480
3455510
3455520
3455530
3455540
3455550
3455560
3455630
3455640
3455650
3455660
3455670
3455960
3455980
3456130
3456140
3456160
3456200
3456220
3456350
3456720
3456800
3456830
3456930
3456970
3457080
3457270
3457340
3457350
3457370
3457380
3457390
3457410
3457490
3457680
3457790
3457800
3457840
3457940
3458320
3458340
3458600
3458610
3458620
3458850
3459000
3459130
3459160
3459210
3459310
3459320
3459420
3459500
3459680
3459700
3459740
3459810
3459850
3459910
3459920
3459930
3460020
3460050
3460100
3460110
3460190
3460310
3460340
3460780
3460790
3460800
3460910
3460920
3461060
3461160
3461190
3461200
3461210
3461220
3461300
3461430
3461460
3461480
3461490
3461500
3461520
3461610
3461630
3461680
3461730
3461750
3461760
3461800
3461920
3461950
3462040
3462210
3462950
3462980
3463030
3463050
3463150
3463180
3463190
3463240
3463460
3463470
3463480
3463980
3464020
3464080
3464370
3464500
3464550
3464560
3464570
3464590
3464620
3464630
3464640
3464700
3464820
3464830
3464950
3464960
3464970
3465370
3465450
3465660
3465680
3465770
3466230
3466370
3466420
3466430
3466440
3466450
3466460
3466500
3466570
3466660
3466670
3466680
3466690
3466730
3467040
3467170
3467240
3467310
3467390
3467540
3467620
3467710
3467770
3468160
3468230
3468270
3468430
3468450
3468640
3468650
3468660
3468920
3469140
3469190
3469230
3469500
3469600
3469750
3469820
3469850
3469990
3470020
3470080
3470150
3470170
3470190
3470230
3470340
3470370
3470430
3470480
3470530
3470560
3470610
3470640
3470660
3470980
3471060
3471090
3471100
3471130
3471190
3471280
3471350
3471390
3471440
3471590
3471670
3471800
3471890
3471980
3472010
3472040
3472100
3472190
3472200
3472300
3472420
3472550
3472700
3472840
3472850
3472870
3472890
3473020
3473230
3473290
3473300
3473320
3473350
3473360
3473410
3473500
3473570
3473610
3473630
3473730
3473870
3473960
3474060
3474110
3474160
3474310
3474450
3474460
3474510
3474590
3474700
3474720
3474800
3474900
3475120
3475180
3475370
3475580
3475670
3475730
3475770
3476180
3476340
3476490
3476660
3476730
3476750
3476790
3476800
3477300
3477530
3477590
3477620
3477720
3477730
3477800
3477810
3477860
3477920
3477950
3478020
3478050
3478190
3478200
3478250
3478290
3478380
3478420
3478440
3478470
3478590
3478650
3478660
3478700
3478760
3478810
3478870
3478880
3478920
3479050
3479140
3479620
3479650
3479870
3480030
3480040
3480150
3480160
3480200
3480430
3480440
3480750
3480760
3480790
3480830
3480850
3480930
3480990
3481020
3481040
3481110
3481240
3481320
3481450
3481480
3481910
3481970
3482000
3482230
3482240
3482250
3482440
3482490
3482870
3482910
3483190
3483220
3483270
3483400
3483510
3483740
3483840
3483850
3483860
3483880
3483920
3484300
3484450
3484640
3484680
3484690
3484710
3484850
3484860
3485000
3485030
3485220
3485300
3485350
3485400
3485570
3485760
3485770
3485890
3485910
3485940
3486050
3486160
3486240
3486280
3486430
3486520
3486630
3486640
3486770
3486810
3486970
3487060
3487170
3487180
3487230
3487340
3487460
3487540
3487550
3487660
3487770
3487780
3487930
3488200
3488500
3488580
3488760
3488770
3488800
3488820
3488840
3488900
3488970
3489240
3489420
3489460
3489480
3489670
3489690
3489700
3489860
3489990
3490140
3490190
3490740
3490820
3490890
3491040
3491050
3491070
3491230
3491280
3491310
3491430
3491510
3491570
3491700
3491740
3491820
3491920
3492030
3492060
3492080
3492320
3492330
3492560
3492610
3492650
3492690
3492720
3492860
3492920
3492940
3493400
3493540
3493550
3493570
3493610
3493700
3493710
3493780
3494130
3494200
3494210
3494220
3494390
3494520
3494930
3494950
3495020
3495030
3495040
3495050
3495110
3495240
3495520
3495730
3495760
3495770
3495780
3495790
3495810
3495820
3495830
3495930
3495940
3495970
3496000
3496260
3496440
3496500
3496680
3496700
3496780
3496840
3496940
3496950
3496980
3497180
3497290
3497350
3497380
3497420
3497920
3498070
3498260
3498270
3498390
3498550
3498560
3498640
3498650
3498680
3498940
3498980
3499000
3499170
3499230
3499330
3499380
3499520
3499530
3499540
3499550
3499570
3499740
3499750
3499820
3499870
3499910
3499940
3500390
3500510
3500590
3500600
3500640
3500660
3500680
3500750
3500790
3500800
3500830
3500840
3501070
3501370
3501470
3502000
3502100
3502130
3502150
3502190
3502270
3502300
3502340
3502520
3502710
3503020
3503120
3503180
3503250
3503340
3503380
3503440
3503530
3503570
3503680
3503720
3503980
3504000
3504170
3504320
3504530
3504570
3504700
3504780
3504940
3504990
3505040
3505060
3505120
3505240
3505250
3505270
3505310
3505390
3505680
3505700
3505800
3505820
3505830
3505840
3505850
3505880
3505890
3505910
3505930
3506050
3506110
3506250
3506430
3506630
3506800
3506840
3506970
3507100
3507120
3507500
3507680
3508040
3508060
3508080
3508090
3508130
3508150
3508170
3508730
3508760
3508770
3508840
3509030
3509050
3509160
3509200
3509230
3509430
3509740
3509770
3509780
3509790
3509860
3509940
3509970
3510060
3510160
3510310
3510500
3510560
3510570
3510730
3510890
3510920
3510940
3510960
3511020
3511030
3511130
3511270
3511340
3511620
3511660
3511670
3511960
3512200
3512250
3512300
3512410
3512690
3512760
3512780
3512810
3512950
3513050
3513350
3513380
3513430
3513480
3513500
3513590
3513600
3513660
3513780
3513800
3513920
3514410
3514440
3514510
3514670
3514760
3515100
3515190
3515380
3515440
3515550
3515620
3516180
3516220
3516260
3516270
3516580
3516600
3516610
3516620
3516700
3516740
3516810
3516890
3516920
3517050
3517070
3517090
3517110
3517170
3517270
3517280
3517290
3517660
3517980
3518110
3518220
3518380
3518730
3518760
3518780
3518900
3519130
3519180
3519190
3519370
3519530
3519590
3519780
3519810
3519830
3519880
3519890
3519990
3520030
3520180
3520260
3520300
3520310
3520350
3520580
3520890
3521050
3521060
3521270
3521320
3521390
3521410
3521460
3521490
3521580
3521650
3521670
3521890
3522160
3522230
3522430
3522480
3522530
3522650
3522770
3522960
3523140
3523260
3523390
3523400
3523660
3523690
3523800
3523840
3524110
3524160
3524180
3524190
3524240
3524260
3524270
3524290
3524320
3524330
3524340
3524350
3524360
3524370
3524380
3524610
3524750
3524930
3524970
3525240
3525360
3525580
3525850
3525880
3525970
3526710
3526830
3527250
3527290
3527410
3527610
3527650
3527690
3527750
3527760
3527800
3527810
3527820
3528170
3528280
3528290
3528320
3528380
3528450
3528490
3528590
3528910
3528970
3529070
3529190
3529330
3529560
3529630
3529970
3530080
3530120
3530230
3530490
3530660
3530670
3530680
3530700
3530770
3530790
3530800
3531160
3531250
3531260
3531470
3531640
3531680
3531720
3531790
3531960
3531970
3531980
3531990
3532010
3532300
3532360
3532470
3532570
3532890
3532910
3533010
3533100
3533290
3533330
3533450
3533470
3533540
3533570
3533650
3533660
3533730
3533830
3533890
3533920
3534040
3534180
3534240
3534460
3534700
3534750
3534850
3534930
3534960
3534970
3535000
3535130
3535520
3535530
3535760
3535830
3535970
3536100
3536260
3536380
3536410
3536480
3536610
3536730
3536760
3536910
3537070
3537350
3537530
3537690
3537730
3537830
3537890
3537910
3537990
3538090
3538100
3538210
3538350
3538400
3538500
3538780
3538820
3538850
3538880
3538950
3539020
3539440
3539500
3539580
3539660
3539870
3540100
3540210
3540360
3540430
3540500
3540530
3540550
3540600
3540670
3540710
3540830
3540990
3541130
3541180
3541220
3541290
3541300
3541310
3541390
3541480
3541650
3541710
3541750
3542380
3542390
3542420
3542660
3542730
3542740
3542790
3543000
3543040
3543120
3543180
3543320
3543350
3543420
3543440
3543570
3543640
3543710
3543720
3543740
3543890
3543920
3544020
3544080
3544100
3544160
3544170
3544180
3544250
3544420
3544480
3544490
3544500
3544590
3544640
3544930
3544970
3545290
3545640
3545650
3545810
3545870
3545940
3545990
3546070
3546130
3546240
3546330
3546440
3546480
3546700
3547010
3547290
3547420
3547790
3547830
3547890
3547960
3547980
3548000
3548040
3548050
3548130
3548200
3548380
3548400
3548520
3548580
3548850
3548930
3548950
3549060
3549210
3549220
3549250
3549310
3549430
3549440
3549530
3549560
3549690
3549740
3549750
3550010
3550240
3550260
3550290
3550470
3550490
3550540
3550600
3550640
3550810
3550830
3550930
3551100
3551190
3551200
3551220
3551340
3551350
3551370
3551460
3551600
3551620
3551630
3551680
3551990
3552120
3552140
3552200
3552310
3552390
3552430
3552470
3552560
3552630
3552790
3552820
3552840
3552900
3552910
3553040
3553060
3553110
3553190
3553210
3553320
3553350
3553500
3553600
3553750
3553880
3553970
3554010
3554110
3554130
3554350
3554420
3554430
3554450
3554600
3554760
3554790
3554810
3554930
3554940
3554950
3554990
3555070
3555080
3555150
3555410
3555430
3555490
3555630
3555670
3555700
3555730
3555860
3555950
3555980
3556160
3556270
3556460
3556500
3556680
3556730
3556740
3556750
3556760
3557090
3557260
3557270
3557370
3557480
3557540
3557620
3557690
3557790
3557830
3557860
3557980
3558020
3558170
3558180
3558190
3558240
3558260
3558300
3558310
3558350
3558380
3558400
3558440
3558460
3558720
3558730
3558820
3558880
3559340
3559510
3559600
3559790
3559840
3560010
3560030
3560280
3560370
3560410
3560420
3560510
3560530
3560620
3560680
3560730
3560740
3560830
3560880
3560910
3560970
3560990
3561020
3561180
3561190
3561200
3561230
3561310
3561400
3561420
3561430
3561510
3561560
3561580
3561590
3561620
3561640
3561730
3561760
3561770
3561800
3561820
3561830
3561850
3562120
3562270
3562310
3562340
3562460
3562530
3562540
3562730
3562810
3562850
3562890
3562940
3563260
3563430
3563460
3563700
3563710
3563950
3564090
3564160
3564250
3564270
3564280
3564370
3564400
3564440
3564530
3564550
3564570
3564590
3564630
3564650
3564700
3564740
3564820
3564900
3565030
3565050
3565060
3565100
3565380
3565410
3565460
3565650
3565690
3565700
3565720
3565880
3565990
3566060
3566070
3566180
3566200
3566720
3566730
3566840
3566850
3566930
3567030
3567040
3567050
3567350
3567580
3567620
3567660
3567940
3568290
3568300
3568460
3568550
3568800
3568830
3569160
3569170
3569180
3569190
3569200
3569210
3569220
3569230
3569400
3569430
3569500
3569510
3569570
3569590
3569670
3569680
3569690
3569950
3569980
3570000
3570030
3570040
3570060
3570070
3570160
3570210
3570230
3570280
3570340
3570360
3570370
3570400
3570430
3570450
3570560
3570850
3570940
3571560
3571650
3571660
3571690
3571710
3571750
3571840
3572020
3572210
3572220
3572230
3572240
3572250
3572260
3572270
3572280
3572290
3572300
3572410
3572440
3572450
3572460
3572470
3572480
3572490
3572500
3572510
3572520
3572580
3572640
3572690
3572770
3572820
3572890
3572930
3573000
3573020
3573040
3573050
3573070
3573110
3573180
3573210
3573260
3573430
3573460
3573700
3573850
3573860
3573920
3574160
3574320
3574610
3574670
3574730
3574800
3574850
3574890
3575260
3575290
3575300
3575390
3575600
3575730
3575790
3575830
3575930
3575960
3575980
3575990
3576060
3576110
3576250
3576420
3576430
3576460
3576520
3576590
3576630
3576690
3576700
3576870
3576880
3576960
3576980
3577000
3577060
3577250
3577630
3577680
3577720
3577730
3577740
3578060
3578120
3578240
3578290
3578480
3578520
3578580
3578610
3578620
3578630
3578640
3578650
3578710
3578720
3578740
3578770
3579020
3579050
3579100
3579270
3579290
3579720
3579760
3579770
3579780
3579790
3579800
3579810
3579820
3579830
3579920
3579960
3580010
3580110
3580130
3580160
3580210
3580220
3580340
3580580
3580630
3580660
3580670
3580680
3580690
3580700
3580710
3580720
3580730
3580740
3580750
3580770
3580790
3580800
3580810
3580820
3580830
3580850
3580860
3580870
3580880
3580900
3580910
3580920
3580930
3580940
3580950
3580960
3580970
3580980
3580990
3581000
3581010
3581020
3581050
3581200
3581210
3581280
3581290
3581300
3581310
3581320
3581330
3581340
3581380
3581390
3581400
3581410
3581420
3581430
3581440
3581450
3581460
3581470
3581480
3581510
3581600
3581680
3581980
3582020
3582130
3582180
3582250
3582340
3582350
3582420
3582440
3582590
3582640
3582780
3582790
3582800
3582830
3582850
3583010
3583060
3583170
3583200
3583210
3583310
3583330
3583540
3583650
3583660
3583780
3583790
3583800
3584020
3584070
3584100
3584120
3584190
3584360
3584390
3584490
3584910
3585000
3585080
3585120
3585210
3585220
3585230
3585310
3585400
3585460
3585630
3585650
3585680
3585800
3586060
3586070
3586180
3586200
3586280
3586360
3586380
3586410
3586420
3586480
3586520
3586530
3586650
3586660
3586740
3586750
3586820
3587090
3587140
3587260
3587280
3587380
3587490
3587610
3587750
3587760
3587780
3588030
3588040
3588130
3588260
3588310
3588460
3588490
3588580
3588590
3588630
3588660
3588910
3588920
3588950
3588970
3589010
3589280
3589350
3589510
3589540
3589570
3589800
3589940
3590020
3590120
3590200
3590330
3590400
3590540
3590620
3590760
3590770
3590780
3590790
3590830
3590970
3591040
3591090
3591240
3591360
3591400
3591440
3591500
3591660
3591680
3591940
3591970
3592000
3592040
3592060
3592070
3592090
3592130
3592140
3592170
3592210
3592240
3592300
3592310
3592340
3592350
3592390
3592470
3592490
3592510
3592600
3592790
3593000
3593130
3593410
3593490
3593520
3593600
3593650
3593780
3593910
3593940
3593980
3593990
3594000
3594120
3594170
3594190
3594210
3594280
3594430
3594470
3594590
3594600
3594630
3594640
3594780
3594870
3595010
3595230
3595270
3595280
3595440
3595460
3595490
3595700
3595800
3595900
3595950
3595960
3595980
3596100
3596180
3596190
3596270
3596370
3596490
3596500
3596510
3596700
3596770
3597020
3597180
3597480
3597580
3597590
3597690
3597700
3597710
3597840
3597880
3597930
3598130
3598250
3598340
3598560
3598600
3598640
3598720
3598990
3599040
3599070
3599220
3599390
3599470
3599480
3599510
3599670
3599990
3600040
3600070
3600150
3600350
3600610
3600620
3600670
3600690
3600700
3600710
3600840
3600860
3600940
3600960
3601070
3601120
3601130
3601190
3601390
3601420
3601450
3601700
3601710
3601730
3601790
3601840
3601980
3602030
3602120
3602190
3602290
3602300
3602420
3602430
3602570
3602600
3602720
3602820
3602880
3602970
3603100
3603110
3603340
3603530
3603540
3603570
3603580
3603590
3603660
3603690
3603770
3603820
3603940
3604030
3604110
3604140
3604190
3604220
3604230
3604260
3604320
3604430
3604510
3604520
3604550
3604560
3604780
3604800
3604960
3605120
3605440
3605450
3605460
3605480
3605490
3606150
3606160
3606320
3606360
3606450
3606580
3606610
3606670
3606750
3606830
3606890
3606910
3606920
3606960
3607120
3607190
3607290
3607370
3607430
3607490
3607500
3607540
3607760
3607770
3607790
3607850
3608510
3608680
3608970
3608980
3609080
3609150
3609170
3609190
3609200
3609210
3609220
3609230
3609240
3609260
3609580
3609640
3609750
3609760
3609900
3609920
3609930
3610170
3610200
3610380
3610630
3610940
3611530
3611680
3611690
3611810
3611950
3612060
3612080
3612090
3612120
3612130
3612220
3612230
3612240
3612250
3612260
3612460
3612480
3612620
3612640
3612720
3612850
3613010
3613040
3613180
3613270
3613420
3613610
3613770
3613830
3613910
3613940
3614100
3614160
3614210
3614220
3614250
3614440
3614460
3614570
3614600
3614660
3614690
3614720
3614750
3614760
3614770
3614780
3614790
3614800
3614820
3614830
3614840
3614850
3614860
3614870
3614880
3614930
3614960
3614980
3615080
3615160
3615360
3615380
3615480
3615570
3615790
3615840
3615920
3615930
3616000
3616070
3616230
3616320
3616450
3616550
3616560
3616630
3616910
3616940
3616960
3617020
3617040
3617110
3617200
3617260
3617320
3617420
3617430
3617490
3617560
3617570
3617600
3617620
3617820
3617930
3618070
3618200
3618390
3618400
3618470
3618520
3618700
3618760
3618880
3619240
3619310
3619420
3619760
3619980
3620020
3620060
3620120
3620430
3620440
3620510
3620560
3620570
3620600
3620740
3620780
3620830
3620880
3621050
3621150
3621170
3621260
3621290
3621400
3621410
3621440
3621660
3621700
3621870
3622250
3622260
3622290
3622420
3622450
3622460
3622490
3622510
3622640
3622760
3622820
3623060
3623080
3623120
3623280
3623330
3623410
3623430
3623480
3623490
3623500
3623550
3623570
3623590
3623660
3623670
3623790
3623890
3624020
3624370
3624390
3624520
3624580
3624590
3624750
3624760
3624860
3624920
3624980
3624990
3625000
3625110
3625210
3625270
3625380
3625550
3625600
3625610
3625630
3625660
3625740
3625890
3625900
3625950
3625970
3625990
3626060
3626090
3626100
3626160
3626480
3626520
3626600
3626610
3626650
3626750
3626800
3626820
3627080
3627100
3627140
3627340
3627450
3627570
3627790
3627950
3628000
3628060
3628070
3628380
3628520
3628530
3628580
3628630
3628760
3628840
3628920
3628950
3628960
3629050
3629080
3629160
3629180
3629210
3629290
3629360
3629370
3629400
3629470
3629550
3629560
3629570
3629750
3629780
3630110
3630310
3630410
3630870
3630910
3631170
3631250
3631290
3631500
3631560
3631580
3631620
3631830
3631850
3631890
3632010
3632040
3632200
3632280
3632530
3632570
3632680
3632780
3632910
3632920
3632970
3633120
3633140
3633180
3633250
3633410
3633420
3633450
3633530
3633580
3633640
3633740
3633770
3633810
3634010
3634180
3634210
3634340
3634370
3634460
3634520
3634590
3634660
3634720
3634750
3634770
3634800
3634870
3635220
3635230
3635280
3635710
3635960
3636060
3636070
3636120
3636230
3636300
3636320
3636440
3636470
3636500
3636530
3636780
3636840
3636860
3636960
3637000
3637170
3637180
3637280
3637540
3637730
3637770
3637800
3637930
3637980
3638180
3638410
3638420
3638460
3638470
3638580
3638630
3638910
3639000
3639040
3639100
3639120
3639160
3639190
3639220
3639240
3639250
3639280
3639380
3639500
3639520
3639550
3639650
3639750
3639780
3639970
3640040
3640180
3640630
3640740
3640770
3640960
3641720
3641740
3641940
3641990
3642110
3642180
3642370
3642560
3642600
3642660
3642710
3642750
3642810
3642860
3643070
3643170
3643330
3643630
3643660
3643900
3643910
3644040
3644070
3644110
3644120
3644200
3644210
3644260
3644550
3644570
3644580
3644590
3644610
3644780
3644790
3644860
3644940
3644970
3644980
3645040
3645090
3645240
3645280
3645300
3645310
3645430
3645460
3645470
3645550
3645560
3645570
3645630
3645660
3645700
3645720
3645780
3645820
3645890
3646280
3646380
3646460
3646510
3646560
3646640
3646650
3646860
3647050
3647090
3647380
3647400
3647480
3647600
3647690
3647900
3647960
3648150
3648180
3648220
3648240
3648260
3648370
3648400
3648420
3648440
3648450
3648540
3648550
3648660
3648790
3648910
3649130
3649160
3649220
3649350
3649480
3649490
3649580
3649700
3649730
3649750
3649900
3649920
3650050
3650100
3650160
3650450
3650550
3650600
3650620
3650650
3650690
3651010
3651020
3651080
3651170
3651300
3651310
3651320
3651450
3651480
3651490
3651560
3651570
3651710
3651720
3651940
3652040
3652200
3652230
3652460
3652490
3652500
3652510
3652610
3652650
3652660
3652820
3652960
3652980
3653050
3653070
3653080
3653090
3653100
3653140
3653150
3653160
3653170
3653250
3653260
3653320
3653390
3653460
3653510
3653590
3653600
3653610
3653710
3653820
3653840
3653910
3653960
3653970
3653990
3654030
3654040
3654060
3654080
3654130
3654390
3654560
3654800
3654850
3654880
3655150
3655210
3655230
3655240
3655380
3655390
3655420
3655520
3655580
3655720
3655890
3655910
3655930
3655960
3656100
3656220
3656360
3656400
3656420
3656480
3656660
3656680
3656690
3656800
3656850
3656860
3656870
3656880
3656890
3656900
3656910
3656920
3656930
3656940
3656950
3657030
3657100
3657180
3657210
3657290
3657450
3657530
3658160
3658600
3658620
3658670
3658800
3658820
3659020
3659150
3659180
3659280
3659410
3659780
3659920
3659940
3659980
3659990
3660060
3660080
3660090
3660100
3660110
3660210
3660220
3660320
3660520
3660580
3660600
3660700
3660790
3660800
3660810
3661380
3661540
3661630
3661670
3662130
3662140
3662150
3662180
3662270
3662280
3662290
3662300
3662310
3662320
3662330
3662340
3662350
3662360
3662370
3662380
3662390
3662400
3662410
3662420
3662430
3662440
3662450
3662460
3662490
3662500
3662510
3662520
3662530
3662540
3662550
3662560
3662570
3662610
3662630
3662640
3662650
3662660
3662670
3662690
3662700
3662710
3662720
3662730
3662790
3662800
3662810
3662830
3662840
3662860
3662870
3662880
3662890
3662900
3662910
3662920
3662930
3662940
3662950
3662960
3662970
3662980
3662990
3663000
3663010
3663020
3663030
3663040
3663050
3663060
3663070
3663090
3663110
3663130
3663150
3663160
3663170
3663180
3663190
3663200
3663210
3663220
3663230
3663240
3663250
3663260
3663270
3663280
3663300
3663310
3663320
3663330
3663340
3663350
3663380
3663390
3663400
3663410
3663420
3663430
3663440
3663450
3663460
3663470
3663480
3663490
3663500
3663510
3663520
3663530
3663540
3663560
3663570
3663580
3663600
3663610
3663620
3663640
3663650
3663660
3663670
3663680
3663690
3663700
3663800
3663810
3663820
3663830
3663840
3663850
3663860
3663870
3663880
3663980
3664010
3664100
3664160
3664250
3664470
3664490
3664810
3664820
3664890
3664950
3665110
3665120
3665300
3665380
3665460
3665660
3665740
3665800
3665840
3665900
3665930
3665970
3666080
3666130
3666160
3666200
3666460
3666470
3666590
3666630
3666640
3666670
3666700
3667070
3667120
3667230
3667390
3667510
3667530
3667610
3667630
3667680
3667720
3668080
3668180
3668270
3668370
3668420
3668520
3668550
3668560
3668590
3668640
3668740
3668750
3668760
3668770
3668800
3668840
3668860
3668910
3668950
3668990
3669050
3669060
3669280
3669330
3669380
3669450
3669530
3669540
3669570
3669690
3669720
3669740
3669780
3669900
3669940
3670010
3670140
3670750
3670820
3670880
3671060
3671400
3671550
3671580
3671710
3671800
3671830
3671910
3671980
3672090
3672100
3672110
3672270
3672300
3672400
3672420
3672440
3672470
3672500
3672540
3672720
3672740
3672900
3673060
3673150
3673180
3673220
3673360
3673460
3673550
3673660
3673900
3673920
3673980
3674050
3674140
3674170
3674270
3674920
3674980
3675020
3675110
3675130
3675150
3675160
3675210
3675290
3675300
3675400
3675470
3675500
3675570
3675930
3676110
3676240
3676260
3676330
3676450
3676460
3676490
3676510
3676590
3676600
3676610
3676850
3676960
3677020
3677290
3677520
3677620
3677950
3677960
3678110
3678130
3678160
3678270
3678280
3678290
3678300
3678560
3678750
3678810
3678840
3678860
3678870
3678920
3678970
3679080
3679100
3679330
3679350
3679360
3679380
3679390
3679440
3679690
3679930
3680040
3680080
3680410
3680510
3680640
3680670
3680900
3681010
3681140
3681160
3681280
3681370
3681410
3681420
3681430
3681480
3681580
3681760
3681810
3681820
3681940
3682050
3682070
3682080
3682360
3682400
3682440
3682530
3682700
3682760
3682910
3683010
3683040
3683160
3683410
3683700
3683730
3683750
3683850
3683960
3683980
3684340
3684410
3684500
3684610
3684690
3684700
3684710
3684740
3684820
3684830
3684860
3685160
3685170
3685340
3685540
3685740
3685830
3685850
3686080
3686110
3686170
3686200
3686480
3686580
3686730
3686840
3686920
3686930
3686940
3687020
3687050
3687110
3687170
3687320
3687420
3687580
3687600
3687630
3687690
3687730
3687740
3687810
3687910
3687990
3688120
3688150
3688250
3688310
3688410
3688420
3688460
3688470
3688480
3688540
3688740
3688790
3688870
3688880
3688940
3689060
3689090
3689140
3689200
3689390
3689510
3689520
3689530
3689550
3689560
3689630
3689660
3689670
3689680
3689830
3689850
3690010
3690030
3690130
3690250
3690260
3690270
3690380
3690420
3690460
3690470
3690490
3690530
3690570
3690630
3690720
3690750
3690760
3690840
3690860
3690900
3691000
3691300
3691330
3691420
3691540
3691640
3691680
3691730
3691760
3692010
3692070
3692100
3692180
3692240
3692260
3692480
3692490
3692660
3692890
3693030
3693260
3693350
3693580
3693590
3693650
3693720
3693730
3694020
3694050
3694260
3694330
3694470
3694480
3694590
3694720
3694840
3695570
3695970
3695990
3696000
3696090
3696180
3696410
3696700
3697150
3697240
3697340
3697560
3697660
3697680
3697690
3697700
3697710
3697720
3697760
3697890
3697950
3698020
3698030
3698040
3698050
3698060
3698250
3698360
3698600
3698640
3698680
3698720
3699090
3699150
3699290
3699310
3699380
3699450
3699650
3699660
3699690
3699940
3699950
3699970
3700050
3700210
3700250
3700280
3700370
3700410
3700450
3700470
3700580
3700590
3700760
3700820
3700830
3700840
3700910
3701000
3701160
3701300
3701320
3701380
3701770
3701980
3702020
3702300
3702310
3702320
3702510
3702730
3702930
3702960
3703090
3703160
3703180
3703280
3703380
3703530
3703660
3703690
3703770
3703780
3703870
3703930
3703940
3703970
3704000
3704160
3704300
3704810
3704930
3704940
3704970
3705000
3705010
3705260
3705300
3705380
3705430
3705480
3705490
3705640
3705690
3706040
3706100
3706240
3706300
3706400
3706430
3706440
3706510
3706590
3706640
3706720
3706810
3706960
3707030
3707110
3707140
3707370
3707400
3707550
3707610
3707620
3707660
3707780
3707810
3708130
3708180
3708260
3708270
3708470
3708560
3708660
3709000
3709160
3709170
3709230
3709240
3709280
3709430
3709490
3709600
3709640
3709650
3709690
3709810
3709830
3709910
3709950
3709980
3710060
3710290
3710300
3710360
3710450
3710480
3710620
3710770
3710840
3710880
3710930
3710990
3711030
3711060
3711090
3711350
3711360
3711410
3711460
3711590
3711830
3711950
3712020
3712210
3712270
3712340
3712910
3712960
3713000
3713200
3713210
3713260
3713300
3713380
3713410
3713470
3713480
3713490
3713730
3713820
3713940
3714070
3714180
3714370
3714460
3714470
3714550
3714600
3714700
3714790
3714960
3715020
3715350
3715390
3715480
3715540
3715610
3715630
3715730
3715820
3715880
3715980
3716160
3716280
3716310
3716370
3716600
3716650
3716700
3716780
3716850
3716890
3716930
3716950
3716980
3717070
3717210
3717220
3717230
3717250
3717270
3717330
3717340
3717410
3718020
3718080
3718290
3718530
3718550
3718660
3718750
3718790
3718870
3718880
3719080
3719100
3719120
3719380
3719890
3719970
3720070
3720110
3720340
3720420
3720460
3720510
3720550
3720670
3720810
3720820
3720830
3720850
3720920
3720950
3720970
3720990
3721080
3721090
3721180
3721250
3721350
3721490
3721500
3721560
3721570
3721650
3721660
3721760
3721890
3721930
3721940
3721950
3721960
3721970
3722040
3722070
3722150
3722400
3722440
3722570
3722600
3722760
3722840
3722890
3723160
3723350
3723410
3723470
3723480
3723550
3723560
3723610
3723680
3723720
3723730
3723940
3724310
3724340
3724400
3724480
3724490
3724540
3724560
3724570
3724650
3724800
3724870
3724980
3725070
3725250
3725310
3725350
3725360
3725450
3725750
3725770
3725860
3725910
3725940
3726010
3726170
3726190
3726210
3726250
3726350
3726400
3726480
3726700
3726770
3727150
3727240
3727810
3727830
3728080
3728320
3728400
3728690
3728960
3729020
3729330
3729520
3729730
3729770
3730100
3730300
3730580
3730600
3730670
3730720
3730730
3730790
3730960
3731010
3731020
3731130
3731150
3731240
3731350
3731430
3731570
3731580
3731610
3731650
3731660
3731670
3731680
3731770
3732040
3732050
3732100
3732150
3732190
3732400
3732440
3732490
3732570
3732580
3732620
3732840
3732960
3733100
3733120
3733230
3733300
3733440
3733510
3733590
3733620
3733650
3733670
3733730
3733830
3733920
3734050
3734140
3734200
3734290
3734310
3734470
3734520
3734630
3734640
3734680
3734730
3734880
3734890
3734980
3735120
3735190
3735310
3735320
3735350
3735400
3735510
3735880
3735890
3735970
3736150
3736520
3736550
3736560
3736860
3737190
3737330
3737370
3737570
3737620
3737700
3737860
3737960
3738180
3738190
3738260
3738330
3738570
3738610
3738620
3738630
3738660
3738910
3738940
3738950
3739090
3739190
3739210
3739230
3739360
3739370
3739420
3739610
3739700
3739730
3739820
3739860
3740040
3740050
3740060
3740070
3740500
3740920
3740990
3741250
3741350
3741430
3741450
3741790
3741860
3741870
3741900
3741910
3742080
3742110
3742120
3742380
3742390
3742400
3742410
3742430
3742440
3742450
3742460
3742470
3742480
3742500
3742510
3742520
3742530
3742560
3742570
3742580
3742590
3742600
3742630
3742640
3742820
3742830
3742860
3742910
3743010
3743030
3743060
3743110
3743220
3743300
3743320
3743330
3743430
3743460
3743590
3743640
3743750
3743790
3743830
3743920
3744220
3744310
3744430
3744480
3744880
3744900
3744910
3744990
3745030
3745040
3745130
3745270
3745420
3745510
3746060
3746110
3746210
3746260
3746490
3746870
3746950
3746980
3747040
3747060
3747140
3747300
3747360
3747740
3747970
3748070
3748090
3748230
3748390
3748400
3748420
3748440
3748640
3748660
3748670
3748680
3748690
3748740
3748790
3748960
3749270
3749330
3749540
3749550
3749780
3749880
3749980
3750180
3750200
3750430
3750460
3750660
3750840
3751070
3751110
3751150
3751210
3751440
3751470
3751690
3751730
3751810
3751890
3751930
3752210
3752220
3752490
3752500
3752510
3752540
3752870
3752950
3753010
3753060
3753250
3753360
3753630
3753680
3753910
3754300
3754330
3754430
3754500
3754700
3754820
3754960
3754990
3755320
3755360
3755440
3755670
3755730
3755860
3755920
3756010
3756020
3756170
3756190
3756260
3756360
3756520
3756640
3757060
3757110
3757130
3757210
3757310
3757470
3757530
3757540
3757560
3757820
3757830
3757960
3758390
3758430
3758460
3758630
3758650
3758970
3759140
3759180
3759320
3759330
3759410
3759550
3759570
3759590
3759600
3759780
3759910
3760160
3760180
3760230
3760300
3760560
3760610
3760700
3760760
3760780
3760820
3760890
3761500
3761570
3761580
3761650
3761720
3761740
3761760
3761780
3761810
3761830
3761880
3761910
3761940
3762030
3762080
3762210
3762280
3762500
3762510
3762550
3762650
3762780
3763110
3763150
3763260
3763320
3763340
3763530
3763570
3763690
3763700
3763770
3763820
3764120
3764130
3764200
3764230
3764250
3764330
3764350
3764390
3764410
3764420
3764450
3764460
3764490
3764530
3764880
3764890
3765100
3765150
3765230
3765250
3765320
3765460
3765540
3765590
3765650
3765710
3765780
3765800
3765830
3766020
3766110
3766160
3766170
3766210
3766510
3766590
3766920
3767360
3767700
3767740
3768020
3768030
3768060
3768170
3768360
3768370
3768420
3768490
3768580
3768660
3768760
3768840
3769120
3769130
3769330
3769520
3769710
3769940
3769970
3769980
3770040
3770120
3770180
3770240
3770250
3770440
3770560
3770710
3770980
3771230
3771250
3771270
3771390
3771570
3771610
3771740
3771850
3771890
3772010
3772080
3772100
3772240
3772330
3772400
3772440
3772480
3772550
3772730
3772810
3772880
3772910
3773340
3773380
3773390
3773560
3773590
3773700
3773810
3773820
3773840
3773950
3774080
3774300
3774380
3774440
3774470
3774560
3774940
3775050
3775540
3775570
3775610
3776340
3776350
3776670
3776790
3776860
3776910
3777000
3777020
3777060
3777150
3777270
3777380
3777550
3777730
3777740
3777870
3778020
3778100
3778380
3778410
3778770
3779170
3779190
3779340
3779380
3779390
3779480
3779500
3779540
3779600
3779890
3779910
3779920
3780030
3780060
3780110
3780610
3780670
3780950
3780980
3781010
3781190
3781400
3781460
3781500
3781950
3781990
3782030
3782120
3782200
3782290
3782910
3782920
3782960
3783140
3783170
3783210
3783300
3783370
3783480
3783510
3783540
3783570
3783860
3784020
3784030
3784580
3784690
3784810
3784880
3784940
3784950
3784960
3785130
3785560
3785590
3785690
3785720
3785750
3785780
3786030
3786040
3786150
3786540
3786560
3786650
3786750
3786930
3787020
3787220
3787430
3787490
3787530
3787560
3787960
3788010
3788190
3788200
3788420
3788760
3788940
3789020
3789120
3789130
3789280
3789310
3789670
3789880
3789950
3790120
3790230
3790240
3790550
3790760
3790770
3790800
3791020
3791070
3791390
3791560
3791600
3791610
3792080
3792100
3792360
3792430
3792670
3793510
3793540
3793580
3793740
3793750
3793790
3793930
3793940
3793980
3794030
3794060
3794270
3794300
3794330
3794410
3794440
3794450
3794560
3794610
3794770
3794810
3794930
3795110
3795220
3795260
3795270
3795370
3795560
3795690
3795750
3795760
3795890
3795920
3795950
3796060
3796070
3796260
3796270
3796290
3796360
3796610
3796630
3796960
3797340
3797390
3797840
3798230
3798310
3798540
3798550
3798590
3799100
3799290
3799320
3799470
3799840
3800140
3800230
3800340
3800640
3800670
3800800
3800850
3800870
3800900
3801060
3801270
3801290
3801320
3801490
3801500
3801520
3801530
3801570
3801620
3801770
3801840
3801900
3801920
3801930
3802110
3802160
3802260
3802400
3802470
3802800
3802810
3802820
3802900
3803080
3803180
3803780
3803810
3803860
3803930
3804040
3804180
3804190
3804400
3804490
3804750
3804850
3804890
3804920
3804990
3805410
3805420
3805690
3805710
3806090
3806300
3806370
3806460
3806550
3806560
3806570
3807320
3807440
3807520
3807550
3807570
3807670
3807720
3807760
3807810
3807920
3807940
3808010
3808080
3808670
3808730
3808860
3808920
3809060
3809070
3809110
3809180
3809350
3809410
3809440
3809570
3809600
3809620
3809630
3809740
3809760
3809860
3809870
3809890
3809900
3810030
3810140
3810920
3811140
3811150
3811160
3811170
3811180
3811190
3811200
3811350
3811380
3811390
3811400
3811420
3811560
3811580
3811670
3811760
3811790
3811810
3811880
3811980
3812000
3812030
3812080
3812230
3812250
3812280
3812360
3812660
3813130
3813200
3813260
3813280
3813330
3813350
3813380
3813400
3813470
3813480
3813550
3813570
3813590
3813660
3813710
3813810
3813860
3813980
3814010
3814040
3814100
3814130
3814250
3814340
3814430
3814560
3814570
3814610
3814650
3814660
3814830
3814970
3815000
3815050
3815160
3815510
3815530
3815710
3815750
3815930
3815940
3815950
3815960
3815990
3816010
3816070
3816170
3816190
3816450
3816550
3816700
3816890
3816930
3817090
3817110
3817570
3817730
3817760
3817860
3817900
3817910
3817940
3817980
3818000
3818010
3818230
3818380
3818570
3818610
3818640
3818700
3818810
3818900
3818910
3819110
3819200
3819310
3819380
3819450
3819640
3820090
3820130
3820320
3820390
3820430
3820630
3820830
3820910
3820960
3821150
3821160
3821350
3821470
3821780
3821790
3821860
3821890
3821900
3822270
3822300
3822820
3822960
3822990
3823000
3823050
3823230
3823290
3823300
3823390
3823400
3823410
3823440
3823450
3823460
3823490
3823560
3823590
3823680
3823710
3823800
3823840
3823920
3824080
3824100
3824490
3825240
3825620
3825630
3825650
3825660
3825690
3825720
3826060
3826100
3826210
3826300
3826560
3826580
3826860
3826930
3827150
3827340
3827370
3827510
3827600
3827830
3827840
3827850
3828270
3828280
3828350
3828490
3828520
3828600
3828630
3828640
3828650
3828660
3828700
3828730
3828800
3828830
3828850
3828900
3829070
3829130
3829300
3829430
3829570
3829880
3830060
3830160
3830210
3830450
3830500
3830560
3830690
3830780
3830810
3830880
3830920
3830980
3831090
3831120
3831230
3831350
3831370
3831510
3831660
3831940
3831990
3832000
3832290
3832400
3832630
3832720
3832740
3832790
3833100
3833120
3833130
3833190
3833210
3833800
3833930
3834090
3834120
3834260
3834370
3834640
3834710
3834840
3834880
3834890
3834900
3834980
3835010
3835040
3835170
3835290
3835420
3835500
3835880
3835960
3835980
3836060
3836080
3836390
3836520
3836960
3836980
3837030
3837080
3837100
3837230
3837300
3837340
3837380
3837390
3837430
3837530
3837620
3837630
3837690
3837800
3837970
3838120
3838170
3838280
3838290
3838370
3838740
3838750
3839590
3839600
3839620
3839660
3839710
3839810
3839850
3839870
3839930
3840320
3840490
3840520
3840810
3840890
3841010
3841040
3841160
3841220
3841280
3841370
3841440
3841650
3841830
3841970
3842290
3842300
3842340
3842470
3842580
3842680
3842700
3842740
3842960
3843100
3843120
3843270
3843350
3843370
3843400
3843530
3843540
3843680
3843700
3843830
3843850
3844030
3844090
3844180
3844200
3844220
3844330
3844970
3845440
3845590
3845600
3845630
3845640
3845820
3845830
3846030
3846050
3846080
3846190
3846240
3846280
3846620
3847040
3847090
3847180
3848000
3848180
3848490
3848510
3848570
3848610
3848620
3848860
3849090
3849380
3849430
3849740
3850130
3850220
3850280
3850480
3850520
3850560
3850610
3850620
3850870
3851060
3851220
3851430
3851570
3851650
3851890
3851950
3851990
3852000
3852060
3852340
3852410
3852580
3852770
3853040
3853070
3853110
3853120
3853330
3853400
3853500
3853520
3853640
3853830
3853960
3854020
3854050
3854200
3854330
3854410
3854520
3854650
3854660
3854880
3855000
3855050
3855140
3855190
3855380
3855540
3855580
3855590
3855620
3855690
3855750
3855840
3855990
3856010
3856040
3856050
3856120
3856150
3856310
3856440
3856450
3856650
3857000
3857070
3857120
3857140
3857420
3857590
3857670
3857740
3857770
3857870
3857880
3857950
3858250
3858370
3858410
3858510
3858560
3858570
3858650
3858680
3858850
3858990
3859590
3859910
3859930
3859970
3860040
3860080
3860100
3860140
3860150
3860200
3860230
3860270
3860430
3860590
3860650
3860730
3860780
3860920
3861030
3861120
3861170
3861190
3861280
3861290
3861330
3861360
3861430
3861450
3861500
3861590
3861600
3861770
3861980
3862340
3862440
3862520
3862640
3862650
3862660
3862670
3862690
3862760
3862920
3862930
3863130
3863300
3863390
3863600
3863620
3863640
3863680
3863710
3864010
3864060
3864070
3864310
3864360
3864530
3864890
3865150
3865340
3865410
3865470
3865540
3865970
3866320
3866430
3866660
3866730
3866920
3867010
3867040
3867050
3867230
3867390
3867950
3867960
3868110
3868220
3868270
3868300
3868310
3868320
3868400
3868590
3868720
3868730
3868770
3868930
3869020
3869240
3869490
3869660
3869680
3869690
3869980
3870030
3870100
3870120
3870300
3870310
3870440
3870580
3870960
3871600
3871630
3872000
3872110
3872380
3872900
3872920
3872930
3873110
3873130
3873170
3873220
3873380
3873400
3873470
3873620
3873700
3873970
3873980
3874330
3874440
3874470
3874690
3874760
3874920
3874950
3875020
3875100
3875630
3875840
3875920
3875940
3876090
3876120
3876170
3876180
3876470
3876530
3876660
3876670
3876680
3876840
3876870
3877010
3877060
3877410
3877790
3878290
3878510
3878590
3878660
3878670
3878680
3878830
3879060
3879250
3879300
3879370
3879400
3879490
3879530
3879620
3879660
3879730
3879810
3879860
3879870
3879890
3879920
3879950
3880080
3880150
3880210
3880220
3880250
3880360
3880640
3880650
3880670
3880680
3880700
3881560
3881820
3882280
3882310
3882350
3882730
3882740
3882820
3882830
3883240
3883250
3883360
3883420
3883760
3883830
3884150
3884450
3884460
3884520
3884700
3884730
3884820
3885070
3885240
3885590
3885860
3885930
3885970
3886050
3886310
3886520
3886770
3886790
3886870
3886920
3887110
3887460
3887500
3887580
3887600
3887680
3887720
3887760
3887790
3887900
3888270
3888510
3888580
3888790
3889080
3889420
3889950
3889960
3890170
3890210
3890270
3890570
3891120
3891140
3891230
3891310
3891360
3891620
3891720
3891800
3891810
3891990
3892190
3892210
3892270
3892470
3892750
3892780
3893080
3893210
3893300
3893400
3893500
3893690
3893770
3893830
3893840
3893850
3893940
3894150
3894170
3894560
3894590
3894730
3894860
3894950
3895060
3895180
3895360
3896110
3896320
3896760
3896890
3896970
3897450
3897800
3897890
3898000
3898290
3898450
3898530
3898750
3898860
3898880
3898890
3898980
3899010
3899040
3899160
3899260
3899280
3899300
3899510
3899540
3899620
3899660
3900500
3900620
3900650
3900660
3901600
3901780
3901890
3901910
3901990
3902060
3902110
3902390
3902400
3902430
3902490
3902520
3902610
3902660
3902680
3902690
3902830
3903190
3903430
3903490
3903620
3903650
3903750
3903800
3903830
3904000
3904800
3904810
3904990
3905040
3905080
3905340
3905430
3905440
3905590
3905720
3906220
3906660
3906770
3906930
3907050
3907210
3907540
3907610
3907660
3907790
3907880
3908190
3908200
3908660
3908810
3908900
3908920
3909070
3909220
3909290
3909500
3909570
3909690
3909960
3910390
3910610
3910720
3911080
3911340
3911560
3911950
3912310
3912380
3912420
3912430
3912590
3913380
3913480
3913560
3914000
3914190
3914270
3914410
3914590
3914680
3915030
3915050
3915140
3915180
3915190
3915200
3915220
3915230
3915320
3915610
3915670
3915970
3916180
3916230
3916570
3916580
3916620
3917000
3917010
3917090
3917190
3917330
3917620
3917840
3917950
3917990
3918000
3918090
3918160
3918180
3918190
3918230
3918340
3918380
3918410
3918490
3918500
3918560
3918620
3918850
3918860
3918890
3918960
3919190
3919200
3919230
3919350
3919420
3919450
3919470
3919530
3919820
3919860
3919920
3920170
3920180
3920200
3920420
3920460
3920610
3921150
3921180
3921190
3921240
3921360
3921440
3921530
3921640
3921850
3922040
3922100
3922310
3922340
3922710
3922750
3922920
3923080
3923160
3923240
3923600
3923640
3923680
3923750
3923980
3924180
3924190
3924220
3924300
3924700
3924900
3925220
3925410
3925760
3926040
3926150
3926160
3926730
3926770
3927150
3927260
3927630
3927740
3928000
3928070
3928560
3928680
3928770
3928800
3928970
3929150
3929200
3929230
3929250
3929400
3929490
3929580
3929610
3929690
3929740
3929760
3929770
3929970
3930100
3930300
3930550
3931250
3931880
3931970
3932140
3932350
3932600
3932620
3932850
3932890
3932980
3932990
3933200
3933320
3933610
3933690
3934020
3934200
3934320
3934520
3934680
3934870
3934900
3935800
3935960
3936260
3936410
3936590
3936620
3936700
3936730
3937120
3937350
3937360
3937380
3937460
3937550
3937810
3938170
3938200
3938210
3938250
3938670
3938850
3939100
3939240
3939330
3939510
3939610
3939700
3940220
3940990
3941460
3941500
3941760
3941770
3941790
3941850
3942200
3942480
3942530
3942640
3942700
3942710
3942890
3943260
3943400
3943440
3943720
3943750
3943880
3943970
3944010
3944020
3944410
3945530
3945540
3945940
3945950
3946110
3946230
3946300
3946740
3946810
3946830
3947030
3947300
3947480
3947500
3947730
3948120
3948510
3948530
3948550
3948580
3948690
3948840
3948980
3949040
3949080
3949190
3949730
3949740
3949750
3949900
3950020
3950050
3950150
3950190
3950280
3950490
3950640
3950770
3951230
3951430
3951650
3951780
3951970
3952290
3952680
3952760
3952880
3952930
3952960
3953050
3953180
3953520
3953720
3953850
3954080
3954100
3954300
3954370
3954630
3955540
3955550
3956070
3956320
3956340
3956480
3956790
3956890
3957040
3957140
3957320
3957450
3957480
3958040
3958240
3958250
3958860
3959000
3959100
3959110
3959440
3959590
3959660
3959890
3959930
3959960
3959980
3960750
3960940
3961110
3961540
3961630
3961710
3961740
3962020
3962070
3962150
3962400
3963230
3963390
3963410
3963420
3963950
3964010
3964050
3964220
3964530
3964600
3964710
3964730
3965520
3965660
3965810
3965840
3966030
3966370
3966480
3966660
3966830
3966840
3967470
3968810
3968980
3969010
3969160
3969310
3970070
3970110
3970750
3971170
3971310
3971470
3971880
3972370
3972390
3972440
3972520
3972570
3972650
3972690
3975330
3975500
3975510
3975930
3975950
3976110
3976400
3976500
3976880
3976890
3976900
3976910
3977070
3977270
3977280
3977520
3977740
3977780
3977900
3977940
3978320
3978700
3979220
3979310
3979330
3979790
3980000
3980710
3980820
3981100
3981230
3981660
3981670
3981720
3982130
3982310
3983520
3983810
3983920
3984730
3984910
3984920
3984960
3985240
3985500
3985670
3985830
3985920
3985950
3986720
3987020
3987220
3987560
3987800
3987810
3988370
3988570
3988670
3988920
3989480
3989810
3989960
3990310
3990320
3990800
3990820
3990950
3990990
3991060
3991640
3991720
3992260
3992810
3993380
3993450
3993510
3993620
3993810
3993830
3994260
3994420
3994440
3994530
3994640
3994750
3994780
3995000
3995110
3995700
3995950
3996090
3996150
3996450
3996650
3997180
3997270
3997360
3997610
3997630
3997900
3998260
3998630
3998800
3998870
3998890
3998910
3999390
3999440
3999540
3999740
3999860
4000030
4000060
4000090
4001130
4001380
4001580
4001600
4001730
4001970
4002060
4003010
4003210
4003500
4003990
4004270
4005020
4005300
4005510
4005520
4005560
4005600
4005990
4006150
4006210
4006400
4007300
4007340
4007430
4007520
4007690
4007700
4008150
4008340
4008720
4008960
4009730
4009900
4009970
4010140
4010810
4012470
4012840
4013190
4013320
4013330
4013440
4013450
4013460
4013680
4014000
4014150
4014480
4014680
4014760
4015260
4015300
4015330
4015530
4016120
4016550
4016600
4016630
4016670
4016750
4017170
4017820
4017920
4017960
4018200
4018430
4018660
4018850
4019610
4019860
4019870
4020030
4020670
4020850
4020970
4021230
4021310
4021320
4021330
4021380
4021390
4021770
4021780
4021870
4021880
4022010
4022150
4022490
4022500
4022730
4022770
4022830
4023100
4023460
4024070
4024300
4024430
4024610
4024660
4024720
4024900
4025280
4025330
4025520
4025700
4025760
4025970
4026180
4026230
4026690
4027490
4027660
4028160
4028280
4028310
4028600
4028620
4028640
4028870
4029020
4029300
4029480
4030120
4030290
4030740
4030870
4031100
4031490
4031650
4032520
4032710
4032770
4033080
4033120
4033310
4033430
4034970
4035130
4035270
4035300
4035570
4035820
4035990
4036540
4036850
4037090
4037180
4037500
4037830
4037900
4038000
4038170
4038320
4038350
4038370
4038550
4038780
4038930
4038990
4039080
4039310
4039470
4039780
4039800
4039810
4039840
4039890
4040840
4041110
4041240
4041630
4041870
4041940
4042220
4042600
4042800
4042990
4043030
4045140
4045150
4045190
4045540
4045770
4045860
4046140
4046550
4046590
4046850
4047180
4048000
4048010
4048160
4048300
4048550
4048740
4049320
4049770
4049900
4050600
4051310
4051390
4052180
4052250
4052860
4053000
4053340
4054090
4054370
4054530
4054680
4054980
4055790
4055860
4056350
4056480
4056720
4056960
4056970
4057050
4057940
4058160
4059360
4059530
4059840
4059860
4060330
4060720
4061890
4062330
4062800
4062830
4062930
4063760
4063960
4064510
4064550
4064600
4065050
4065070
4065090
4065190
4065270
4065480
4065550
4065770
4066610
4066620
4066790
4067070
4067120
4067130
4067540
4068510
4068910
4069100
4069480
4069520
4070490
4070590
4070790
4071040
4071080
4071100
4071630
4071760
4071830
4072010
4072170
4072300
4072380
4072680
4072690
4072700
4072790
4073560
4073620
4074140
4074320
4074460
4075080
4075120
4075260
4075280
4075290
4077020
4077160
4077960
4078030
4078090
4078200
4078260
4078290
4078520
4078920
4079330
4079430
4080810
4081190
4081740
4082070
4082620
4082750
4082950
4083190
4083350
4083520
4083770
4083980
4084510
4084640
4084730
4085070
4085080
4085090
4085110
4085120
4085130
4085240
4086770
4086970
4087010
4087980
4088000
4089470
4089600
4090250
4093190
4093400
4093930
4093940
4094040
4095640
4096800
4098660
4098760
4099310
4100560
4100570
4100580
4100940
4101680
4102090
4102950
4103060
4103530
4103550
4103710
4104030
4104120
4104440
4104530
4105240
4105670
4106230
4106980
4107120
4107260
4107470
4107970
4108760
4109740
4110100
4110360
4110510
4111260
4111370
4111380
4112220
4112570
4112640
4112790
4112810
4112890
4113180
4113250
4113260
4113470
4113920
4114070
4114350
4114590
4115050
4115180
4115350
4117080
4117150
4117820
4118140
4118800
4118810
4118920
4119070
4119350
4119390
4119830
4119840
4119870
4120000
4121160
4121170
4122320
4122730
4122860
4122990
4123140
4123780
4123890
4123920
4124170
4124750
4124880
4124950
4125160
4125690
4125930
4126050
4126220
4126480
4126660
4126800
4127140
4127310
4127470
4127490
4127820
4128310
4128370
4128400
4128470
4128580
4128590
4128630
4128660
4128970
4129000
4129530
4129550
4129640
4130010
4130810
4130990
4131140
4131510
4131560
4131920
4132080
4132370
4133890
4133950
4134510
4135280
4135750
4135880
4135950
4137460
4137570
4137640
4137770
4137880
4138570
4138820
4138970
4139720
4139810
4139910
4140140
4140430
4140730
4141040
4141620
4141770
4141950
4142300
4142500
4142570
4142630
4142980
4143020
4143170
4143350
4143610
4143670
4144120
4144180
4144390
4144750
4144940
4145170
4145190
4145320
4145450
4145700
4146070
4146300
4147140
4147380
4147740
4147820
4147930
4148100
4148210
4148240
4148280
4148530
4148570
4148670
4149620
4149960
4150280
4150570
4152060
4152710
4152840
4152890
4152930
4153470
4153520
4153560
4154590
4154800
4154970
4155010
4155070
4155780
4156010
4156050
4156320
4156410
4157740
4157780
4158400
4158870
4158970
4159140
4159240
4159390
4160160
4160210
4160230
4160930
4161240
4161430
4161480
4161680
4162040
4162160
4162300
4162600
4163600
4163900
4163980
4164250
4164310
4164420
4164580
4164630
4164900
4165220
4165310
4165600
4166590
4166680
4167250
4167320
4169210
4169300
4169370
4169780
4169940
4170170
4172530
4172680
4172690
4173130
4173830
4174170
4174310
4174900
4175590
4175790
4176500
4176990
4177400
4177410
4177730
4178160
4178290
4178700
4178710
4178730
4178780
4179020
4179190
4180250
4180390
4181030
4181050
4181110
4181690
4181740
4181800
4182060
4182230
4182480
4182620
4184320
4184690
4184910
4185020
4185580
4185610
4185620
4185630
4185640
4185650
4185660
4185670
4185680
4185690
4185700
4185710
4185720
4186090
4186120
4186290
4186330
4186430
4186480
4186500
4186730
4186760
4187140
4187670
4187940
4188720
4189530
4189740
4189800
4189910
4190070
4190170
4190270
4190290
4190600
4190630
4191720
4192190
4192240
4192600
4192610
4192650
4193270
4193510
4193840
4194200
4194610
4194800
4195400
4195470
4195500
4195570
4195790
4196030
4196200
4196670
4196740
4197260
4197410
4197610
4197970
4198010
4198030
4198310
4198720
4198820
4199070
4199360
4199430
4200550
4201490
4201710
4201920
4202260
4202570
4202580
4203780
4203880
4203930
4203940
4203960
4204170
4204940
4205060
4205860
4206120
4206890
4206960
4207050
4207080
4207540
4207670
4207860
4208530
4208790
4209140
4209370
4209540
4209630
4209810
4210870
4211070
4211830
4211980
4212070
4212210
4212340
4213370
4214290
4214380
4214390
4214400
4214410
4214420
4214430
4214440
4214450
4214460
4214470
4214480
4214490
4214500
4214510
4214520
4214530
4214820
4215010
4216670
4217380
4217460
4217610
4218460
4218650
4219030
4219340
4219930
4220080
4220160
4220370
4220440
4220520
4221530
4221770
4221950
4222340
4222590
4222760
4223320
4223440
4223590
4224500
4224800
4224900
4225810
4225940
4226000
4226350
4226370
4226770
4227400
4227680
4227700
4228540
4229510
4229770
4229920
4230980
4231610
4232270
4232860
4232870
4232890
4233260
4233640
4233940
4234230
4234270
4234350
4234740
4235540
4235650
4235830
4235930
4236560
4236590
4237200
4237210
4238250
4239840
4239850
4239860
4239870
4239880
4239900
4239910
4239920
4239930
4239940
4239980
4240090
4240580
4240730
4241290
4241410
4241420
4241510
4241520
4242290
4242820
4243340
4243370
4243380
4243720
4244510
4244660
4245650
4245800
4248590
4248830
4249140
4249370
4249650
4249770
4250010
4250510
4251850
4251950
4251960
4251970
4251980
4251990
4252000
4253760
4253980
4254140
4254400
4255580
4256310
4257850
4258210
4258390
4258510
4258870
4260530
4260800
4261980
4262310
4262440
4262610
4264230
4265080
4265120
4267430
4267840
4268470
4269040
4270390
4270630
4270720
4270730
4271160
4271450
4272540
4273100
4273120
4274700
4275420
4276980
4279530
4279980
4280140
4280630
4282260
4282710
4282980
4283320
4283360
4284570
4284680
4285070
4285470
4285690
4286550
4288930
4289400
4291080
4291500
4292050
4296960
4298120
4298880
4299770
4299860
4299950
4299970
4300320
4300430
4301090
4301100
4304230
4304620
4304930
4306470
4306810
4306920
4306990
4307250
4307340
4308010
4309030
4309650
4309700
4310080
4310570
4311000
4312180
4314030
4314040
4314430
4314550
4314560
4314640
4314650
4315850
4319350
4320230
4321130
4321180
4321300
4321500
4324040
4327100
4327360
4327380
4327530
4328400
4328680
4330990
4331000
4331610
4332160
4332610
4333530
4333540
4334620
4334940
4335060
4337210
4337660
4337830
4338290
4338800
4339880
4341360
4343280
4343400
4345670
4347800
4348650
4348790
4349060
4349820
4349830
4350180
4350230
4350520
4350590
4353580
4353600
4354050
4355970
4357350
4358410
4360200
4360980
4361600
4364230
4366380
4367150
4367160
4367170
4367730
4371590
4371780
4373940
4376120
4377100
4379740
4381240
4382250
4382370
4382900
4383750
4384120
4384400
4386860
4386870
4386880
4387110
4388920
4390960
4391750
4393540
4394810
4395170
4395300
4395420
4396570
4397430
4398360
4398370
4398530
4398960
4401160
4401660
4402590
4403030
4404820
4406010
4409060
4410610
4416280
4421350
4426850
4428400
4428790
4429950
4430450
4431750
4432340
4432350
4437200
4438390
4438820
4447550
4449070
4449390
4450160
4450350
4450550
4451320
4456310
4457480
4457550
4460060
4460130
4462790
4462970
4463020
4463100
4464630
4466620
4468740
4474670
4474950
4478420
4478540
4479970
4480190
4481350
4482960
4484100
4484400
4484970
4486210
4486290
4486310
4488860
4489770
4491190
4491220
4491310
4491980
4492860
4500240
4501300
4501310
4501580
4501590
4501600
4501610
4501620
4503540
4503950
4504630
4505700
4506610
4509610
4510820
4510830
4510980
4512330
4514270
4519130
4520940
4521340
4522520
4522660
4526660
4527750
4527930
4528730
4529260
4529360
4534020
4535570
4539480
4541410
4546000
4546080
4549960
4549970
4552380
4553760
4559600
4559800
4562850
4563320
4564320
4567000
4575390
4575460
4579960
4581410
4587800
4591630
4591780
4598080
4603110
4603500
4605610
4605810
4612930
4617690
4618180
4625240
4630570
4631800
4632470
4637330
4640030
4641700
4654620
4655160
4656990
4658810
4659120
4660150
4660520
4668630
4668720
4669020
4670730
4671490
4671700
4683710
4687890
4704690
4711390
4731620
4731970
4738170
4763290
4764930
4778120
4788030
4794380
4830520
4834440
4834450
